;config;instance;run;solutionCosts;integerSolutionCosts;optimal;feasible;total running time;total setup costs;number of too late jobs;number of batches;solve_time;total_time;normalization_const_int_to_float_obj;solution_method;instance_number;objective
0;~/minizinc-executables/mzn-gurobi.sh ~/oven-scheduling-problem/solution-methods/minizinc-models/withLowerBounds/direct-batch-pos-batchcount-objective.mzn $file --time-limit 3600000 -v;../../instancesUC1withLB/mzn/1_oven_scheduling.minizinc_instance_1212-10.32.36.dzn;1;0.887809524;27966;1;1;34.0;15.0;9.0;7.0;0.5137;1.407206;31500.0;singleobj-mzn-gurobi-LB-noUB;1;batchcount
1;~/minizinc-executables/mzn-gurobi.sh $file ~/oven-scheduling-problem/solution-methods/minizinc-models/withLowerBounds/direct-batch-pos-warmstart-noUB-batchcount-objective.mzn $1 -d $2 --time-limit 3600000 -v;../../instancesUC1withLB/mzn/1_oven_scheduling.minizinc_instance_1212-10.32.36.dzn ../../instancesUC1withLB/mzn/warmstart/1_warm_start_01RandomOvenSchedulingInstance-n10-k2-a2-WithInitialStates.dzn;1;0.892253968;28106;1;1;39.0;17.0;9.0;7.0;0.5473;1.97208;31500.0;singleobj-mzn-gurobiWS-LB-noUB;1;batchcount
2;~/opl-executable/opl.sh ~/oven-scheduling-problem/solution-methods/cp-optimizer-models/withLB/interval-repr-jobs-noUB-batchcount.mod $file;../../instancesUC1withLB/opl/1_oven_scheduling.cpoptimizer_instance_1212-10.32.35.dat;1;0.000222222;7;1;1;36.0;15.0;9.0;7.0;0.09;0.18;31500.0;singleobj-opl-reprjob-LB-noUB;1;batchcount
3;~/opl-executable/opl.sh ~/oven-scheduling-problem/solution-methods/cp-optimizer-models/withLB/interval-repr-jobs-warmstart-noUB-batchcount.mod $file;../../instancesUC1withLB/opl/warmstartDataOplDec24/1_warm_start_01RandomOvenSchedulingInstance-n10-k2-a2-WithInitialStates.dat;1;0.000222222;7;1;1;36.0;15.0;9.0;7.0;0.06;0.08;31500.0;singleobj-opl-reprjob-LB-WS-noUB;1;batchcount
4;~/minizinc-executables/mzn-gurobi.sh ~/oven-scheduling-problem/solution-methods/minizinc-models/withLowerBounds/direct-batch-pos-ovenruntime-objective.mzn $file --time-limit 3600000 -v;../../instancesUC1withLB/mzn/1_oven_scheduling.minizinc_instance_1212-10.32.36.dzn;1;0.887809524;27966;1;1;34.0;15.0;9.0;7.0;0.639;1.218444;31500.0;singleobj-mzn-gurobi-LB-noUB;1;ovenruntime
5;~/minizinc-executables/mzn-gurobi.sh $file ~/oven-scheduling-problem/solution-methods/minizinc-models/withLowerBounds/direct-batch-pos-warmstart-noUB-ovenruntime-objective.mzn $1 -d $2 --time-limit 3600000 -v;../../instancesUC1withLB/mzn/1_oven_scheduling.minizinc_instance_1212-10.32.36.dzn ../../instancesUC1withLB/mzn/warmstart/1_warm_start_01RandomOvenSchedulingInstance-n10-k2-a2-WithInitialStates.dzn;1;0.983047619;30966;1;1;34.0;15.0;10.0;7.0;0.6376;1.027783;31500.0;singleobj-mzn-gurobiWS-LB-noUB;1;ovenruntime
6;~/opl-executable/opl.sh ~/oven-scheduling-problem/solution-methods/cp-optimizer-models/withLB/interval-repr-jobs-noUB-ovenruntime.mod $file;../../instancesUC1withLB/opl/1_oven_scheduling.cpoptimizer_instance_1212-10.32.35.dat;1;0.001079365;34;1;1;34.0;17.0;10.0;7.0;0.04;0.07;31500.0;singleobj-opl-reprjob-LB-noUB;1;ovenruntime
7;~/opl-executable/opl.sh ~/oven-scheduling-problem/solution-methods/cp-optimizer-models/withLB/interval-repr-jobs-warmstart-noUB-ovenruntime.mod $file;../../instancesUC1withLB/opl/warmstartDataOplDec24/1_warm_start_01RandomOvenSchedulingInstance-n10-k2-a2-WithInitialStates.dat;1;0.001079365;34;1;1;34.0;15.0;9.0;7.0;0.04;0.08;31500.0;singleobj-opl-reprjob-LB-WS-noUB;1;ovenruntime
8;~/minizinc-executables/mzn-gurobi.sh ~/oven-scheduling-problem/solution-methods/minizinc-models/withLowerBounds/direct-batch-pos-setupcosts-objective.mzn $file --time-limit 3600000 -v;../../instancesUC1withLB/mzn/1_oven_scheduling.minizinc_instance_1212-10.32.36.dzn;1;0.887809524;27966;1;1;34.0;15.0;9.0;7.0;0.528;1.199491;31500.0;singleobj-mzn-gurobi-LB-noUB;1;setupcosts
9;~/minizinc-executables/mzn-gurobi.sh $file ~/oven-scheduling-problem/solution-methods/minizinc-models/withLowerBounds/direct-batch-pos-warmstart-noUB-setupcosts-objective.mzn $1 -d $2 --time-limit 3600000 -v;../../instancesUC1withLB/mzn/1_oven_scheduling.minizinc_instance_1212-10.32.36.dzn ../../instancesUC1withLB/mzn/warmstart/1_warm_start_01RandomOvenSchedulingInstance-n10-k2-a2-WithInitialStates.dzn;1;0.986857143;31086;1;1;39.0;15.0;10.0;7.0;0.5251;0.902924;31500.0;singleobj-mzn-gurobiWS-LB-noUB;1;setupcosts
10;~/opl-executable/opl.sh ~/oven-scheduling-problem/solution-methods/cp-optimizer-models/withLB/interval-repr-jobs-noUB-setupcosts.mod $file;../../instancesUC1withLB/opl/1_oven_scheduling.cpoptimizer_instance_1212-10.32.35.dat;1;0.00047619;15;1;1;36.0;15.0;9.0;7.0;0.07;0.09;31500.0;singleobj-opl-reprjob-LB-noUB;1;setupcosts
11;~/opl-executable/opl.sh ~/oven-scheduling-problem/solution-methods/cp-optimizer-models/withLB/interval-repr-jobs-warmstart-noUB-setupcosts.mod $file;../../instancesUC1withLB/opl/warmstartDataOplDec24/1_warm_start_01RandomOvenSchedulingInstance-n10-k2-a2-WithInitialStates.dat;1;0.00047619;15;1;1;34.0;15.0;9.0;7.0;0.08;0.09;31500.0;singleobj-opl-reprjob-LB-WS-noUB;1;setupcosts
12;~/minizinc-executables/mzn-gurobi.sh ~/oven-scheduling-problem/solution-methods/minizinc-models/withLowerBounds/direct-batch-pos-tardiness-objective.mzn $file --time-limit 3600000 -v;../../instancesUC1withLB/mzn/1_oven_scheduling.minizinc_instance_1212-10.32.36.dzn;1;0.801904762;25260;1;1;45.0;18.0;8.0;8.0;0.4342;0.798999;31500.0;singleobj-mzn-gurobi-LB-noUB;1;tardiness
13;~/minizinc-executables/mzn-gurobi.sh $file ~/oven-scheduling-problem/solution-methods/minizinc-models/withLowerBounds/direct-batch-pos-warmstart-noUB-tardiness-objective.mzn $1 -d $2 --time-limit 3600000 -v;../../instancesUC1withLB/mzn/1_oven_scheduling.minizinc_instance_1212-10.32.36.dzn ../../instancesUC1withLB/mzn/warmstart/1_warm_start_01RandomOvenSchedulingInstance-n10-k2-a2-WithInitialStates.dzn;1;0.803174603;25300;1;1;45.0;22.0;8.0;10.0;0.4752;1.141761;31500.0;singleobj-mzn-gurobiWS-LB-noUB;1;tardiness
14;~/opl-executable/opl.sh ~/oven-scheduling-problem/solution-methods/cp-optimizer-models/withLB/interval-repr-jobs-noUB-tardiness.mod $file;../../instancesUC1withLB/opl/1_oven_scheduling.cpoptimizer_instance_1212-10.32.35.dat;1;0.000253968;8;1;1;45.0;26.0;8.0;10.0;0.22;0.24;31500.0;singleobj-opl-reprjob-LB-noUB;1;tardiness
15;~/opl-executable/opl.sh ~/oven-scheduling-problem/solution-methods/cp-optimizer-models/withLB/interval-repr-jobs-warmstart-noUB-tardiness.mod $file;../../instancesUC1withLB/opl/warmstartDataOplDec24/1_warm_start_01RandomOvenSchedulingInstance-n10-k2-a2-WithInitialStates.dat;1;0.000253968;8;1;1;45.0;26.0;8.0;10.0;0.24;0.27;31500.0;singleobj-opl-reprjob-LB-WS-noUB;1;tardiness
16;~/minizinc-executables/mzn-gurobi.sh ~/oven-scheduling-problem/solution-methods/minizinc-models/withLowerBounds/direct-batch-pos-batchcount-objective.mzn $file --time-limit 3600000 -v;../../instancesUC1withLB/mzn/2_oven_scheduling.minizinc_instance_1212-10.32.38.dzn;1;0.97968254;24688;1;1;48.0;14.0;10.0;6.0;0.5255;1.422552;25200.0;singleobj-mzn-gurobi-LB-noUB;2;batchcount
17;~/minizinc-executables/mzn-gurobi.sh $file ~/oven-scheduling-problem/solution-methods/minizinc-models/withLowerBounds/direct-batch-pos-warmstart-noUB-batchcount-objective.mzn $1 -d $2 --time-limit 3600000 -v;../../instancesUC1withLB/mzn/2_oven_scheduling.minizinc_instance_1212-10.32.38.dzn ../../instancesUC1withLB/mzn/warmstart/2_warm_start_02RandomOvenSchedulingInstance-n10-k2-a2-WithInitialStates.dzn;1;0.97968254;24688;1;1;48.0;14.0;10.0;6.0;0.5408;1.62435;25200.0;singleobj-mzn-gurobiWS-LB-noUB;2;batchcount
18;~/opl-executable/opl.sh ~/oven-scheduling-problem/solution-methods/cp-optimizer-models/withLB/interval-repr-jobs-noUB-batchcount.mod $file;../../instancesUC1withLB/opl/2_oven_scheduling.cpoptimizer_instance_1212-10.32.37.dat;1;0.000238095;6;1;1;47.0;14.0;10.0;6.0;0.15;0.37;25200.0;singleobj-opl-reprjob-LB-noUB;2;batchcount
19;~/opl-executable/opl.sh ~/oven-scheduling-problem/solution-methods/cp-optimizer-models/withLB/interval-repr-jobs-warmstart-noUB-batchcount.mod $file;../../instancesUC1withLB/opl/warmstartDataOplDec24/2_warm_start_02RandomOvenSchedulingInstance-n10-k2-a2-WithInitialStates.dat;1;0.000238095;6;1;1;47.0;12.0;10.0;6.0;0.01;0.04;25200.0;singleobj-opl-reprjob-LB-WS-noUB;2;batchcount
20;~/minizinc-executables/mzn-gurobi.sh ~/oven-scheduling-problem/solution-methods/minizinc-models/withLowerBounds/direct-batch-pos-ovenruntime-objective.mzn $file --time-limit 3600000 -v;../../instancesUC1withLB/mzn/2_oven_scheduling.minizinc_instance_1212-10.32.38.dzn;1;0.977936508;24644;1;1;47.0;10.0;10.0;6.0;1.0149;1.60012;25200.0;singleobj-mzn-gurobi-LB-noUB;2;ovenruntime
21;~/minizinc-executables/mzn-gurobi.sh $file ~/oven-scheduling-problem/solution-methods/minizinc-models/withLowerBounds/direct-batch-pos-warmstart-noUB-ovenruntime-objective.mzn $1 -d $2 --time-limit 3600000 -v;../../instancesUC1withLB/mzn/2_oven_scheduling.minizinc_instance_1212-10.32.38.dzn ../../instancesUC1withLB/mzn/warmstart/2_warm_start_02RandomOvenSchedulingInstance-n10-k2-a2-WithInitialStates.dzn;1;0.97984127;24692;1;1;47.0;16.0;10.0;6.0;1.3697;1.83747;25200.0;singleobj-mzn-gurobiWS-LB-noUB;2;ovenruntime
22;~/opl-executable/opl.sh ~/oven-scheduling-problem/solution-methods/cp-optimizer-models/withLB/interval-repr-jobs-noUB-ovenruntime.mod $file;../../instancesUC1withLB/opl/2_oven_scheduling.cpoptimizer_instance_1212-10.32.37.dat;1;0.001865079;47;1;1;47.0;14.0;10.0;6.0;0.04;0.07;25200.0;singleobj-opl-reprjob-LB-noUB;2;ovenruntime
23;~/opl-executable/opl.sh ~/oven-scheduling-problem/solution-methods/cp-optimizer-models/withLB/interval-repr-jobs-warmstart-noUB-ovenruntime.mod $file;../../instancesUC1withLB/opl/warmstartDataOplDec24/2_warm_start_02RandomOvenSchedulingInstance-n10-k2-a2-WithInitialStates.dat;1;0.001865079;47;1;1;47.0;14.0;10.0;6.0;0.04;0.06;25200.0;singleobj-opl-reprjob-LB-WS-noUB;2;ovenruntime
24;~/minizinc-executables/mzn-gurobi.sh ~/oven-scheduling-problem/solution-methods/minizinc-models/withLowerBounds/direct-batch-pos-setupcosts-objective.mzn $file --time-limit 3600000 -v;../../instancesUC1withLB/mzn/2_oven_scheduling.minizinc_instance_1212-10.32.38.dzn;1;0.978412698;24656;1;1;48.0;10.0;10.0;6.0;0.6592;1.028912;25200.0;singleobj-mzn-gurobi-LB-noUB;2;setupcosts
25;~/minizinc-executables/mzn-gurobi.sh $file ~/oven-scheduling-problem/solution-methods/minizinc-models/withLowerBounds/direct-batch-pos-warmstart-noUB-setupcosts-objective.mzn $1 -d $2 --time-limit 3600000 -v;../../instancesUC1withLB/mzn/2_oven_scheduling.minizinc_instance_1212-10.32.38.dzn ../../instancesUC1withLB/mzn/warmstart/2_warm_start_02RandomOvenSchedulingInstance-n10-k2-a2-WithInitialStates.dzn;1;0.978412698;24656;1;1;48.0;10.0;10.0;6.0;0.6747;1.042836;25200.0;singleobj-mzn-gurobiWS-LB-noUB;2;setupcosts
26;~/opl-executable/opl.sh ~/oven-scheduling-problem/solution-methods/cp-optimizer-models/withLB/interval-repr-jobs-noUB-setupcosts.mod $file;../../instancesUC1withLB/opl/2_oven_scheduling.cpoptimizer_instance_1212-10.32.37.dat;1;0.000396825;10;1;1;47.0;10.0;10.0;6.0;1.08;1.1;25200.0;singleobj-opl-reprjob-LB-noUB;2;setupcosts
27;~/opl-executable/opl.sh ~/oven-scheduling-problem/solution-methods/cp-optimizer-models/withLB/interval-repr-jobs-warmstart-noUB-setupcosts.mod $file;../../instancesUC1withLB/opl/warmstartDataOplDec24/2_warm_start_02RandomOvenSchedulingInstance-n10-k2-a2-WithInitialStates.dat;1;0.000396825;10;1;1;47.0;10.0;10.0;6.0;1.09;1.11;25200.0;singleobj-opl-reprjob-LB-WS-noUB;2;setupcosts
28;~/minizinc-executables/mzn-gurobi.sh ~/oven-scheduling-problem/solution-methods/minizinc-models/withLowerBounds/direct-batch-pos-tardiness-objective.mzn $file --time-limit 3600000 -v;../../instancesUC1withLB/mzn/2_oven_scheduling.minizinc_instance_1212-10.32.38.dzn;1;0.980793651;24716;1;1;51.0;13.0;10.0;7.0;0.599;0.981578;25200.0;singleobj-mzn-gurobi-LB-noUB;2;tardiness
29;~/minizinc-executables/mzn-gurobi.sh $file ~/oven-scheduling-problem/solution-methods/minizinc-models/withLowerBounds/direct-batch-pos-warmstart-noUB-tardiness-objective.mzn $1 -d $2 --time-limit 3600000 -v;../../instancesUC1withLB/mzn/2_oven_scheduling.minizinc_instance_1212-10.32.38.dzn ../../instancesUC1withLB/mzn/warmstart/2_warm_start_02RandomOvenSchedulingInstance-n10-k2-a2-WithInitialStates.dzn;1;0.984285714;24804;1;1;57.0;15.0;10.0;7.0;0.396;0.796024;25200.0;singleobj-mzn-gurobiWS-LB-noUB;2;tardiness
30;~/opl-executable/opl.sh ~/oven-scheduling-problem/solution-methods/cp-optimizer-models/withLB/interval-repr-jobs-noUB-tardiness.mod $file;../../instancesUC1withLB/opl/2_oven_scheduling.cpoptimizer_instance_1212-10.32.37.dat;1;0.000396825;10;1;1;56.0;15.0;10.0;7.0;0.0;0.02;25200.0;singleobj-opl-reprjob-LB-noUB;2;tardiness
31;~/opl-executable/opl.sh ~/oven-scheduling-problem/solution-methods/cp-optimizer-models/withLB/interval-repr-jobs-warmstart-noUB-tardiness.mod $file;../../instancesUC1withLB/opl/warmstartDataOplDec24/2_warm_start_02RandomOvenSchedulingInstance-n10-k2-a2-WithInitialStates.dat;1;0.000396825;10;1;1;51.0;13.0;10.0;7.0;0.0;0.02;25200.0;singleobj-opl-reprjob-LB-WS-noUB;2;tardiness
32;~/minizinc-executables/mzn-gurobi.sh $file ~/oven-scheduling-problem/solution-methods/minizinc-models/withLowerBounds/direct-batch-pos-warmstart-noUB-batchcount-objective.mzn $1 -d $2 --time-limit 3600000 -v;../../instancesUC1withLB/mzn/3_oven_scheduling.minizinc_instance_1212-10.32.40.dzn ../../instancesUC1withLB/mzn/warmstart/3_warm_start_03RandomOvenSchedulingInstance-n10-k2-a2-WithInitialStates.dzn;1;0.505079365;3182;1;1;44.0;2.0;5.0;7.0;0.6467;1.72996;6300.0;singleobj-mzn-gurobiWS-LB-noUB;3;batchcount
33;~/opl-executable/opl.sh ~/oven-scheduling-problem/solution-methods/cp-optimizer-models/withLB/interval-repr-jobs-noUB-batchcount.mod $file;../../instancesUC1withLB/opl/3_oven_scheduling.cpoptimizer_instance_1212-10.32.39.dat;1;0.001111111;7;1;1;43.0;3.0;9.0;7.0;0.17;0.4;6300.0;singleobj-opl-reprjob-LB-noUB;3;batchcount
34;~/opl-executable/opl.sh ~/oven-scheduling-problem/solution-methods/cp-optimizer-models/withLB/interval-repr-jobs-warmstart-noUB-batchcount.mod $file;../../instancesUC1withLB/opl/warmstartDataOplDec24/3_warm_start_03RandomOvenSchedulingInstance-n10-k2-a2-WithInitialStates.dat;1;0.001111111;7;1;1;43.0;3.0;4.0;7.0;0.04;0.08;6300.0;singleobj-opl-reprjob-LB-WS-noUB;3;batchcount
35;~/minizinc-executables/mzn-gurobi.sh $file ~/oven-scheduling-problem/solution-methods/minizinc-models/withLowerBounds/direct-batch-pos-warmstart-noUB-ovenruntime-objective.mzn $1 -d $2 --time-limit 3600000 -v;../../instancesUC1withLB/mzn/3_oven_scheduling.minizinc_instance_1212-10.32.40.dzn ../../instancesUC1withLB/mzn/warmstart/3_warm_start_03RandomOvenSchedulingInstance-n10-k2-a2-WithInitialStates.dzn;1;0.78968254;4975;1;1;43.0;1.0;8.0;7.0;1.4998;1.85657;6300.0;singleobj-mzn-gurobiWS-LB-noUB;3;ovenruntime
36;~/opl-executable/opl.sh ~/oven-scheduling-problem/solution-methods/cp-optimizer-models/withLB/interval-repr-jobs-noUB-ovenruntime.mod $file;../../instancesUC1withLB/opl/3_oven_scheduling.cpoptimizer_instance_1212-10.32.39.dat;1;0.006825397;43;1;1;43.0;3.0;7.0;7.0;0.09;0.11;6300.0;singleobj-opl-reprjob-LB-noUB;3;ovenruntime
37;~/opl-executable/opl.sh ~/oven-scheduling-problem/solution-methods/cp-optimizer-models/withLB/interval-repr-jobs-warmstart-noUB-ovenruntime.mod $file;../../instancesUC1withLB/opl/warmstartDataOplDec24/3_warm_start_03RandomOvenSchedulingInstance-n10-k2-a2-WithInitialStates.dat;1;0.006825397;43;1;1;43.0;3.0;4.0;7.0;0.05;0.08;6300.0;singleobj-opl-reprjob-LB-WS-noUB;3;ovenruntime
38;~/minizinc-executables/mzn-gurobi.sh $file ~/oven-scheduling-problem/solution-methods/minizinc-models/withLowerBounds/direct-batch-pos-warmstart-noUB-setupcosts-objective.mzn $1 -d $2 --time-limit 3600000 -v;../../instancesUC1withLB/mzn/3_oven_scheduling.minizinc_instance_1212-10.32.40.dzn ../../instancesUC1withLB/mzn/warmstart/3_warm_start_03RandomOvenSchedulingInstance-n10-k2-a2-WithInitialStates.dzn;1;0.795396825;5011;1;1;52.0;1.0;8.0;8.0;0.6653;1.057689;6300.0;singleobj-mzn-gurobiWS-LB-noUB;3;setupcosts
39;~/opl-executable/opl.sh ~/oven-scheduling-problem/solution-methods/cp-optimizer-models/withLB/interval-repr-jobs-noUB-setupcosts.mod $file;../../instancesUC1withLB/opl/3_oven_scheduling.cpoptimizer_instance_1212-10.32.39.dat;1;0.00015873;1;1;1;56.0;1.0;8.0;9.0;38.68;38.71;6300.0;singleobj-opl-reprjob-LB-noUB;3;setupcosts
40;~/opl-executable/opl.sh ~/oven-scheduling-problem/solution-methods/cp-optimizer-models/withLB/interval-repr-jobs-warmstart-noUB-setupcosts.mod $file;../../instancesUC1withLB/opl/warmstartDataOplDec24/3_warm_start_03RandomOvenSchedulingInstance-n10-k2-a2-WithInitialStates.dat;1;0.00015873;1;1;1;43.0;1.0;6.0;7.0;43.91;43.93;6300.0;singleobj-opl-reprjob-LB-WS-noUB;3;setupcosts
41;~/minizinc-executables/mzn-gurobi.sh ~/oven-scheduling-problem/solution-methods/minizinc-models/withLowerBounds/direct-batch-pos-tardiness-objective.mzn $file --time-limit 3600000 -v;../../instancesUC1withLB/mzn/3_oven_scheduling.minizinc_instance_1212-10.32.40.dzn;1;0.226507937;1427;1;1;53.0;5.0;2.0;9.0;0.4346;0.792054;6300.0;singleobj-mzn-gurobi-LB-noUB;3;tardiness
42;~/minizinc-executables/mzn-gurobi.sh $file ~/oven-scheduling-problem/solution-methods/minizinc-models/withLowerBounds/direct-batch-pos-warmstart-noUB-tardiness-objective.mzn $1 -d $2 --time-limit 3600000 -v;../../instancesUC1withLB/mzn/3_oven_scheduling.minizinc_instance_1212-10.32.40.dzn ../../instancesUC1withLB/mzn/warmstart/3_warm_start_03RandomOvenSchedulingInstance-n10-k2-a2-WithInitialStates.dzn;1;0.22968254;1447;1;1;58.0;5.0;2.0;10.0;0.3855;0.755232;6300.0;singleobj-mzn-gurobiWS-LB-noUB;3;tardiness
43;~/opl-executable/opl.sh ~/oven-scheduling-problem/solution-methods/cp-optimizer-models/withLB/interval-repr-jobs-noUB-tardiness.mod $file;../../instancesUC1withLB/opl/3_oven_scheduling.cpoptimizer_instance_1212-10.32.39.dat;1;0.00031746;2;1;1;58.0;4.0;2.0;10.0;0.02;0.06;6300.0;singleobj-opl-reprjob-LB-noUB;3;tardiness
44;~/opl-executable/opl.sh ~/oven-scheduling-problem/solution-methods/cp-optimizer-models/withLB/interval-repr-jobs-warmstart-noUB-tardiness.mod $file;../../instancesUC1withLB/opl/warmstartDataOplDec24/3_warm_start_03RandomOvenSchedulingInstance-n10-k2-a2-WithInitialStates.dat;1;0.00031746;2;1;1;58.0;5.0;2.0;10.0;0.01;0.03;6300.0;singleobj-opl-reprjob-LB-WS-noUB;3;tardiness
45;~/minizinc-executables/mzn-gurobi.sh ~/oven-scheduling-problem/solution-methods/minizinc-models/withLowerBounds/direct-batch-pos-batchcount-objective.mzn $file --time-limit 3600000 -v;../../instancesUC1withLB/mzn/4_oven_scheduling.minizinc_instance_1212-10.32.41.dzn;1;0.492380952;3102;1;1;22.0;7.0;5.0;3.0;0.5279;1.508669;6300.0;singleobj-mzn-gurobi-LB-noUB;4;batchcount
46;~/minizinc-executables/mzn-gurobi.sh $file ~/oven-scheduling-problem/solution-methods/minizinc-models/withLowerBounds/direct-batch-pos-warmstart-noUB-batchcount-objective.mzn $1 -d $2 --time-limit 3600000 -v;../../instancesUC1withLB/mzn/4_oven_scheduling.minizinc_instance_1212-10.32.41.dzn ../../instancesUC1withLB/mzn/warmstart/4_warm_start_04RandomOvenSchedulingInstance-n10-k2-a2-WithInitialStates.dzn;1;0.589206349;3712;1;1;24.0;8.0;6.0;3.0;0.4867;1.54426;6300.0;singleobj-mzn-gurobiWS-LB-noUB;4;batchcount
47;~/opl-executable/opl.sh ~/oven-scheduling-problem/solution-methods/cp-optimizer-models/withLB/interval-repr-jobs-noUB-batchcount.mod $file;../../instancesUC1withLB/opl/4_oven_scheduling.cpoptimizer_instance_1212-10.32.41.dat;1;0.00047619;3;1;1;22.0;8.0;6.0;3.0;0.2;0.43;6300.0;singleobj-opl-reprjob-LB-noUB;4;batchcount
48;~/opl-executable/opl.sh ~/oven-scheduling-problem/solution-methods/cp-optimizer-models/withLB/interval-repr-jobs-warmstart-noUB-batchcount.mod $file;../../instancesUC1withLB/opl/warmstartDataOplDec24/4_warm_start_04RandomOvenSchedulingInstance-n10-k2-a2-WithInitialStates.dat;1;0.00047619;3;1;1;24.0;8.0;6.0;3.0;0.02;0.06;6300.0;singleobj-opl-reprjob-LB-WS-noUB;4;batchcount
49;~/minizinc-executables/mzn-gurobi.sh ~/oven-scheduling-problem/solution-methods/minizinc-models/withLowerBounds/direct-batch-pos-ovenruntime-objective.mzn $file --time-limit 3600000 -v;../../instancesUC1withLB/mzn/4_oven_scheduling.minizinc_instance_1212-10.32.41.dzn;1;0.492380952;3102;1;1;22.0;7.0;5.0;3.0;0.4962;1.09683;6300.0;singleobj-mzn-gurobi-LB-noUB;4;ovenruntime
50;~/minizinc-executables/mzn-gurobi.sh $file ~/oven-scheduling-problem/solution-methods/minizinc-models/withLowerBounds/direct-batch-pos-warmstart-noUB-ovenruntime-objective.mzn $1 -d $2 --time-limit 3600000 -v;../../instancesUC1withLB/mzn/4_oven_scheduling.minizinc_instance_1212-10.32.41.dzn ../../instancesUC1withLB/mzn/warmstart/4_warm_start_04RandomOvenSchedulingInstance-n10-k2-a2-WithInitialStates.dzn;1;0.587936508;3704;1;1;22.0;8.0;6.0;3.0;0.3939;0.766633;6300.0;singleobj-mzn-gurobiWS-LB-noUB;4;ovenruntime
51;~/opl-executable/opl.sh ~/oven-scheduling-problem/solution-methods/cp-optimizer-models/withLB/interval-repr-jobs-noUB-ovenruntime.mod $file;../../instancesUC1withLB/opl/4_oven_scheduling.cpoptimizer_instance_1212-10.32.41.dat;1;0.003492063;22;1;1;22.0;8.0;8.0;3.0;0.04;0.08;6300.0;singleobj-opl-reprjob-LB-noUB;4;ovenruntime
52;~/opl-executable/opl.sh ~/oven-scheduling-problem/solution-methods/cp-optimizer-models/withLB/interval-repr-jobs-warmstart-noUB-ovenruntime.mod $file;../../instancesUC1withLB/opl/warmstartDataOplDec24/4_warm_start_04RandomOvenSchedulingInstance-n10-k2-a2-WithInitialStates.dat;1;0.003492063;22;1;1;22.0;8.0;6.0;3.0;0.0;0.03;6300.0;singleobj-opl-reprjob-LB-WS-noUB;4;ovenruntime
53;~/minizinc-executables/mzn-gurobi.sh ~/oven-scheduling-problem/solution-methods/minizinc-models/withLowerBounds/direct-batch-pos-setupcosts-objective.mzn $file --time-limit 3600000 -v;../../instancesUC1withLB/mzn/4_oven_scheduling.minizinc_instance_1212-10.32.41.dzn;1;0.492380952;3102;1;1;22.0;7.0;5.0;3.0;0.4621;0.834917;6300.0;singleobj-mzn-gurobi-LB-noUB;4;setupcosts
54;~/minizinc-executables/mzn-gurobi.sh $file ~/oven-scheduling-problem/solution-methods/minizinc-models/withLowerBounds/direct-batch-pos-warmstart-noUB-setupcosts-objective.mzn $1 -d $2 --time-limit 3600000 -v;../../instancesUC1withLB/mzn/4_oven_scheduling.minizinc_instance_1212-10.32.41.dzn ../../instancesUC1withLB/mzn/warmstart/4_warm_start_04RandomOvenSchedulingInstance-n10-k2-a2-WithInitialStates.dzn;1;0.874603175;5510;1;1;24.0;7.0;9.0;3.0;0.3921;0.790545;6300.0;singleobj-mzn-gurobiWS-LB-noUB;4;setupcosts
55;~/opl-executable/opl.sh ~/oven-scheduling-problem/solution-methods/cp-optimizer-models/withLB/interval-repr-jobs-noUB-setupcosts.mod $file;../../instancesUC1withLB/opl/4_oven_scheduling.cpoptimizer_instance_1212-10.32.41.dat;1;0.001111111;7;1;1;22.0;7.0;5.0;3.0;0.05;0.07;6300.0;singleobj-opl-reprjob-LB-noUB;4;setupcosts
56;~/opl-executable/opl.sh ~/oven-scheduling-problem/solution-methods/cp-optimizer-models/withLB/interval-repr-jobs-warmstart-noUB-setupcosts.mod $file;../../instancesUC1withLB/opl/warmstartDataOplDec24/4_warm_start_04RandomOvenSchedulingInstance-n10-k2-a2-WithInitialStates.dat;1;0.001111111;7;1;1;24.0;7.0;7.0;3.0;0.01;0.03;6300.0;singleobj-opl-reprjob-LB-WS-noUB;4;setupcosts
57;~/minizinc-executables/mzn-gurobi.sh ~/oven-scheduling-problem/solution-methods/minizinc-models/withLowerBounds/direct-batch-pos-tardiness-objective.mzn $file --time-limit 3600000 -v;../../instancesUC1withLB/mzn/4_oven_scheduling.minizinc_instance_1212-10.32.41.dzn;1;0.515873016;3250;1;1;53.0;19.0;5.0;8.0;3.0357;3.412128;6300.0;singleobj-mzn-gurobi-LB-noUB;4;tardiness
58;~/minizinc-executables/mzn-gurobi.sh $file ~/oven-scheduling-problem/solution-methods/minizinc-models/withLowerBounds/direct-batch-pos-warmstart-noUB-tardiness-objective.mzn $1 -d $2 --time-limit 3600000 -v;../../instancesUC1withLB/mzn/4_oven_scheduling.minizinc_instance_1212-10.32.41.dzn ../../instancesUC1withLB/mzn/warmstart/4_warm_start_04RandomOvenSchedulingInstance-n10-k2-a2-WithInitialStates.dzn;1;0.498095238;3138;1;1;29.0;11.0;5.0;4.0;2.6003;2.978009;6300.0;singleobj-mzn-gurobiWS-LB-noUB;4;tardiness
59;~/opl-executable/opl.sh ~/oven-scheduling-problem/solution-methods/cp-optimizer-models/withLB/interval-repr-jobs-noUB-tardiness.mod $file;../../instancesUC1withLB/opl/4_oven_scheduling.cpoptimizer_instance_1212-10.32.41.dat;1;0.000793651;5;1;1;22.0;7.0;5.0;3.0;0.52;0.55;6300.0;singleobj-opl-reprjob-LB-noUB;4;tardiness
60;~/opl-executable/opl.sh ~/oven-scheduling-problem/solution-methods/cp-optimizer-models/withLB/interval-repr-jobs-warmstart-noUB-tardiness.mod $file;../../instancesUC1withLB/opl/warmstartDataOplDec24/4_warm_start_04RandomOvenSchedulingInstance-n10-k2-a2-WithInitialStates.dat;1;0.000793651;5;1;1;24.0;10.0;5.0;4.0;0.69;0.71;6300.0;singleobj-opl-reprjob-LB-WS-noUB;4;tardiness
61;~/minizinc-executables/mzn-gurobi.sh $file ~/oven-scheduling-problem/solution-methods/minizinc-models/withLowerBounds/direct-batch-pos-warmstart-noUB-batchcount-objective.mzn $1 -d $2 --time-limit 3600000 -v;../../instancesUC1withLB/mzn/5_oven_scheduling.minizinc_instance_1212-10.32.43.dzn ../../instancesUC1withLB/mzn/warmstart/5_warm_start_05RandomOvenSchedulingInstance-n10-k2-a2-WithInitialStates.dzn;1;0.685298303;2629284;1;1;245.0;56.0;7.0;4.0;0.6405;1.69793;3836700.0;singleobj-mzn-gurobiWS-LB-noUB;5;batchcount
62;~/opl-executable/opl.sh ~/oven-scheduling-problem/solution-methods/cp-optimizer-models/withLB/interval-repr-jobs-noUB-batchcount.mod $file;../../instancesUC1withLB/opl/5_oven_scheduling.cpoptimizer_instance_1212-10.32.43.dat;1;1.04e-06;4;1;1;245.0;58.0;8.0;4.0;0.17;0.39;3836700.0;singleobj-opl-reprjob-LB-noUB;5;batchcount
63;~/opl-executable/opl.sh ~/oven-scheduling-problem/solution-methods/cp-optimizer-models/withLB/interval-repr-jobs-warmstart-noUB-batchcount.mod $file;../../instancesUC1withLB/opl/warmstartDataOplDec24/5_warm_start_05RandomOvenSchedulingInstance-n10-k2-a2-WithInitialStates.dat;1;1.04e-06;4;1;1;245.0;58.0;7.0;4.0;0.03;0.06;3836700.0;singleobj-opl-reprjob-LB-WS-noUB;5;batchcount
64;~/minizinc-executables/mzn-gurobi.sh $file ~/oven-scheduling-problem/solution-methods/minizinc-models/withLowerBounds/direct-batch-pos-warmstart-noUB-ovenruntime-objective.mzn $1 -d $2 --time-limit 3600000 -v;../../instancesUC1withLB/mzn/5_oven_scheduling.minizinc_instance_1212-10.32.43.dzn ../../instancesUC1withLB/mzn/warmstart/5_warm_start_05RandomOvenSchedulingInstance-n10-k2-a2-WithInitialStates.dzn;1;0.590060208;2263884;1;1;245.0;56.0;6.0;4.0;1.7292;2.089893;3836700.0;singleobj-mzn-gurobiWS-LB-noUB;5;ovenruntime
65;~/opl-executable/opl.sh ~/oven-scheduling-problem/solution-methods/cp-optimizer-models/withLB/interval-repr-jobs-noUB-ovenruntime.mod $file;../../instancesUC1withLB/opl/5_oven_scheduling.cpoptimizer_instance_1212-10.32.43.dat;1;6.39e-05;245;1;1;245.0;56.0;10.0;4.0;0.04;0.08;3836700.0;singleobj-opl-reprjob-LB-noUB;5;ovenruntime
66;~/opl-executable/opl.sh ~/oven-scheduling-problem/solution-methods/cp-optimizer-models/withLB/interval-repr-jobs-warmstart-noUB-ovenruntime.mod $file;../../instancesUC1withLB/opl/warmstartDataOplDec24/5_warm_start_05RandomOvenSchedulingInstance-n10-k2-a2-WithInitialStates.dat;1;6.39e-05;245;1;1;245.0;58.0;7.0;4.0;0.08;0.09;3836700.0;singleobj-opl-reprjob-LB-WS-noUB;5;ovenruntime
67;~/minizinc-executables/mzn-gurobi.sh $file ~/oven-scheduling-problem/solution-methods/minizinc-models/withLowerBounds/direct-batch-pos-warmstart-noUB-setupcosts-objective.mzn $1 -d $2 --time-limit 3600000 -v;../../instancesUC1withLB/mzn/5_oven_scheduling.minizinc_instance_1212-10.32.43.dzn ../../instancesUC1withLB/mzn/warmstart/5_warm_start_05RandomOvenSchedulingInstance-n10-k2-a2-WithInitialStates.dzn;1;0.780536398;2994684;1;1;245.0;56.0;8.0;4.0;1.5231;1.898767;3836700.0;singleobj-mzn-gurobiWS-LB-noUB;5;setupcosts
68;~/opl-executable/opl.sh ~/oven-scheduling-problem/solution-methods/cp-optimizer-models/withLB/interval-repr-jobs-noUB-setupcosts.mod $file;../../instancesUC1withLB/opl/5_oven_scheduling.cpoptimizer_instance_1212-10.32.43.dat;1;1.46e-05;56;1;1;245.0;56.0;5.0;4.0;0.16;0.18;3836700.0;singleobj-opl-reprjob-LB-noUB;5;setupcosts
69;~/opl-executable/opl.sh ~/oven-scheduling-problem/solution-methods/cp-optimizer-models/withLB/interval-repr-jobs-warmstart-noUB-setupcosts.mod $file;../../instancesUC1withLB/opl/warmstartDataOplDec24/5_warm_start_05RandomOvenSchedulingInstance-n10-k2-a2-WithInitialStates.dat;1;1.46e-05;56;1;1;245.0;56.0;7.0;4.0;0.09;0.11;3836700.0;singleobj-opl-reprjob-LB-WS-noUB;5;setupcosts
70;~/minizinc-executables/mzn-gurobi.sh ~/oven-scheduling-problem/solution-methods/minizinc-models/withLowerBounds/direct-batch-pos-tardiness-objective.mzn $file --time-limit 3600000 -v;../../instancesUC1withLB/mzn/5_oven_scheduling.minizinc_instance_1212-10.32.43.dzn;1;0.315339745;1209864;1;1;382.0;100.0;3.0;6.0;2.1019;2.472441;3836700.0;singleobj-mzn-gurobi-LB-noUB;5;tardiness
71;~/minizinc-executables/mzn-gurobi.sh $file ~/oven-scheduling-problem/solution-methods/minizinc-models/withLowerBounds/direct-batch-pos-warmstart-noUB-tardiness-objective.mzn $1 -d $2 --time-limit 3600000 -v;../../instancesUC1withLB/mzn/5_oven_scheduling.minizinc_instance_1212-10.32.43.dzn ../../instancesUC1withLB/mzn/warmstart/5_warm_start_05RandomOvenSchedulingInstance-n10-k2-a2-WithInitialStates.dzn;1;0.308648057;1184190;1;1;296.0;77.0;3.0;5.0;1.3942;1.778361;3836700.0;singleobj-mzn-gurobiWS-LB-noUB;5;tardiness
72;~/opl-executable/opl.sh ~/oven-scheduling-problem/solution-methods/cp-optimizer-models/withLB/interval-repr-jobs-noUB-tardiness.mod $file;../../instancesUC1withLB/opl/5_oven_scheduling.cpoptimizer_instance_1212-10.32.43.dat;1;7.82e-07;3;1;1;402.0;108.0;3.0;7.0;0.74;0.76;3836700.0;singleobj-opl-reprjob-LB-noUB;5;tardiness
73;~/opl-executable/opl.sh ~/oven-scheduling-problem/solution-methods/cp-optimizer-models/withLB/interval-repr-jobs-warmstart-noUB-tardiness.mod $file;../../instancesUC1withLB/opl/warmstartDataOplDec24/5_warm_start_05RandomOvenSchedulingInstance-n10-k2-a2-WithInitialStates.dat;1;7.82e-07;3;1;1;296.0;77.0;3.0;5.0;0.81;0.84;3836700.0;singleobj-opl-reprjob-LB-WS-noUB;5;tardiness
74;~/minizinc-executables/mzn-gurobi.sh ~/oven-scheduling-problem/solution-methods/minizinc-models/withLowerBounds/direct-batch-pos-batchcount-objective.mzn $file --time-limit 3600000 -v;../../instancesUC1withLB/mzn/6_oven_scheduling.minizinc_instance_1212-10.32.45.dzn;1;0.977460317;6158;1;1;35.0;9.0;10.0;6.0;0.5958;1.298981;6300.0;singleobj-mzn-gurobi-LB-noUB;6;batchcount
75;~/minizinc-executables/mzn-gurobi.sh $file ~/oven-scheduling-problem/solution-methods/minizinc-models/withLowerBounds/direct-batch-pos-warmstart-noUB-batchcount-objective.mzn $1 -d $2 --time-limit 3600000 -v;../../instancesUC1withLB/mzn/6_oven_scheduling.minizinc_instance_1212-10.32.45.dzn ../../instancesUC1withLB/mzn/warmstart/6_warm_start_06RandomOvenSchedulingInstance-n10-k2-a5-WithInitialStates.dzn;1;0.983174603;6194;1;1;44.0;9.0;10.0;6.0;0.5131;1.479386;6300.0;singleobj-mzn-gurobiWS-LB-noUB;6;batchcount
76;~/opl-executable/opl.sh ~/oven-scheduling-problem/solution-methods/cp-optimizer-models/withLB/interval-repr-jobs-noUB-batchcount.mod $file;../../instancesUC1withLB/opl/6_oven_scheduling.cpoptimizer_instance_1212-10.32.45.dat;1;0.000952381;6;1;1;41.0;9.0;10.0;6.0;0.17;0.4;6300.0;singleobj-opl-reprjob-LB-noUB;6;batchcount
77;~/opl-executable/opl.sh ~/oven-scheduling-problem/solution-methods/cp-optimizer-models/withLB/interval-repr-jobs-warmstart-noUB-batchcount.mod $file;../../instancesUC1withLB/opl/warmstartDataOplDec24/6_warm_start_06RandomOvenSchedulingInstance-n10-k2-a5-WithInitialStates.dat;1;0.000952381;6;1;1;37.0;13.0;10.0;6.0;0.04;0.06;6300.0;singleobj-opl-reprjob-LB-WS-noUB;6;batchcount
78;~/minizinc-executables/mzn-gurobi.sh ~/oven-scheduling-problem/solution-methods/minizinc-models/withLowerBounds/direct-batch-pos-ovenruntime-objective.mzn $file --time-limit 3600000 -v;../../instancesUC1withLB/mzn/6_oven_scheduling.minizinc_instance_1212-10.32.45.dzn;1;0.978730159;6166;1;1;35.0;13.0;10.0;6.0;0.591;0.99416;6300.0;singleobj-mzn-gurobi-LB-noUB;6;ovenruntime
79;~/minizinc-executables/mzn-gurobi.sh $file ~/oven-scheduling-problem/solution-methods/minizinc-models/withLowerBounds/direct-batch-pos-warmstart-noUB-ovenruntime-objective.mzn $1 -d $2 --time-limit 3600000 -v;../../instancesUC1withLB/mzn/6_oven_scheduling.minizinc_instance_1212-10.32.45.dzn ../../instancesUC1withLB/mzn/warmstart/6_warm_start_06RandomOvenSchedulingInstance-n10-k2-a5-WithInitialStates.dzn;1;0.977460317;6158;1;1;35.0;9.0;10.0;6.0;0.4357;0.831372;6300.0;singleobj-mzn-gurobiWS-LB-noUB;6;ovenruntime
80;~/opl-executable/opl.sh ~/oven-scheduling-problem/solution-methods/cp-optimizer-models/withLB/interval-repr-jobs-noUB-ovenruntime.mod $file;../../instancesUC1withLB/opl/6_oven_scheduling.cpoptimizer_instance_1212-10.32.45.dat;1;0.005555556;35;1;1;35.0;11.0;10.0;6.0;0.04;0.07;6300.0;singleobj-opl-reprjob-LB-noUB;6;ovenruntime
81;~/opl-executable/opl.sh ~/oven-scheduling-problem/solution-methods/cp-optimizer-models/withLB/interval-repr-jobs-warmstart-noUB-ovenruntime.mod $file;../../instancesUC1withLB/opl/warmstartDataOplDec24/6_warm_start_06RandomOvenSchedulingInstance-n10-k2-a5-WithInitialStates.dat;1;0.005555556;35;1;1;35.0;13.0;10.0;6.0;0.02;0.04;6300.0;singleobj-opl-reprjob-LB-WS-noUB;6;ovenruntime
82;~/minizinc-executables/mzn-gurobi.sh ~/oven-scheduling-problem/solution-methods/minizinc-models/withLowerBounds/direct-batch-pos-setupcosts-objective.mzn $file --time-limit 3600000 -v;../../instancesUC1withLB/mzn/6_oven_scheduling.minizinc_instance_1212-10.32.45.dzn;1;0.97968254;6172;1;1;40.0;6.0;10.0;7.0;0.8281;1.528633;6300.0;singleobj-mzn-gurobi-LB-noUB;6;setupcosts
83;~/minizinc-executables/mzn-gurobi.sh $file ~/oven-scheduling-problem/solution-methods/minizinc-models/withLowerBounds/direct-batch-pos-warmstart-noUB-setupcosts-objective.mzn $1 -d $2 --time-limit 3600000 -v;../../instancesUC1withLB/mzn/6_oven_scheduling.minizinc_instance_1212-10.32.45.dzn ../../instancesUC1withLB/mzn/warmstart/6_warm_start_06RandomOvenSchedulingInstance-n10-k2-a5-WithInitialStates.dzn;1;0.988571429;6228;1;1;54.0;6.0;10.0;6.0;1.0101;1.414772;6300.0;singleobj-mzn-gurobiWS-LB-noUB;6;setupcosts
84;~/opl-executable/opl.sh ~/oven-scheduling-problem/solution-methods/cp-optimizer-models/withLB/interval-repr-jobs-noUB-setupcosts.mod $file;../../instancesUC1withLB/opl/6_oven_scheduling.cpoptimizer_instance_1212-10.32.45.dat;1;0.000952381;6;1;1;39.0;6.0;10.0;6.0;113.72;113.75;6300.0;singleobj-opl-reprjob-LB-noUB;6;setupcosts
85;~/opl-executable/opl.sh ~/oven-scheduling-problem/solution-methods/cp-optimizer-models/withLB/interval-repr-jobs-warmstart-noUB-setupcosts.mod $file;../../instancesUC1withLB/opl/warmstartDataOplDec24/6_warm_start_06RandomOvenSchedulingInstance-n10-k2-a5-WithInitialStates.dat;1;0.000952381;6;1;1;39.0;6.0;10.0;6.0;113.33;113.36;6300.0;singleobj-opl-reprjob-LB-WS-noUB;6;setupcosts
86;~/minizinc-executables/mzn-gurobi.sh ~/oven-scheduling-problem/solution-methods/minizinc-models/withLowerBounds/direct-batch-pos-tardiness-objective.mzn $file --time-limit 3600000 -v;../../instancesUC1withLB/mzn/6_oven_scheduling.minizinc_instance_1212-10.32.45.dzn;1;0.97968254;6172;1;1;36.0;14.0;10.0;6.0;1.0549;1.454217;6300.0;singleobj-mzn-gurobi-LB-noUB;6;tardiness
87;~/minizinc-executables/mzn-gurobi.sh $file ~/oven-scheduling-problem/solution-methods/minizinc-models/withLowerBounds/direct-batch-pos-warmstart-noUB-tardiness-objective.mzn $1 -d $2 --time-limit 3600000 -v;../../instancesUC1withLB/mzn/6_oven_scheduling.minizinc_instance_1212-10.32.45.dzn ../../instancesUC1withLB/mzn/warmstart/6_warm_start_06RandomOvenSchedulingInstance-n10-k2-a5-WithInitialStates.dzn;1;0.983174603;6194;1;1;44.0;9.0;10.0;6.0;0.4391;0.851014;6300.0;singleobj-mzn-gurobiWS-LB-noUB;6;tardiness
88;~/opl-executable/opl.sh ~/oven-scheduling-problem/solution-methods/cp-optimizer-models/withLB/interval-repr-jobs-noUB-tardiness.mod $file;../../instancesUC1withLB/opl/6_oven_scheduling.cpoptimizer_instance_1212-10.32.45.dat;1;0.001587302;10;1;1;56.0;21.0;10.0;10.0;0.02;0.04;6300.0;singleobj-opl-reprjob-LB-noUB;6;tardiness
89;~/opl-executable/opl.sh ~/oven-scheduling-problem/solution-methods/cp-optimizer-models/withLB/interval-repr-jobs-warmstart-noUB-tardiness.mod $file;../../instancesUC1withLB/opl/warmstartDataOplDec24/6_warm_start_06RandomOvenSchedulingInstance-n10-k2-a5-WithInitialStates.dat;1;0.001587302;10;1;1;37.0;13.0;10.0;6.0;0.0;0.03;6300.0;singleobj-opl-reprjob-LB-WS-noUB;6;tardiness
90;~/minizinc-executables/mzn-gurobi.sh ~/oven-scheduling-problem/solution-methods/minizinc-models/withLowerBounds/direct-batch-pos-batchcount-objective.mzn $file --time-limit 3600000 -v;../../instancesUC1withLB/mzn/7_oven_scheduling.minizinc_instance_1212-10.32.47.dzn;1;0.993199221;38569104;1;1;664.0;74.0;10.0;10.0;0.8586;1.521697;38833200.0;singleobj-mzn-gurobi-LB-noUB;7;batchcount
91;~/minizinc-executables/mzn-gurobi.sh $file ~/oven-scheduling-problem/solution-methods/minizinc-models/withLowerBounds/direct-batch-pos-warmstart-noUB-batchcount-objective.mzn $1 -d $2 --time-limit 3600000 -v;../../instancesUC1withLB/mzn/7_oven_scheduling.minizinc_instance_1212-10.32.47.dzn ../../instancesUC1withLB/mzn/warmstart/7_warm_start_07RandomOvenSchedulingInstance-n10-k2-a5-WithInitialStates.dzn;1;0.995890733;38673624;1;1;664.0;139.0;10.0;10.0;0.678;1.73155;38833200.0;singleobj-mzn-gurobiWS-LB-noUB;7;batchcount
92;~/opl-executable/opl.sh ~/oven-scheduling-problem/solution-methods/cp-optimizer-models/withLB/interval-repr-jobs-noUB-batchcount.mod $file;../../instancesUC1withLB/opl/7_oven_scheduling.cpoptimizer_instance_1212-10.32.46.dat;1;2.58e-07;10;1;1;664.0;145.0;10.0;10.0;0.02;0.04;38833200.0;singleobj-opl-reprjob-LB-noUB;7;batchcount
93;~/opl-executable/opl.sh ~/oven-scheduling-problem/solution-methods/cp-optimizer-models/withLB/interval-repr-jobs-warmstart-noUB-batchcount.mod $file;../../instancesUC1withLB/opl/warmstartDataOplDec24/7_warm_start_07RandomOvenSchedulingInstance-n10-k2-a5-WithInitialStates.dat;1;2.58e-07;10;1;1;664.0;128.0;10.0;10.0;0.17;0.36;38833200.0;singleobj-opl-reprjob-LB-WS-noUB;7;batchcount
94;~/minizinc-executables/mzn-gurobi.sh ~/oven-scheduling-problem/solution-methods/minizinc-models/withLowerBounds/direct-batch-pos-ovenruntime-objective.mzn $file --time-limit 3600000 -v;../../instancesUC1withLB/mzn/7_oven_scheduling.minizinc_instance_1212-10.32.47.dzn;1;0.994358642;38614128;1;1;664.0;102.0;10.0;10.0;1.0649;1.477417;38833200.0;singleobj-mzn-gurobi-LB-noUB;7;ovenruntime
95;~/minizinc-executables/mzn-gurobi.sh $file ~/oven-scheduling-problem/solution-methods/minizinc-models/withLowerBounds/direct-batch-pos-warmstart-noUB-ovenruntime-objective.mzn $1 -d $2 --time-limit 3600000 -v;../../instancesUC1withLB/mzn/7_oven_scheduling.minizinc_instance_1212-10.32.47.dzn ../../instancesUC1withLB/mzn/warmstart/7_warm_start_07RandomOvenSchedulingInstance-n10-k2-a5-WithInitialStates.dzn;1;0.995890733;38673624;1;1;664.0;139.0;10.0;10.0;1.0483;1.462941;38833200.0;singleobj-mzn-gurobiWS-LB-noUB;7;ovenruntime
96;~/opl-executable/opl.sh ~/oven-scheduling-problem/solution-methods/cp-optimizer-models/withLB/interval-repr-jobs-noUB-ovenruntime.mod $file;../../instancesUC1withLB/opl/7_oven_scheduling.cpoptimizer_instance_1212-10.32.46.dat;1;1.71e-05;664;1;1;664.0;145.0;10.0;10.0;0.01;0.04;38833200.0;singleobj-opl-reprjob-LB-noUB;7;ovenruntime
97;~/opl-executable/opl.sh ~/oven-scheduling-problem/solution-methods/cp-optimizer-models/withLB/interval-repr-jobs-warmstart-noUB-ovenruntime.mod $file;../../instancesUC1withLB/opl/warmstartDataOplDec24/7_warm_start_07RandomOvenSchedulingInstance-n10-k2-a5-WithInitialStates.dat;1;1.71e-05;664;1;1;664.0;128.0;10.0;10.0;0.0;0.04;38833200.0;singleobj-opl-reprjob-LB-WS-noUB;7;ovenruntime
98;~/minizinc-executables/mzn-gurobi.sh ~/oven-scheduling-problem/solution-methods/minizinc-models/withLowerBounds/direct-batch-pos-setupcosts-objective.mzn $file --time-limit 3600000 -v;../../instancesUC1withLB/mzn/7_oven_scheduling.minizinc_instance_1212-10.32.47.dzn;1;0.992867958;38556240;1;1;664.0;66.0;10.0;10.0;0.6752;1.156734;38833200.0;singleobj-mzn-gurobi-LB-noUB;7;setupcosts
99;~/minizinc-executables/mzn-gurobi.sh $file ~/oven-scheduling-problem/solution-methods/minizinc-models/withLowerBounds/direct-batch-pos-warmstart-noUB-setupcosts-objective.mzn $1 -d $2 --time-limit 3600000 -v;../../instancesUC1withLB/mzn/7_oven_scheduling.minizinc_instance_1212-10.32.47.dzn ../../instancesUC1withLB/mzn/warmstart/7_warm_start_07RandomOvenSchedulingInstance-n10-k2-a5-WithInitialStates.dzn;1;0.992867958;38556240;1;1;664.0;66.0;10.0;10.0;0.674;1.086439;38833200.0;singleobj-mzn-gurobiWS-LB-noUB;7;setupcosts
100;~/opl-executable/opl.sh ~/oven-scheduling-problem/solution-methods/cp-optimizer-models/withLB/interval-repr-jobs-noUB-setupcosts.mod $file;../../instancesUC1withLB/opl/7_oven_scheduling.cpoptimizer_instance_1212-10.32.46.dat;1;1.7e-06;66;1;1;664.0;66.0;10.0;10.0;36.62;36.65;38833200.0;singleobj-opl-reprjob-LB-noUB;7;setupcosts
101;~/opl-executable/opl.sh ~/oven-scheduling-problem/solution-methods/cp-optimizer-models/withLB/interval-repr-jobs-warmstart-noUB-setupcosts.mod $file;../../instancesUC1withLB/opl/warmstartDataOplDec24/7_warm_start_07RandomOvenSchedulingInstance-n10-k2-a5-WithInitialStates.dat;1;1.7e-06;66;1;1;664.0;66.0;10.0;10.0;39.79;39.81;38833200.0;singleobj-opl-reprjob-LB-WS-noUB;7;setupcosts
102;~/minizinc-executables/mzn-gurobi.sh ~/oven-scheduling-problem/solution-methods/minizinc-models/withLowerBounds/direct-batch-pos-tardiness-objective.mzn $file --time-limit 3600000 -v;../../instancesUC1withLB/mzn/7_oven_scheduling.minizinc_instance_1212-10.32.47.dzn;1;0.994524273;38620560;1;1;664.0;106.0;10.0;10.0;0.5642;0.97252;38833200.0;singleobj-mzn-gurobi-LB-noUB;7;tardiness
103;~/minizinc-executables/mzn-gurobi.sh $file ~/oven-scheduling-problem/solution-methods/minizinc-models/withLowerBounds/direct-batch-pos-warmstart-noUB-tardiness-objective.mzn $1 -d $2 --time-limit 3600000 -v;../../instancesUC1withLB/mzn/7_oven_scheduling.minizinc_instance_1212-10.32.47.dzn ../../instancesUC1withLB/mzn/warmstart/7_warm_start_07RandomOvenSchedulingInstance-n10-k2-a5-WithInitialStates.dzn;1;0.995890733;38673624;1;1;664.0;139.0;10.0;10.0;0.4383;0.848775;38833200.0;singleobj-mzn-gurobiWS-LB-noUB;7;tardiness
104;~/opl-executable/opl.sh ~/oven-scheduling-problem/solution-methods/cp-optimizer-models/withLB/interval-repr-jobs-noUB-tardiness.mod $file;../../instancesUC1withLB/opl/7_oven_scheduling.cpoptimizer_instance_1212-10.32.46.dat;1;2.58e-07;10;1;1;664.0;145.0;10.0;10.0;0.0;0.04;38833200.0;singleobj-opl-reprjob-LB-noUB;7;tardiness
105;~/opl-executable/opl.sh ~/oven-scheduling-problem/solution-methods/cp-optimizer-models/withLB/interval-repr-jobs-warmstart-noUB-tardiness.mod $file;../../instancesUC1withLB/opl/warmstartDataOplDec24/7_warm_start_07RandomOvenSchedulingInstance-n10-k2-a5-WithInitialStates.dat;1;2.58e-07;10;1;1;664.0;128.0;10.0;10.0;0.0;0.02;38833200.0;singleobj-opl-reprjob-LB-WS-noUB;7;tardiness
106;~/minizinc-executables/mzn-gurobi.sh ~/oven-scheduling-problem/solution-methods/minizinc-models/withLowerBounds/direct-batch-pos-batchcount-objective.mzn $file --time-limit 3600000 -v;../../instancesUC1withLB/mzn/8_oven_scheduling.minizinc_instance_1212-10.32.49.dzn;1;0.990427764;12884970;1;1;486.0;98.0;10.0;7.0;0.6373;1.289326;13009500.0;singleobj-mzn-gurobi-LB-noUB;8;batchcount
107;~/minizinc-executables/mzn-gurobi.sh $file ~/oven-scheduling-problem/solution-methods/minizinc-models/withLowerBounds/direct-batch-pos-warmstart-noUB-batchcount-objective.mzn $1 -d $2 --time-limit 3600000 -v;../../instancesUC1withLB/mzn/8_oven_scheduling.minizinc_instance_1212-10.32.49.dzn ../../instancesUC1withLB/mzn/warmstart/8_warm_start_08RandomOvenSchedulingInstance-n10-k2-a5-WithInitialStates.dzn;1;0.990879742;12890850;1;1;493.0;98.0;10.0;7.0;0.5084;1.55022;13009500.0;singleobj-mzn-gurobiWS-LB-noUB;8;batchcount
108;~/opl-executable/opl.sh ~/oven-scheduling-problem/solution-methods/cp-optimizer-models/withLB/interval-repr-jobs-noUB-batchcount.mod $file;../../instancesUC1withLB/opl/8_oven_scheduling.cpoptimizer_instance_1212-10.32.48.dat;1;5.38e-07;7;1;1;486.0;98.0;10.0;7.0;0.02;0.04;13009500.0;singleobj-opl-reprjob-LB-noUB;8;batchcount
109;~/opl-executable/opl.sh ~/oven-scheduling-problem/solution-methods/cp-optimizer-models/withLB/interval-repr-jobs-warmstart-noUB-batchcount.mod $file;../../instancesUC1withLB/opl/warmstartDataOplDec24/8_warm_start_08RandomOvenSchedulingInstance-n10-k2-a5-WithInitialStates.dat;1;5.38e-07;7;1;1;486.0;98.0;10.0;7.0;0.17;0.36;13009500.0;singleobj-opl-reprjob-LB-WS-noUB;8;batchcount
110;~/minizinc-executables/mzn-gurobi.sh ~/oven-scheduling-problem/solution-methods/minizinc-models/withLowerBounds/direct-batch-pos-ovenruntime-objective.mzn $file --time-limit 3600000 -v;../../instancesUC1withLB/mzn/8_oven_scheduling.minizinc_instance_1212-10.32.49.dzn;1;0.990427764;12884970;1;1;486.0;98.0;10.0;7.0;0.7047;1.183102;13009500.0;singleobj-mzn-gurobi-LB-noUB;8;ovenruntime
111;~/minizinc-executables/mzn-gurobi.sh $file ~/oven-scheduling-problem/solution-methods/minizinc-models/withLowerBounds/direct-batch-pos-warmstart-noUB-ovenruntime-objective.mzn $1 -d $2 --time-limit 3600000 -v;../../instancesUC1withLB/mzn/8_oven_scheduling.minizinc_instance_1212-10.32.49.dzn ../../instancesUC1withLB/mzn/warmstart/8_warm_start_08RandomOvenSchedulingInstance-n10-k2-a5-WithInitialStates.dzn;1;0.990427764;12884970;1;1;486.0;98.0;10.0;7.0;0.4345;0.840737;13009500.0;singleobj-mzn-gurobiWS-LB-noUB;8;ovenruntime
112;~/opl-executable/opl.sh ~/oven-scheduling-problem/solution-methods/cp-optimizer-models/withLB/interval-repr-jobs-noUB-ovenruntime.mod $file;../../instancesUC1withLB/opl/8_oven_scheduling.cpoptimizer_instance_1212-10.32.48.dat;1;3.74e-05;486;1;1;486.0;98.0;10.0;7.0;0.08;0.11;13009500.0;singleobj-opl-reprjob-LB-noUB;8;ovenruntime
113;~/opl-executable/opl.sh ~/oven-scheduling-problem/solution-methods/cp-optimizer-models/withLB/interval-repr-jobs-warmstart-noUB-ovenruntime.mod $file;../../instancesUC1withLB/opl/warmstartDataOplDec24/8_warm_start_08RandomOvenSchedulingInstance-n10-k2-a5-WithInitialStates.dat;1;3.74e-05;486;1;1;486.0;98.0;10.0;7.0;0.09;0.13;13009500.0;singleobj-opl-reprjob-LB-WS-noUB;8;ovenruntime
114;~/minizinc-executables/mzn-gurobi.sh ~/oven-scheduling-problem/solution-methods/minizinc-models/withLowerBounds/direct-batch-pos-setupcosts-objective.mzn $file --time-limit 3600000 -v;../../instancesUC1withLB/mzn/8_oven_scheduling.minizinc_instance_1212-10.32.49.dzn;1;0.990427764;12884970;1;1;486.0;98.0;10.0;7.0;0.544;0.959225;13009500.0;singleobj-mzn-gurobi-LB-noUB;8;setupcosts
115;~/minizinc-executables/mzn-gurobi.sh $file ~/oven-scheduling-problem/solution-methods/minizinc-models/withLowerBounds/direct-batch-pos-warmstart-noUB-setupcosts-objective.mzn $1 -d $2 --time-limit 3600000 -v;../../instancesUC1withLB/mzn/8_oven_scheduling.minizinc_instance_1212-10.32.49.dzn ../../instancesUC1withLB/mzn/warmstart/8_warm_start_08RandomOvenSchedulingInstance-n10-k2-a5-WithInitialStates.dzn;1;0.990879742;12890850;1;1;493.0;98.0;10.0;7.0;0.4346;0.840139;13009500.0;singleobj-mzn-gurobiWS-LB-noUB;8;setupcosts
116;~/opl-executable/opl.sh ~/oven-scheduling-problem/solution-methods/cp-optimizer-models/withLB/interval-repr-jobs-noUB-setupcosts.mod $file;../../instancesUC1withLB/opl/8_oven_scheduling.cpoptimizer_instance_1212-10.32.48.dat;1;7.53e-06;98;1;1;486.0;98.0;10.0;7.0;0.1;0.13;13009500.0;singleobj-opl-reprjob-LB-noUB;8;setupcosts
117;~/opl-executable/opl.sh ~/oven-scheduling-problem/solution-methods/cp-optimizer-models/withLB/interval-repr-jobs-warmstart-noUB-setupcosts.mod $file;../../instancesUC1withLB/opl/warmstartDataOplDec24/8_warm_start_08RandomOvenSchedulingInstance-n10-k2-a5-WithInitialStates.dat;1;7.53e-06;98;1;1;486.0;98.0;10.0;7.0;0.07;0.09;13009500.0;singleobj-opl-reprjob-LB-WS-noUB;8;setupcosts
118;~/minizinc-executables/mzn-gurobi.sh ~/oven-scheduling-problem/solution-methods/minizinc-models/withLowerBounds/direct-batch-pos-tardiness-objective.mzn $file --time-limit 3600000 -v;../../instancesUC1withLB/mzn/8_oven_scheduling.minizinc_instance_1212-10.32.49.dzn;1;0.990427764;12884970;1;1;486.0;98.0;10.0;7.0;0.545;0.947018;13009500.0;singleobj-mzn-gurobi-LB-noUB;8;tardiness
119;~/minizinc-executables/mzn-gurobi.sh $file ~/oven-scheduling-problem/solution-methods/minizinc-models/withLowerBounds/direct-batch-pos-warmstart-noUB-tardiness-objective.mzn $1 -d $2 --time-limit 3600000 -v;../../instancesUC1withLB/mzn/8_oven_scheduling.minizinc_instance_1212-10.32.49.dzn ../../instancesUC1withLB/mzn/warmstart/8_warm_start_08RandomOvenSchedulingInstance-n10-k2-a5-WithInitialStates.dzn;1;0.990879742;12890850;1;1;493.0;98.0;10.0;7.0;0.4317;0.826318;13009500.0;singleobj-mzn-gurobiWS-LB-noUB;8;tardiness
120;~/opl-executable/opl.sh ~/oven-scheduling-problem/solution-methods/cp-optimizer-models/withLB/interval-repr-jobs-noUB-tardiness.mod $file;../../instancesUC1withLB/opl/8_oven_scheduling.cpoptimizer_instance_1212-10.32.48.dat;1;7.69e-07;10;1;1;566.0;126.0;10.0;9.0;0.0;0.03;13009500.0;singleobj-opl-reprjob-LB-noUB;8;tardiness
121;~/opl-executable/opl.sh ~/oven-scheduling-problem/solution-methods/cp-optimizer-models/withLB/interval-repr-jobs-warmstart-noUB-tardiness.mod $file;../../instancesUC1withLB/opl/warmstartDataOplDec24/8_warm_start_08RandomOvenSchedulingInstance-n10-k2-a5-WithInitialStates.dat;1;7.69e-07;10;1;1;486.0;98.0;10.0;7.0;0.0;0.04;13009500.0;singleobj-opl-reprjob-LB-WS-noUB;8;tardiness
122;~/minizinc-executables/mzn-gurobi.sh ~/oven-scheduling-problem/solution-methods/minizinc-models/withLowerBounds/direct-batch-pos-batchcount-objective.mzn $file --time-limit 3600000 -v;../../instancesUC1withLB/mzn/9_oven_scheduling.minizinc_instance_1212-10.32.50.dzn;1;0.99550152;3095064;1;1;438.0;168.0;10.0;8.0;0.7091;1.443453;3109050.0;singleobj-mzn-gurobi-LB-noUB;9;batchcount
123;~/minizinc-executables/mzn-gurobi.sh $file ~/oven-scheduling-problem/solution-methods/minizinc-models/withLowerBounds/direct-batch-pos-warmstart-noUB-batchcount-objective.mzn $1 -d $2 --time-limit 3600000 -v;../../instancesUC1withLB/mzn/9_oven_scheduling.minizinc_instance_1212-10.32.50.dzn ../../instancesUC1withLB/mzn/warmstart/9_warm_start_09RandomOvenSchedulingInstance-n10-k2-a5-WithInitialStates.dzn;1;0.897912867;2791656;1;1;409.0;168.0;9.0;8.0;0.7334;1.78277;3109050.0;singleobj-mzn-gurobiWS-LB-noUB;9;batchcount
124;~/opl-executable/opl.sh ~/oven-scheduling-problem/solution-methods/cp-optimizer-models/withLB/interval-repr-jobs-noUB-batchcount.mod $file;../../instancesUC1withLB/opl/9_oven_scheduling.cpoptimizer_instance_1212-10.32.50.dat;1;2.57e-06;8;1;1;409.0;168.0;9.0;8.0;0.0;0.04;3109050.0;singleobj-opl-reprjob-LB-noUB;9;batchcount
125;~/opl-executable/opl.sh ~/oven-scheduling-problem/solution-methods/cp-optimizer-models/withLB/interval-repr-jobs-warmstart-noUB-batchcount.mod $file;../../instancesUC1withLB/opl/warmstartDataOplDec24/9_warm_start_09RandomOvenSchedulingInstance-n10-k2-a5-WithInitialStates.dat;1;2.57e-06;8;1;1;409.0;168.0;10.0;8.0;0.06;0.14;3109050.0;singleobj-opl-reprjob-LB-WS-noUB;9;batchcount
126;~/minizinc-executables/mzn-gurobi.sh ~/oven-scheduling-problem/solution-methods/minizinc-models/withLowerBounds/direct-batch-pos-ovenruntime-objective.mzn $file --time-limit 3600000 -v;../../instancesUC1withLB/mzn/9_oven_scheduling.minizinc_instance_1212-10.32.50.dzn;1;0.897912867;2791656;1;1;409.0;168.0;9.0;8.0;1.4318;1.842077;3109050.0;singleobj-mzn-gurobi-LB-noUB;9;ovenruntime
127;~/minizinc-executables/mzn-gurobi.sh $file ~/oven-scheduling-problem/solution-methods/minizinc-models/withLowerBounds/direct-batch-pos-warmstart-noUB-ovenruntime-objective.mzn $1 -d $2 --time-limit 3600000 -v;../../instancesUC1withLB/mzn/9_oven_scheduling.minizinc_instance_1212-10.32.50.dzn ../../instancesUC1withLB/mzn/warmstart/9_warm_start_09RandomOvenSchedulingInstance-n10-k2-a5-WithInitialStates.dzn;1;0.993150963;3087756;1;1;409.0;168.0;10.0;8.0;2.1095;2.515826;3109050.0;singleobj-mzn-gurobiWS-LB-noUB;9;ovenruntime
128;~/opl-executable/opl.sh ~/oven-scheduling-problem/solution-methods/cp-optimizer-models/withLB/interval-repr-jobs-noUB-ovenruntime.mod $file;../../instancesUC1withLB/opl/9_oven_scheduling.cpoptimizer_instance_1212-10.32.50.dat;1;0.000131551;409;1;1;409.0;168.0;9.0;8.0;0.02;0.04;3109050.0;singleobj-opl-reprjob-LB-noUB;9;ovenruntime
129;~/opl-executable/opl.sh ~/oven-scheduling-problem/solution-methods/cp-optimizer-models/withLB/interval-repr-jobs-warmstart-noUB-ovenruntime.mod $file;../../instancesUC1withLB/opl/warmstartDataOplDec24/9_warm_start_09RandomOvenSchedulingInstance-n10-k2-a5-WithInitialStates.dat;1;0.000131551;409;1;1;409.0;168.0;10.0;8.0;0.0;0.03;3109050.0;singleobj-opl-reprjob-LB-WS-noUB;9;ovenruntime
130;~/minizinc-executables/mzn-gurobi.sh ~/oven-scheduling-problem/solution-methods/minizinc-models/withLowerBounds/direct-batch-pos-setupcosts-objective.mzn $file --time-limit 3600000 -v;../../instancesUC1withLB/mzn/9_oven_scheduling.minizinc_instance_1212-10.32.50.dzn;1;0.802674772;2495556;1;1;409.0;168.0;8.0;8.0;0.6995;1.126741;3109050.0;singleobj-mzn-gurobi-LB-noUB;9;setupcosts
131;~/minizinc-executables/mzn-gurobi.sh $file ~/oven-scheduling-problem/solution-methods/minizinc-models/withLowerBounds/direct-batch-pos-warmstart-noUB-setupcosts-objective.mzn $1 -d $2 --time-limit 3600000 -v;../../instancesUC1withLB/mzn/9_oven_scheduling.minizinc_instance_1212-10.32.50.dzn ../../instancesUC1withLB/mzn/warmstart/9_warm_start_09RandomOvenSchedulingInstance-n10-k2-a5-WithInitialStates.dzn;1;0.993232016;3088008;1;1;410.0;168.0;10.0;8.0;0.6995;1.10719;3109050.0;singleobj-mzn-gurobiWS-LB-noUB;9;setupcosts
132;~/opl-executable/opl.sh ~/oven-scheduling-problem/solution-methods/cp-optimizer-models/withLB/interval-repr-jobs-noUB-setupcosts.mod $file;../../instancesUC1withLB/opl/9_oven_scheduling.cpoptimizer_instance_1212-10.32.50.dat;1;5.4e-05;168;1;1;409.0;168.0;9.0;8.0;0.01;0.03;3109050.0;singleobj-opl-reprjob-LB-noUB;9;setupcosts
133;~/opl-executable/opl.sh ~/oven-scheduling-problem/solution-methods/cp-optimizer-models/withLB/interval-repr-jobs-warmstart-noUB-setupcosts.mod $file;../../instancesUC1withLB/opl/warmstartDataOplDec24/9_warm_start_09RandomOvenSchedulingInstance-n10-k2-a5-WithInitialStates.dat;1;5.4e-05;168;1;1;409.0;168.0;10.0;8.0;0.01;0.04;3109050.0;singleobj-opl-reprjob-LB-WS-noUB;9;setupcosts
134;~/minizinc-executables/mzn-gurobi.sh ~/oven-scheduling-problem/solution-methods/minizinc-models/withLowerBounds/direct-batch-pos-tardiness-objective.mzn $file --time-limit 3600000 -v;../../instancesUC1withLB/mzn/9_oven_scheduling.minizinc_instance_1212-10.32.50.dzn;1;0.808956434;2515086;1;1;463.0;210.0;8.0;10.0;0.5805;0.99507;3109050.0;singleobj-mzn-gurobi-LB-noUB;9;tardiness
135;~/minizinc-executables/mzn-gurobi.sh $file ~/oven-scheduling-problem/solution-methods/minizinc-models/withLowerBounds/direct-batch-pos-warmstart-noUB-tardiness-objective.mzn $1 -d $2 --time-limit 3600000 -v;../../instancesUC1withLB/mzn/9_oven_scheduling.minizinc_instance_1212-10.32.50.dzn ../../instancesUC1withLB/mzn/warmstart/9_warm_start_09RandomOvenSchedulingInstance-n10-k2-a5-WithInitialStates.dzn;1;0.808956434;2515086;1;1;463.0;210.0;8.0;10.0;0.582;0.994712;3109050.0;singleobj-mzn-gurobiWS-LB-noUB;9;tardiness
136;~/opl-executable/opl.sh ~/oven-scheduling-problem/solution-methods/cp-optimizer-models/withLB/interval-repr-jobs-noUB-tardiness.mod $file;../../instancesUC1withLB/opl/9_oven_scheduling.cpoptimizer_instance_1212-10.32.50.dat;1;2.57e-06;8;1;1;409.0;168.0;8.0;8.0;0.03;0.05;3109050.0;singleobj-opl-reprjob-LB-noUB;9;tardiness
137;~/opl-executable/opl.sh ~/oven-scheduling-problem/solution-methods/cp-optimizer-models/withLB/interval-repr-jobs-warmstart-noUB-tardiness.mod $file;../../instancesUC1withLB/opl/warmstartDataOplDec24/9_warm_start_09RandomOvenSchedulingInstance-n10-k2-a5-WithInitialStates.dat;1;2.57e-06;8;1;1;463.0;210.0;8.0;10.0;0.05;0.07;3109050.0;singleobj-opl-reprjob-LB-WS-noUB;9;tardiness
138;~/minizinc-executables/mzn-gurobi.sh ~/oven-scheduling-problem/solution-methods/minizinc-models/withLowerBounds/direct-batch-pos-batchcount-objective.mzn $file --time-limit 3600000 -v;../../instancesUC1withLB/mzn/10_oven_scheduling.minizinc_instance_1212-10.32.52.dzn;1;0.792197619;1330892;1;1;443.0;103.0;8.0;5.0;0.593;1.320659;1680000.0;singleobj-mzn-gurobi-LB-noUB;10;batchcount
139;~/minizinc-executables/mzn-gurobi.sh $file ~/oven-scheduling-problem/solution-methods/minizinc-models/withLowerBounds/direct-batch-pos-warmstart-noUB-batchcount-objective.mzn $1 -d $2 --time-limit 3600000 -v;../../instancesUC1withLB/mzn/10_oven_scheduling.minizinc_instance_1212-10.32.52.dzn ../../instancesUC1withLB/mzn/warmstart/10_warm_start_10RandomOvenSchedulingInstance-n10-k2-a5-WithInitialStates.dzn;1;0.981454762;1648844;1;1;427.0;96.0;10.0;5.0;0.5082;1.55204;1680000.0;singleobj-mzn-gurobiWS-LB-noUB;10;batchcount
140;~/opl-executable/opl.sh ~/oven-scheduling-problem/solution-methods/cp-optimizer-models/withLB/interval-repr-jobs-noUB-batchcount.mod $file;../../instancesUC1withLB/opl/10_oven_scheduling.cpoptimizer_instance_1212-10.32.52.dat;1;2.98e-06;5;1;1;395.0;97.0;9.0;5.0;0.02;0.04;1680000.0;singleobj-opl-reprjob-LB-noUB;10;batchcount
141;~/opl-executable/opl.sh ~/oven-scheduling-problem/solution-methods/cp-optimizer-models/withLB/interval-repr-jobs-warmstart-noUB-batchcount.mod $file;../../instancesUC1withLB/opl/warmstartDataOplDec24/10_warm_start_10RandomOvenSchedulingInstance-n10-k2-a5-WithInitialStates.dat;1;2.98e-06;5;1;1;426.0;96.0;10.0;5.0;0.06;0.14;1680000.0;singleobj-opl-reprjob-LB-WS-noUB;10;batchcount
142;~/minizinc-executables/mzn-gurobi.sh ~/oven-scheduling-problem/solution-methods/minizinc-models/withLowerBounds/direct-batch-pos-ovenruntime-objective.mzn $file --time-limit 3600000 -v;../../instancesUC1withLB/mzn/10_oven_scheduling.minizinc_instance_1212-10.32.52.dzn;1;0.789378571;1326156;1;1;395.0;104.0;8.0;5.0;1.1414;1.824633;1680000.0;singleobj-mzn-gurobi-LB-noUB;10;ovenruntime
143;~/minizinc-executables/mzn-gurobi.sh $file ~/oven-scheduling-problem/solution-methods/minizinc-models/withLowerBounds/direct-batch-pos-warmstart-noUB-ovenruntime-objective.mzn $1 -d $2 --time-limit 3600000 -v;../../instancesUC1withLB/mzn/10_oven_scheduling.minizinc_instance_1212-10.32.52.dzn ../../instancesUC1withLB/mzn/warmstart/10_warm_start_10RandomOvenSchedulingInstance-n10-k2-a5-WithInitialStates.dzn;1;0.97955;1645644;1;1;395.0;96.0;10.0;5.0;0.4333;0.834922;1680000.0;singleobj-mzn-gurobiWS-LB-noUB;10;ovenruntime
144;~/opl-executable/opl.sh ~/oven-scheduling-problem/solution-methods/cp-optimizer-models/withLB/interval-repr-jobs-noUB-ovenruntime.mod $file;../../instancesUC1withLB/opl/10_oven_scheduling.cpoptimizer_instance_1212-10.32.52.dat;1;0.000235119;395;1;1;395.0;96.0;9.0;5.0;0.05;0.07;1680000.0;singleobj-opl-reprjob-LB-noUB;10;ovenruntime
145;~/opl-executable/opl.sh ~/oven-scheduling-problem/solution-methods/cp-optimizer-models/withLB/interval-repr-jobs-warmstart-noUB-ovenruntime.mod $file;../../instancesUC1withLB/opl/warmstartDataOplDec24/10_warm_start_10RandomOvenSchedulingInstance-n10-k2-a5-WithInitialStates.dat;1;0.000235119;395;1;1;395.0;96.0;10.0;5.0;0.02;0.04;1680000.0;singleobj-opl-reprjob-LB-WS-noUB;10;ovenruntime
146;~/minizinc-executables/mzn-gurobi.sh ~/oven-scheduling-problem/solution-methods/minizinc-models/withLowerBounds/direct-batch-pos-setupcosts-objective.mzn $file --time-limit 3600000 -v;../../instancesUC1withLB/mzn/10_oven_scheduling.minizinc_instance_1212-10.32.52.dzn;1;0.791361905;1329488;1;1;436.0;92.0;8.0;5.0;5.2826;5.687272;1680000.0;singleobj-mzn-gurobi-LB-noUB;10;setupcosts
147;~/minizinc-executables/mzn-gurobi.sh $file ~/oven-scheduling-problem/solution-methods/minizinc-models/withLowerBounds/direct-batch-pos-warmstart-noUB-setupcosts-objective.mzn $1 -d $2 --time-limit 3600000 -v;../../instancesUC1withLB/mzn/10_oven_scheduling.minizinc_instance_1212-10.32.52.dzn ../../instancesUC1withLB/mzn/warmstart/10_warm_start_10RandomOvenSchedulingInstance-n10-k2-a5-WithInitialStates.dzn;1;0.889516667;1494388;1;1;485.0;92.0;9.0;5.0;2.8082;3.220498;1680000.0;singleobj-mzn-gurobiWS-LB-noUB;10;setupcosts
148;~/opl-executable/opl.sh ~/oven-scheduling-problem/solution-methods/cp-optimizer-models/withLB/interval-repr-jobs-noUB-setupcosts.mod $file;../../instancesUC1withLB/opl/10_oven_scheduling.cpoptimizer_instance_1212-10.32.52.dat;1;5.48e-05;92;1;1;426.0;92.0;8.0;5.0;0.08;0.11;1680000.0;singleobj-opl-reprjob-LB-noUB;10;setupcosts
149;~/opl-executable/opl.sh ~/oven-scheduling-problem/solution-methods/cp-optimizer-models/withLB/interval-repr-jobs-warmstart-noUB-setupcosts.mod $file;../../instancesUC1withLB/opl/warmstartDataOplDec24/10_warm_start_10RandomOvenSchedulingInstance-n10-k2-a5-WithInitialStates.dat;1;5.48e-05;92;1;1;426.0;92.0;10.0;5.0;0.09;0.11;1680000.0;singleobj-opl-reprjob-LB-WS-noUB;10;setupcosts
150;~/minizinc-executables/mzn-gurobi.sh ~/oven-scheduling-problem/solution-methods/minizinc-models/withLowerBounds/direct-batch-pos-tardiness-objective.mzn $file --time-limit 3600000 -v;../../instancesUC1withLB/mzn/10_oven_scheduling.minizinc_instance_1212-10.32.52.dzn;1;0.709590476;1192112;1;1;636.0;133.0;7.0;7.0;0.7285;1.129395;1680000.0;singleobj-mzn-gurobi-LB-noUB;10;tardiness
151;~/minizinc-executables/mzn-gurobi.sh $file ~/oven-scheduling-problem/solution-methods/minizinc-models/withLowerBounds/direct-batch-pos-warmstart-noUB-tardiness-objective.mzn $1 -d $2 --time-limit 3600000 -v;../../instancesUC1withLB/mzn/10_oven_scheduling.minizinc_instance_1212-10.32.52.dzn ../../instancesUC1withLB/mzn/warmstart/10_warm_start_10RandomOvenSchedulingInstance-n10-k2-a5-WithInitialStates.dzn;1;0.710185714;1193112;1;1;630.0;158.0;7.0;9.0;0.824;1.236801;1680000.0;singleobj-mzn-gurobiWS-LB-noUB;10;tardiness
152;~/opl-executable/opl.sh ~/oven-scheduling-problem/solution-methods/cp-optimizer-models/withLB/interval-repr-jobs-noUB-tardiness.mod $file;../../instancesUC1withLB/opl/10_oven_scheduling.cpoptimizer_instance_1212-10.32.52.dat;1;4.17e-06;7;1;1;432.0;112.0;7.0;6.0;0.04;0.06;1680000.0;singleobj-opl-reprjob-LB-noUB;10;tardiness
153;~/opl-executable/opl.sh ~/oven-scheduling-problem/solution-methods/cp-optimizer-models/withLB/interval-repr-jobs-warmstart-noUB-tardiness.mod $file;../../instancesUC1withLB/opl/warmstartDataOplDec24/10_warm_start_10RandomOvenSchedulingInstance-n10-k2-a5-WithInitialStates.dat;1;4.17e-06;7;1;1;463.0;112.0;7.0;6.0;0.08;0.11;1680000.0;singleobj-opl-reprjob-LB-WS-noUB;10;tardiness
154;~/minizinc-executables/mzn-gurobi.sh ~/oven-scheduling-problem/solution-methods/minizinc-models/withLowerBounds/direct-batch-pos-batchcount-objective.mzn $file --time-limit 3600000 -v;../../instancesUC1withLB/mzn/11_oven_scheduling.minizinc_instance_1212-10.32.54.dzn;1;0.972634921;15319;1;1;22.0;11.0;10.0;4.0;0.8561;1.98484;15750.0;singleobj-mzn-gurobi-LB-noUB;11;batchcount
155;~/minizinc-executables/mzn-gurobi.sh $file ~/oven-scheduling-problem/solution-methods/minizinc-models/withLowerBounds/direct-batch-pos-warmstart-noUB-batchcount-objective.mzn $1 -d $2 --time-limit 3600000 -v;../../instancesUC1withLB/mzn/11_oven_scheduling.minizinc_instance_1212-10.32.54.dzn ../../instancesUC1withLB/mzn/warmstart/11_warm_start_11RandomOvenSchedulingInstance-n10-k5-a2-WithInitialStates.dzn;1;0.972952381;15324;1;1;22.0;12.0;10.0;4.0;0.7615;1.81549;15750.0;singleobj-mzn-gurobiWS-LB-noUB;11;batchcount
156;~/opl-executable/opl.sh ~/oven-scheduling-problem/solution-methods/cp-optimizer-models/withLB/interval-repr-jobs-noUB-batchcount.mod $file;../../instancesUC1withLB/opl/11_oven_scheduling.cpoptimizer_instance_1212-10.32.53.dat;1;0.000253968;4;1;1;23.0;11.0;10.0;4.0;0.04;0.08;15750.0;singleobj-opl-reprjob-LB-noUB;11;batchcount
157;~/opl-executable/opl.sh ~/oven-scheduling-problem/solution-methods/cp-optimizer-models/withLB/interval-repr-jobs-warmstart-noUB-batchcount.mod $file;../../instancesUC1withLB/opl/warmstartDataOplDec24/11_warm_start_11RandomOvenSchedulingInstance-n10-k5-a2-WithInitialStates.dat;1;0.000253968;4;1;1;23.0;8.0;10.0;4.0;0.06;0.09;15750.0;singleobj-opl-reprjob-LB-WS-noUB;11;batchcount
158;~/minizinc-executables/mzn-gurobi.sh ~/oven-scheduling-problem/solution-methods/minizinc-models/withLowerBounds/direct-batch-pos-ovenruntime-objective.mzn $file --time-limit 3600000 -v;../../instancesUC1withLB/mzn/11_oven_scheduling.minizinc_instance_1212-10.32.54.dzn;1;0.972;15309;1;1;22.0;9.0;10.0;4.0;1.2564;2.094777;15750.0;singleobj-mzn-gurobi-LB-noUB;11;ovenruntime
159;~/minizinc-executables/mzn-gurobi.sh $file ~/oven-scheduling-problem/solution-methods/minizinc-models/withLowerBounds/direct-batch-pos-warmstart-noUB-ovenruntime-objective.mzn $1 -d $2 --time-limit 3600000 -v;../../instancesUC1withLB/mzn/11_oven_scheduling.minizinc_instance_1212-10.32.54.dzn ../../instancesUC1withLB/mzn/warmstart/11_warm_start_11RandomOvenSchedulingInstance-n10-k5-a2-WithInitialStates.dzn;1;0.97231746;15314;1;1;22.0;10.0;10.0;4.0;4.1443;4.715244;15750.0;singleobj-mzn-gurobiWS-LB-noUB;11;ovenruntime
160;~/opl-executable/opl.sh ~/oven-scheduling-problem/solution-methods/cp-optimizer-models/withLB/interval-repr-jobs-noUB-ovenruntime.mod $file;../../instancesUC1withLB/opl/11_oven_scheduling.cpoptimizer_instance_1212-10.32.53.dat;1;0.001396825;22;1;1;22.0;11.0;10.0;4.0;0.88;0.92;15750.0;singleobj-opl-reprjob-LB-noUB;11;ovenruntime
161;~/opl-executable/opl.sh ~/oven-scheduling-problem/solution-methods/cp-optimizer-models/withLB/interval-repr-jobs-warmstart-noUB-ovenruntime.mod $file;../../instancesUC1withLB/opl/warmstartDataOplDec24/11_warm_start_11RandomOvenSchedulingInstance-n10-k5-a2-WithInitialStates.dat;1;0.001396825;22;1;1;22.0;11.0;10.0;4.0;0.64;0.68;15750.0;singleobj-opl-reprjob-LB-WS-noUB;11;ovenruntime
162;~/minizinc-executables/mzn-gurobi.sh ~/oven-scheduling-problem/solution-methods/minizinc-models/withLowerBounds/direct-batch-pos-setupcosts-objective.mzn $file --time-limit 3600000 -v;../../instancesUC1withLB/mzn/11_oven_scheduling.minizinc_instance_1212-10.32.54.dzn;1;0.975492063;15364;1;1;27.0;8.0;10.0;4.0;1.6152;2.200149;15750.0;singleobj-mzn-gurobi-LB-noUB;11;setupcosts
163;~/minizinc-executables/mzn-gurobi.sh $file ~/oven-scheduling-problem/solution-methods/minizinc-models/withLowerBounds/direct-batch-pos-warmstart-noUB-setupcosts-objective.mzn $1 -d $2 --time-limit 3600000 -v;../../instancesUC1withLB/mzn/11_oven_scheduling.minizinc_instance_1212-10.32.54.dzn ../../instancesUC1withLB/mzn/warmstart/11_warm_start_11RandomOvenSchedulingInstance-n10-k5-a2-WithInitialStates.dzn;1;0.97168254;15304;1;1;22.0;8.0;10.0;4.0;1.2255;1.814186;15750.0;singleobj-mzn-gurobiWS-LB-noUB;11;setupcosts
164;~/opl-executable/opl.sh ~/oven-scheduling-problem/solution-methods/cp-optimizer-models/withLB/interval-repr-jobs-noUB-setupcosts.mod $file;../../instancesUC1withLB/opl/11_oven_scheduling.cpoptimizer_instance_1212-10.32.53.dat;1;0.000507937;8;1;1;23.0;8.0;10.0;4.0;0.71;0.75;15750.0;singleobj-opl-reprjob-LB-noUB;11;setupcosts
165;~/opl-executable/opl.sh ~/oven-scheduling-problem/solution-methods/cp-optimizer-models/withLB/interval-repr-jobs-warmstart-noUB-setupcosts.mod $file;../../instancesUC1withLB/opl/warmstartDataOplDec24/11_warm_start_11RandomOvenSchedulingInstance-n10-k5-a2-WithInitialStates.dat;1;0.000507937;8;1;1;23.0;8.0;10.0;4.0;0.43;0.47;15750.0;singleobj-opl-reprjob-LB-WS-noUB;11;setupcosts
166;~/minizinc-executables/mzn-gurobi.sh ~/oven-scheduling-problem/solution-methods/minizinc-models/withLowerBounds/direct-batch-pos-tardiness-objective.mzn $file --time-limit 3600000 -v;../../instancesUC1withLB/mzn/11_oven_scheduling.minizinc_instance_1212-10.32.54.dzn;1;0.97568254;15367;1;1;26.0;11.0;10.0;5.0;1.7758;2.368075;15750.0;singleobj-mzn-gurobi-LB-noUB;11;tardiness
167;~/minizinc-executables/mzn-gurobi.sh $file ~/oven-scheduling-problem/solution-methods/minizinc-models/withLowerBounds/direct-batch-pos-warmstart-noUB-tardiness-objective.mzn $1 -d $2 --time-limit 3600000 -v;../../instancesUC1withLB/mzn/11_oven_scheduling.minizinc_instance_1212-10.32.54.dzn ../../instancesUC1withLB/mzn/warmstart/11_warm_start_11RandomOvenSchedulingInstance-n10-k5-a2-WithInitialStates.dzn;1;0.978730159;15415;1;1;30.0;11.0;10.0;5.0;0.6021;1.166515;15750.0;singleobj-mzn-gurobiWS-LB-noUB;11;tardiness
168;~/opl-executable/opl.sh ~/oven-scheduling-problem/solution-methods/cp-optimizer-models/withLB/interval-repr-jobs-noUB-tardiness.mod $file;../../instancesUC1withLB/opl/11_oven_scheduling.cpoptimizer_instance_1212-10.32.53.dat;1;0.000634921;10;1;1;42.0;24.0;10.0;10.0;0.02;0.06;15750.0;singleobj-opl-reprjob-LB-noUB;11;tardiness
169;~/opl-executable/opl.sh ~/oven-scheduling-problem/solution-methods/cp-optimizer-models/withLB/interval-repr-jobs-warmstart-noUB-tardiness.mod $file;../../instancesUC1withLB/opl/warmstartDataOplDec24/11_warm_start_11RandomOvenSchedulingInstance-n10-k5-a2-WithInitialStates.dat;1;0.000634921;10;1;1;26.0;11.0;10.0;5.0;0.0;0.06;15750.0;singleobj-opl-reprjob-LB-WS-noUB;11;tardiness
170;~/minizinc-executables/mzn-gurobi.sh $file ~/oven-scheduling-problem/solution-methods/minizinc-models/withLowerBounds/direct-batch-pos-warmstart-noUB-batchcount-objective.mzn $1 -d $2 --time-limit 3600000 -v;../../instancesUC1withLB/mzn/12_oven_scheduling.minizinc_instance_1212-10.32.56.dzn ../../instancesUC1withLB/mzn/warmstart/12_warm_start_12RandomOvenSchedulingInstance-n10-k5-a2-WithInitialStates.dzn;1;0.97447619;15348;1;1;24.0;12.0;10.0;4.0;0.7818;2.04238;15750.0;singleobj-mzn-gurobiWS-LB-noUB;12;batchcount
171;~/opl-executable/opl.sh ~/oven-scheduling-problem/solution-methods/cp-optimizer-models/withLB/interval-repr-jobs-noUB-batchcount.mod $file;../../instancesUC1withLB/opl/12_oven_scheduling.cpoptimizer_instance_1212-10.32.56.dat;1;0.000253968;4;1;1;29.0;9.0;10.0;4.0;0.17;0.2;15750.0;singleobj-opl-reprjob-LB-noUB;12;batchcount
172;~/opl-executable/opl.sh ~/oven-scheduling-problem/solution-methods/cp-optimizer-models/withLB/interval-repr-jobs-warmstart-noUB-batchcount.mod $file;../../instancesUC1withLB/opl/warmstartDataOplDec24/12_warm_start_12RandomOvenSchedulingInstance-n10-k5-a2-WithInitialStates.dat;1;0.000253968;4;1;1;29.0;9.0;10.0;4.0;0.15;0.2;15750.0;singleobj-opl-reprjob-LB-WS-noUB;12;batchcount
173;~/minizinc-executables/mzn-gurobi.sh $file ~/oven-scheduling-problem/solution-methods/minizinc-models/withLowerBounds/direct-batch-pos-warmstart-noUB-ovenruntime-objective.mzn $1 -d $2 --time-limit 3600000 -v;../../instancesUC1withLB/mzn/12_oven_scheduling.minizinc_instance_1212-10.32.56.dzn ../../instancesUC1withLB/mzn/warmstart/12_warm_start_12RandomOvenSchedulingInstance-n10-k5-a2-WithInitialStates.dzn;1;0.972190476;15312;1;1;21.0;12.0;10.0;4.0;0.8639;1.453061;15750.0;singleobj-mzn-gurobiWS-LB-noUB;12;ovenruntime
174;~/opl-executable/opl.sh ~/oven-scheduling-problem/solution-methods/cp-optimizer-models/withLB/interval-repr-jobs-noUB-ovenruntime.mod $file;../../instancesUC1withLB/opl/12_oven_scheduling.cpoptimizer_instance_1212-10.32.56.dat;1;0.001333333;21;1;1;21.0;12.0;10.0;4.0;0.18;0.22;15750.0;singleobj-opl-reprjob-LB-noUB;12;ovenruntime
175;~/opl-executable/opl.sh ~/oven-scheduling-problem/solution-methods/cp-optimizer-models/withLB/interval-repr-jobs-warmstart-noUB-ovenruntime.mod $file;../../instancesUC1withLB/opl/warmstartDataOplDec24/12_warm_start_12RandomOvenSchedulingInstance-n10-k5-a2-WithInitialStates.dat;1;0.001333333;21;1;1;21.0;12.0;10.0;4.0;0.36;0.4;15750.0;singleobj-opl-reprjob-LB-WS-noUB;12;ovenruntime
176;~/minizinc-executables/mzn-gurobi.sh $file ~/oven-scheduling-problem/solution-methods/minizinc-models/withLowerBounds/direct-batch-pos-warmstart-noUB-setupcosts-objective.mzn $1 -d $2 --time-limit 3600000 -v;../../instancesUC1withLB/mzn/12_oven_scheduling.minizinc_instance_1212-10.32.56.dzn ../../instancesUC1withLB/mzn/warmstart/12_warm_start_12RandomOvenSchedulingInstance-n10-k5-a2-WithInitialStates.dzn;1;0.974285714;15345;1;1;25.0;9.0;10.0;4.0;0.7116;1.305727;15750.0;singleobj-mzn-gurobiWS-LB-noUB;12;setupcosts
177;~/opl-executable/opl.sh ~/oven-scheduling-problem/solution-methods/cp-optimizer-models/withLB/interval-repr-jobs-noUB-setupcosts.mod $file;../../instancesUC1withLB/opl/12_oven_scheduling.cpoptimizer_instance_1212-10.32.56.dat;1;0.000571429;9;1;1;32.0;9.0;9.0;5.0;0.37;0.41;15750.0;singleobj-opl-reprjob-LB-noUB;12;setupcosts
178;~/opl-executable/opl.sh ~/oven-scheduling-problem/solution-methods/cp-optimizer-models/withLB/interval-repr-jobs-warmstart-noUB-setupcosts.mod $file;../../instancesUC1withLB/opl/warmstartDataOplDec24/12_warm_start_12RandomOvenSchedulingInstance-n10-k5-a2-WithInitialStates.dat;1;0.000571429;9;1;1;28.0;9.0;10.0;4.0;0.13;0.17;15750.0;singleobj-opl-reprjob-LB-WS-noUB;12;setupcosts
179;~/minizinc-executables/mzn-gurobi.sh ~/oven-scheduling-problem/solution-methods/minizinc-models/withLowerBounds/direct-batch-pos-tardiness-objective.mzn $file --time-limit 3600000 -v;../../instancesUC1withLB/mzn/12_oven_scheduling.minizinc_instance_1212-10.32.56.dzn;1;0.610095238;9609;1;1;42.0;21.0;6.0;8.0;0.8449;1.398356;15750.0;singleobj-mzn-gurobi-LB-noUB;12;tardiness
180;~/minizinc-executables/mzn-gurobi.sh $file ~/oven-scheduling-problem/solution-methods/minizinc-models/withLowerBounds/direct-batch-pos-warmstart-noUB-tardiness-objective.mzn $1 -d $2 --time-limit 3600000 -v;../../instancesUC1withLB/mzn/12_oven_scheduling.minizinc_instance_1212-10.32.56.dzn ../../instancesUC1withLB/mzn/warmstart/12_warm_start_12RandomOvenSchedulingInstance-n10-k5-a2-WithInitialStates.dzn;1;0.611619048;9633;1;1;44.0;21.0;6.0;9.0;1.0376;1.600489;15750.0;singleobj-mzn-gurobiWS-LB-noUB;12;tardiness
181;~/opl-executable/opl.sh ~/oven-scheduling-problem/solution-methods/cp-optimizer-models/withLB/interval-repr-jobs-noUB-tardiness.mod $file;../../instancesUC1withLB/opl/12_oven_scheduling.cpoptimizer_instance_1212-10.32.56.dat;1;0.000380952;6;1;1;46.0;21.0;6.0;8.0;0.84;0.88;15750.0;singleobj-opl-reprjob-LB-noUB;12;tardiness
182;~/opl-executable/opl.sh ~/oven-scheduling-problem/solution-methods/cp-optimizer-models/withLB/interval-repr-jobs-warmstart-noUB-tardiness.mod $file;../../instancesUC1withLB/opl/warmstartDataOplDec24/12_warm_start_12RandomOvenSchedulingInstance-n10-k5-a2-WithInitialStates.dat;1;0.000380952;6;1;1;47.0;27.0;6.0;10.0;0.67;0.71;15750.0;singleobj-opl-reprjob-LB-WS-noUB;12;tardiness
183;~/minizinc-executables/mzn-gurobi.sh $file ~/oven-scheduling-problem/solution-methods/minizinc-models/withLowerBounds/direct-batch-pos-warmstart-noUB-batchcount-objective.mzn $1 -d $2 --time-limit 3600000 -v;../../instancesUC1withLB/mzn/13_oven_scheduling.minizinc_instance_1212-10.32.58.dzn ../../instancesUC1withLB/mzn/warmstart/13_warm_start_13RandomOvenSchedulingInstance-n10-k5-a2-WithInitialStates.dzn;1;0.970553672;24050320;1;1;249.0;55.0;10.0;4.0;0.8026;1.709764;24780000.0;singleobj-mzn-gurobiWS-LB-noUB;13;batchcount
184;~/opl-executable/opl.sh ~/oven-scheduling-problem/solution-methods/cp-optimizer-models/withLB/interval-repr-jobs-noUB-batchcount.mod $file;../../instancesUC1withLB/opl/13_oven_scheduling.cpoptimizer_instance_1212-10.32.57.dat;1;1.61e-07;4;1;1;266.0;55.0;9.0;4.0;0.17;0.29;24780000.0;singleobj-opl-reprjob-LB-noUB;13;batchcount
185;~/opl-executable/opl.sh ~/oven-scheduling-problem/solution-methods/cp-optimizer-models/withLB/interval-repr-jobs-warmstart-noUB-batchcount.mod $file;../../instancesUC1withLB/opl/warmstartDataOplDec24/13_warm_start_13RandomOvenSchedulingInstance-n10-k5-a2-WithInitialStates.dat;1;1.61e-07;4;1;1;321.0;55.0;9.0;4.0;0.21;0.44;24780000.0;singleobj-opl-reprjob-LB-WS-noUB;13;batchcount
186;~/minizinc-executables/mzn-gurobi.sh $file ~/oven-scheduling-problem/solution-methods/minizinc-models/withLowerBounds/direct-batch-pos-warmstart-noUB-ovenruntime-objective.mzn $1 -d $2 --time-limit 3600000 -v;../../instancesUC1withLB/mzn/13_oven_scheduling.minizinc_instance_1212-10.32.58.dzn ../../instancesUC1withLB/mzn/warmstart/13_warm_start_13RandomOvenSchedulingInstance-n10-k5-a2-WithInitialStates.dzn;1;0.970553672;24050320;1;1;249.0;55.0;10.0;4.0;8.6616;9.256855;24780000.0;singleobj-mzn-gurobiWS-LB-noUB;13;ovenruntime
187;~/opl-executable/opl.sh ~/oven-scheduling-problem/solution-methods/cp-optimizer-models/withLB/interval-repr-jobs-noUB-ovenruntime.mod $file;../../instancesUC1withLB/opl/13_oven_scheduling.cpoptimizer_instance_1212-10.32.57.dat;1;1e-05;249;1;1;249.0;40.0;10.0;4.0;0.09;0.13;24780000.0;singleobj-opl-reprjob-LB-noUB;13;ovenruntime
188;~/opl-executable/opl.sh ~/oven-scheduling-problem/solution-methods/cp-optimizer-models/withLB/interval-repr-jobs-warmstart-noUB-ovenruntime.mod $file;../../instancesUC1withLB/opl/warmstartDataOplDec24/13_warm_start_13RandomOvenSchedulingInstance-n10-k5-a2-WithInitialStates.dat;1;1e-05;249;1;1;249.0;40.0;10.0;4.0;0.17;0.2;24780000.0;singleobj-opl-reprjob-LB-WS-noUB;13;ovenruntime
189;~/minizinc-executables/mzn-gurobi.sh $file ~/oven-scheduling-problem/solution-methods/minizinc-models/withLowerBounds/direct-batch-pos-warmstart-noUB-setupcosts-objective.mzn $1 -d $2 --time-limit 3600000 -v;../../instancesUC1withLB/mzn/13_oven_scheduling.minizinc_instance_1212-10.32.58.dzn ../../instancesUC1withLB/mzn/warmstart/13_warm_start_13RandomOvenSchedulingInstance-n10-k5-a2-WithInitialStates.dzn;1;0.975172236;24164768;1;1;340.0;22.0;10.0;4.0;0.9618;1.533188;24780000.0;singleobj-mzn-gurobiWS-LB-noUB;13;setupcosts
190;~/opl-executable/opl.sh ~/oven-scheduling-problem/solution-methods/cp-optimizer-models/withLB/interval-repr-jobs-noUB-setupcosts.mod $file;../../instancesUC1withLB/opl/13_oven_scheduling.cpoptimizer_instance_1212-10.32.57.dat;1;8.88e-07;22;1;1;295.0;22.0;10.0;4.0;0.13;0.17;24780000.0;singleobj-opl-reprjob-LB-noUB;13;setupcosts
191;~/opl-executable/opl.sh ~/oven-scheduling-problem/solution-methods/cp-optimizer-models/withLB/interval-repr-jobs-warmstart-noUB-setupcosts.mod $file;../../instancesUC1withLB/opl/warmstartDataOplDec24/13_warm_start_13RandomOvenSchedulingInstance-n10-k5-a2-WithInitialStates.dat;1;8.88e-07;22;1;1;321.0;22.0;10.0;4.0;0.11;0.15;24780000.0;singleobj-opl-reprjob-LB-WS-noUB;13;setupcosts
192;~/minizinc-executables/mzn-gurobi.sh ~/oven-scheduling-problem/solution-methods/minizinc-models/withLowerBounds/direct-batch-pos-tardiness-objective.mzn $file --time-limit 3600000 -v;../../instancesUC1withLB/mzn/13_oven_scheduling.minizinc_instance_1212-10.32.58.dzn;1;0.883696529;21898000;1;1;367.0;75.0;9.0;6.0;0.8315;1.407162;24780000.0;singleobj-mzn-gurobi-LB-noUB;13;tardiness
193;~/minizinc-executables/mzn-gurobi.sh $file ~/oven-scheduling-problem/solution-methods/minizinc-models/withLowerBounds/direct-batch-pos-warmstart-noUB-tardiness-objective.mzn $1 -d $2 --time-limit 3600000 -v;../../instancesUC1withLB/mzn/13_oven_scheduling.minizinc_instance_1212-10.32.58.dzn ../../instancesUC1withLB/mzn/warmstart/13_warm_start_13RandomOvenSchedulingInstance-n10-k5-a2-WithInitialStates.dzn;1;0.887948345;22003360;1;1;424.0;90.0;9.0;6.0;0.6139;1.188568;24780000.0;singleobj-mzn-gurobiWS-LB-noUB;13;tardiness
194;~/opl-executable/opl.sh ~/oven-scheduling-problem/solution-methods/cp-optimizer-models/withLB/interval-repr-jobs-noUB-tardiness.mod $file;../../instancesUC1withLB/opl/13_oven_scheduling.cpoptimizer_instance_1212-10.32.57.dat;1;3.63e-07;9;1;1;266.0;55.0;9.0;4.0;0.5;0.54;24780000.0;singleobj-opl-reprjob-LB-noUB;13;tardiness
195;~/opl-executable/opl.sh ~/oven-scheduling-problem/solution-methods/cp-optimizer-models/withLB/interval-repr-jobs-warmstart-noUB-tardiness.mod $file;../../instancesUC1withLB/opl/warmstartDataOplDec24/13_warm_start_13RandomOvenSchedulingInstance-n10-k5-a2-WithInitialStates.dat;1;3.63e-07;9;1;1;375.0;90.0;9.0;6.0;0.65;0.69;24780000.0;singleobj-opl-reprjob-LB-WS-noUB;13;tardiness
196;~/minizinc-executables/mzn-gurobi.sh ~/oven-scheduling-problem/solution-methods/minizinc-models/withLowerBounds/direct-batch-pos-batchcount-objective.mzn $file --time-limit 3600000 -v;../../instancesUC1withLB/mzn/14_oven_scheduling.minizinc_instance_1212-10.33.00.dzn;1;0.971731922;2203888;1;1;250.0;36.0;10.0;3.0;0.8273;1.703779;2268000.0;singleobj-mzn-gurobi-LB-noUB;14;batchcount
197;~/minizinc-executables/mzn-gurobi.sh $file ~/oven-scheduling-problem/solution-methods/minizinc-models/withLowerBounds/direct-batch-pos-warmstart-noUB-batchcount-objective.mzn $1 -d $2 --time-limit 3600000 -v;../../instancesUC1withLB/mzn/14_oven_scheduling.minizinc_instance_1212-10.33.00.dzn ../../instancesUC1withLB/mzn/warmstart/14_warm_start_14RandomOvenSchedulingInstance-n10-k5-a2-WithInitialStates.dzn;1;0.974342152;2209808;1;1;287.0;36.0;10.0;3.0;0.7748;1.668568;2268000.0;singleobj-mzn-gurobiWS-LB-noUB;14;batchcount
198;~/opl-executable/opl.sh ~/oven-scheduling-problem/solution-methods/cp-optimizer-models/withLB/interval-repr-jobs-noUB-batchcount.mod $file;../../instancesUC1withLB/opl/14_oven_scheduling.cpoptimizer_instance_1212-10.32.59.dat;1;1.32e-06;3;1;1;193.0;36.0;10.0;3.0;0.13;0.25;2268000.0;singleobj-opl-reprjob-LB-noUB;14;batchcount
199;~/opl-executable/opl.sh ~/oven-scheduling-problem/solution-methods/cp-optimizer-models/withLB/interval-repr-jobs-warmstart-noUB-batchcount.mod $file;../../instancesUC1withLB/opl/warmstartDataOplDec24/14_warm_start_14RandomOvenSchedulingInstance-n10-k5-a2-WithInitialStates.dat;1;1.32e-06;3;1;1;230.0;36.0;10.0;3.0;0.17;0.4;2268000.0;singleobj-opl-reprjob-LB-WS-noUB;14;batchcount
200;~/minizinc-executables/mzn-gurobi.sh ~/oven-scheduling-problem/solution-methods/minizinc-models/withLowerBounds/direct-batch-pos-ovenruntime-objective.mzn $file --time-limit 3600000 -v;../../instancesUC1withLB/mzn/14_oven_scheduling.minizinc_instance_1212-10.33.00.dzn;1;0.967710758;2194768;1;1;193.0;36.0;10.0;3.0;22.6264;23.199976;2268000.0;singleobj-mzn-gurobi-LB-noUB;14;ovenruntime
201;~/minizinc-executables/mzn-gurobi.sh $file ~/oven-scheduling-problem/solution-methods/minizinc-models/withLowerBounds/direct-batch-pos-warmstart-noUB-ovenruntime-objective.mzn $1 -d $2 --time-limit 3600000 -v;../../instancesUC1withLB/mzn/14_oven_scheduling.minizinc_instance_1212-10.33.00.dzn ../../instancesUC1withLB/mzn/warmstart/14_warm_start_14RandomOvenSchedulingInstance-n10-k5-a2-WithInitialStates.dzn;1;0.967710758;2194768;1;1;193.0;36.0;10.0;3.0;6.838;7.40238;2268000.0;singleobj-mzn-gurobiWS-LB-noUB;14;ovenruntime
202;~/opl-executable/opl.sh ~/oven-scheduling-problem/solution-methods/cp-optimizer-models/withLB/interval-repr-jobs-noUB-ovenruntime.mod $file;../../instancesUC1withLB/opl/14_oven_scheduling.cpoptimizer_instance_1212-10.32.59.dat;1;8.51e-05;193;1;1;193.0;36.0;10.0;3.0;0.15;0.18;2268000.0;singleobj-opl-reprjob-LB-noUB;14;ovenruntime
203;~/opl-executable/opl.sh ~/oven-scheduling-problem/solution-methods/cp-optimizer-models/withLB/interval-repr-jobs-warmstart-noUB-ovenruntime.mod $file;../../instancesUC1withLB/opl/warmstartDataOplDec24/14_warm_start_14RandomOvenSchedulingInstance-n10-k5-a2-WithInitialStates.dat;1;8.51e-05;193;1;1;193.0;47.0;10.0;3.0;0.12;0.16;2268000.0;singleobj-opl-reprjob-LB-WS-noUB;14;ovenruntime
204;~/minizinc-executables/mzn-gurobi.sh ~/oven-scheduling-problem/solution-methods/minizinc-models/withLowerBounds/direct-batch-pos-setupcosts-objective.mzn $file --time-limit 3600000 -v;../../instancesUC1withLB/mzn/14_oven_scheduling.minizinc_instance_1212-10.33.00.dzn;1;0.974342152;2209808;1;1;287.0;36.0;10.0;3.0;2.0288;2.593671;2268000.0;singleobj-mzn-gurobi-LB-noUB;14;setupcosts
205;~/minizinc-executables/mzn-gurobi.sh $file ~/oven-scheduling-problem/solution-methods/minizinc-models/withLowerBounds/direct-batch-pos-warmstart-noUB-setupcosts-objective.mzn $1 -d $2 --time-limit 3600000 -v;../../instancesUC1withLB/mzn/14_oven_scheduling.minizinc_instance_1212-10.33.00.dzn ../../instancesUC1withLB/mzn/warmstart/14_warm_start_14RandomOvenSchedulingInstance-n10-k5-a2-WithInitialStates.dzn;1;0.970885362;2201968;1;1;238.0;36.0;10.0;3.0;1.312;1.92156;2268000.0;singleobj-mzn-gurobiWS-LB-noUB;14;setupcosts
206;~/opl-executable/opl.sh ~/oven-scheduling-problem/solution-methods/cp-optimizer-models/withLB/interval-repr-jobs-noUB-setupcosts.mod $file;../../instancesUC1withLB/opl/14_oven_scheduling.cpoptimizer_instance_1212-10.32.59.dat;1;1.59e-05;36;1;1;193.0;36.0;10.0;3.0;1.9;1.93;2268000.0;singleobj-opl-reprjob-LB-noUB;14;setupcosts
207;~/opl-executable/opl.sh ~/oven-scheduling-problem/solution-methods/cp-optimizer-models/withLB/interval-repr-jobs-warmstart-noUB-setupcosts.mod $file;../../instancesUC1withLB/opl/warmstartDataOplDec24/14_warm_start_14RandomOvenSchedulingInstance-n10-k5-a2-WithInitialStates.dat;1;1.59e-05;36;1;1;230.0;36.0;10.0;3.0;1.62;1.68;2268000.0;singleobj-opl-reprjob-LB-WS-noUB;14;setupcosts
208;~/minizinc-executables/mzn-gurobi.sh ~/oven-scheduling-problem/solution-methods/minizinc-models/withLowerBounds/direct-batch-pos-tardiness-objective.mzn $file --time-limit 3600000 -v;../../instancesUC1withLB/mzn/14_oven_scheduling.minizinc_instance_1212-10.33.00.dzn;1;0.90166843;2044984;1;1;538.0;138.0;9.0;10.0;0.7272;1.289738;2268000.0;singleobj-mzn-gurobi-LB-noUB;14;tardiness
209;~/minizinc-executables/mzn-gurobi.sh $file ~/oven-scheduling-problem/solution-methods/minizinc-models/withLowerBounds/direct-batch-pos-warmstart-noUB-tardiness-objective.mzn $1 -d $2 --time-limit 3600000 -v;../../instancesUC1withLB/mzn/14_oven_scheduling.minizinc_instance_1212-10.33.00.dzn ../../instancesUC1withLB/mzn/warmstart/14_warm_start_14RandomOvenSchedulingInstance-n10-k5-a2-WithInitialStates.dzn;1;0.879978836;1995792;1;1;294.0;44.0;9.0;4.0;0.753;1.32102;2268000.0;singleobj-mzn-gurobiWS-LB-noUB;14;tardiness
210;~/opl-executable/opl.sh ~/oven-scheduling-problem/solution-methods/cp-optimizer-models/withLB/interval-repr-jobs-noUB-tardiness.mod $file;../../instancesUC1withLB/opl/14_oven_scheduling.cpoptimizer_instance_1212-10.32.59.dat;1;3.97e-06;9;1;1;236.0;44.0;9.0;4.0;0.8;0.83;2268000.0;singleobj-opl-reprjob-LB-noUB;14;tardiness
211;~/opl-executable/opl.sh ~/oven-scheduling-problem/solution-methods/cp-optimizer-models/withLB/interval-repr-jobs-warmstart-noUB-tardiness.mod $file;../../instancesUC1withLB/opl/warmstartDataOplDec24/14_warm_start_14RandomOvenSchedulingInstance-n10-k5-a2-WithInitialStates.dat;1;3.97e-06;9;1;1;236.0;44.0;9.0;4.0;1.24;1.27;2268000.0;singleobj-opl-reprjob-LB-WS-noUB;14;tardiness
212;~/minizinc-executables/mzn-gurobi.sh ~/oven-scheduling-problem/solution-methods/minizinc-models/withLowerBounds/direct-batch-pos-batchcount-objective.mzn $file --time-limit 3600000 -v;../../instancesUC1withLB/mzn/15_oven_scheduling.minizinc_instance_1212-10.33.02.dzn;1;0.688825397;43396;1;1;289.0;80.0;7.0;4.0;1.2029;2.31244;63000.0;singleobj-mzn-gurobi-LB-noUB;15;batchcount
213;~/minizinc-executables/mzn-gurobi.sh $file ~/oven-scheduling-problem/solution-methods/minizinc-models/withLowerBounds/direct-batch-pos-warmstart-noUB-batchcount-objective.mzn $1 -d $2 --time-limit 3600000 -v;../../instancesUC1withLB/mzn/15_oven_scheduling.minizinc_instance_1212-10.33.02.dzn ../../instancesUC1withLB/mzn/warmstart/15_warm_start_15RandomOvenSchedulingInstance-n10-k5-a2-WithInitialStates.dzn;1;0.790857143;49824;1;1;396.0;80.0;8.0;4.0;0.7256;1.293635;63000.0;singleobj-mzn-gurobiWS-LB-noUB;15;batchcount
214;~/opl-executable/opl.sh ~/oven-scheduling-problem/solution-methods/cp-optimizer-models/withLB/interval-repr-jobs-noUB-batchcount.mod $file;../../instancesUC1withLB/opl/15_oven_scheduling.cpoptimizer_instance_1212-10.33.01.dat;1;6.35e-05;4;1;1;302.0;80.0;10.0;4.0;0.17;0.29;63000.0;singleobj-opl-reprjob-LB-noUB;15;batchcount
215;~/opl-executable/opl.sh ~/oven-scheduling-problem/solution-methods/cp-optimizer-models/withLB/interval-repr-jobs-warmstart-noUB-batchcount.mod $file;../../instancesUC1withLB/opl/warmstartDataOplDec24/15_warm_start_15RandomOvenSchedulingInstance-n10-k5-a2-WithInitialStates.dat;1;6.35e-05;4;1;1;297.0;80.0;7.0;4.0;0.19;0.33;63000.0;singleobj-opl-reprjob-LB-WS-noUB;15;batchcount
216;~/minizinc-executables/mzn-gurobi.sh ~/oven-scheduling-problem/solution-methods/minizinc-models/withLowerBounds/direct-batch-pos-ovenruntime-objective.mzn $file --time-limit 3600000 -v;../../instancesUC1withLB/mzn/15_oven_scheduling.minizinc_instance_1212-10.33.02.dzn;1;0.688825397;43396;1;1;289.0;80.0;7.0;4.0;2.2619;2.835865;63000.0;singleobj-mzn-gurobi-LB-noUB;15;ovenruntime
217;~/minizinc-executables/mzn-gurobi.sh $file ~/oven-scheduling-problem/solution-methods/minizinc-models/withLowerBounds/direct-batch-pos-warmstart-noUB-ovenruntime-objective.mzn $1 -d $2 --time-limit 3600000 -v;../../instancesUC1withLB/mzn/15_oven_scheduling.minizinc_instance_1212-10.33.02.dzn ../../instancesUC1withLB/mzn/warmstart/15_warm_start_15RandomOvenSchedulingInstance-n10-k5-a2-WithInitialStates.dzn;1;0.688825397;43396;1;1;289.0;80.0;7.0;4.0;1.8689;2.435157;63000.0;singleobj-mzn-gurobiWS-LB-noUB;15;ovenruntime
218;~/opl-executable/opl.sh ~/oven-scheduling-problem/solution-methods/cp-optimizer-models/withLB/interval-repr-jobs-noUB-ovenruntime.mod $file;../../instancesUC1withLB/opl/15_oven_scheduling.cpoptimizer_instance_1212-10.33.01.dat;1;0.004587302;289;1;1;289.0;80.0;8.0;4.0;0.26;0.31;63000.0;singleobj-opl-reprjob-LB-noUB;15;ovenruntime
219;~/opl-executable/opl.sh ~/oven-scheduling-problem/solution-methods/cp-optimizer-models/withLB/interval-repr-jobs-warmstart-noUB-ovenruntime.mod $file;../../instancesUC1withLB/opl/warmstartDataOplDec24/15_warm_start_15RandomOvenSchedulingInstance-n10-k5-a2-WithInitialStates.dat;1;0.004587302;289;1;1;289.0;80.0;7.0;4.0;0.79;0.84;63000.0;singleobj-opl-reprjob-LB-WS-noUB;15;ovenruntime
220;~/minizinc-executables/mzn-gurobi.sh ~/oven-scheduling-problem/solution-methods/minizinc-models/withLowerBounds/direct-batch-pos-setupcosts-objective.mzn $file --time-limit 3600000 -v;../../instancesUC1withLB/mzn/15_oven_scheduling.minizinc_instance_1212-10.33.02.dzn;1;0.689269841;43424;1;1;296.0;80.0;7.0;4.0;1.3197;1.910839;63000.0;singleobj-mzn-gurobi-LB-noUB;15;setupcosts
221;~/minizinc-executables/mzn-gurobi.sh $file ~/oven-scheduling-problem/solution-methods/minizinc-models/withLowerBounds/direct-batch-pos-warmstart-noUB-setupcosts-objective.mzn $1 -d $2 --time-limit 3600000 -v;../../instancesUC1withLB/mzn/15_oven_scheduling.minizinc_instance_1212-10.33.02.dzn ../../instancesUC1withLB/mzn/warmstart/15_warm_start_15RandomOvenSchedulingInstance-n10-k5-a2-WithInitialStates.dzn;1;0.695619048;43824;1;1;396.0;80.0;7.0;4.0;0.9631;1.533364;63000.0;singleobj-mzn-gurobiWS-LB-noUB;15;setupcosts
222;~/opl-executable/opl.sh ~/oven-scheduling-problem/solution-methods/cp-optimizer-models/withLB/interval-repr-jobs-noUB-setupcosts.mod $file;../../instancesUC1withLB/opl/15_oven_scheduling.cpoptimizer_instance_1212-10.33.01.dat;1;0.001269841;80;1;1;369.0;80.0;9.0;4.0;0.13;0.16;63000.0;singleobj-opl-reprjob-LB-noUB;15;setupcosts
223;~/opl-executable/opl.sh ~/oven-scheduling-problem/solution-methods/cp-optimizer-models/withLB/interval-repr-jobs-warmstart-noUB-setupcosts.mod $file;../../instancesUC1withLB/opl/warmstartDataOplDec24/15_warm_start_15RandomOvenSchedulingInstance-n10-k5-a2-WithInitialStates.dat;1;0.001269841;80;1;1;297.0;80.0;7.0;4.0;0.12;0.17;63000.0;singleobj-opl-reprjob-LB-WS-noUB;15;setupcosts
224;~/minizinc-executables/mzn-gurobi.sh ~/oven-scheduling-problem/solution-methods/minizinc-models/withLowerBounds/direct-batch-pos-tardiness-objective.mzn $file --time-limit 3600000 -v;../../instancesUC1withLB/mzn/15_oven_scheduling.minizinc_instance_1212-10.33.02.dzn;1;0.600825397;37852;1;1;358.0;140.0;6.0;7.0;1.1314;1.694565;63000.0;singleobj-mzn-gurobi-LB-noUB;15;tardiness
225;~/minizinc-executables/mzn-gurobi.sh $file ~/oven-scheduling-problem/solution-methods/minizinc-models/withLowerBounds/direct-batch-pos-warmstart-noUB-tardiness-objective.mzn $1 -d $2 --time-limit 3600000 -v;../../instancesUC1withLB/mzn/15_oven_scheduling.minizinc_instance_1212-10.33.02.dzn ../../instancesUC1withLB/mzn/warmstart/15_warm_start_15RandomOvenSchedulingInstance-n10-k5-a2-WithInitialStates.dzn;1;0.612063492;38560;1;1;505.0;180.0;6.0;9.0;1.0533;1.616007;63000.0;singleobj-mzn-gurobiWS-LB-noUB;15;tardiness
226;~/opl-executable/opl.sh ~/oven-scheduling-problem/solution-methods/cp-optimizer-models/withLB/interval-repr-jobs-noUB-tardiness.mod $file;../../instancesUC1withLB/opl/15_oven_scheduling.cpoptimizer_instance_1212-10.33.01.dat;1;9.52e-05;6;1;1;330.0;100.0;6.0;5.0;1.46;1.5;63000.0;singleobj-opl-reprjob-LB-noUB;15;tardiness
227;~/opl-executable/opl.sh ~/oven-scheduling-problem/solution-methods/cp-optimizer-models/withLB/interval-repr-jobs-warmstart-noUB-tardiness.mod $file;../../instancesUC1withLB/opl/warmstartDataOplDec24/15_warm_start_15RandomOvenSchedulingInstance-n10-k5-a2-WithInitialStates.dat;1;9.52e-05;6;1;1;386.0;100.0;6.0;5.0;1.6;1.63;63000.0;singleobj-opl-reprjob-LB-WS-noUB;15;tardiness
228;~/minizinc-executables/mzn-gurobi.sh ~/oven-scheduling-problem/solution-methods/minizinc-models/withLowerBounds/direct-batch-pos-batchcount-objective.mzn $file --time-limit 3600000 -v;../../instancesUC1withLB/mzn/16_oven_scheduling.minizinc_instance_1212-10.33.03.dzn;1;0.983417367;16957164;1;1;339.0;138.0;10.0;6.0;1.4832;2.67029;17243100.0;singleobj-mzn-gurobi-LB-noUB;16;batchcount
229;~/minizinc-executables/mzn-gurobi.sh $file ~/oven-scheduling-problem/solution-methods/minizinc-models/withLowerBounds/direct-batch-pos-warmstart-noUB-batchcount-objective.mzn $1 -d $2 --time-limit 3600000 -v;../../instancesUC1withLB/mzn/16_oven_scheduling.minizinc_instance_1212-10.33.03.dzn ../../instancesUC1withLB/mzn/warmstart/16_warm_start_16RandomOvenSchedulingInstance-n10-k5-a5-WithInitialStates.dzn;1;0.984014939;16967468;1;1;347.0;138.0;10.0;6.0;1.1305;1.808426;17243100.0;singleobj-mzn-gurobiWS-LB-noUB;16;batchcount
230;~/opl-executable/opl.sh ~/oven-scheduling-problem/solution-methods/cp-optimizer-models/withLB/interval-repr-jobs-noUB-batchcount.mod $file;../../instancesUC1withLB/opl/16_oven_scheduling.cpoptimizer_instance_1212-10.33.03.dat;1;3.48e-07;6;1;1;339.0;138.0;10.0;6.0;0.09;0.2;17243100.0;singleobj-opl-reprjob-LB-noUB;16;batchcount
231;~/opl-executable/opl.sh ~/oven-scheduling-problem/solution-methods/cp-optimizer-models/withLB/interval-repr-jobs-warmstart-noUB-batchcount.mod $file;../../instancesUC1withLB/opl/warmstartDataOplDec24/16_warm_start_16RandomOvenSchedulingInstance-n10-k5-a5-WithInitialStates.dat;1;3.48e-07;6;1;1;339.0;138.0;10.0;6.0;0.09;0.24;17243100.0;singleobj-opl-reprjob-LB-WS-noUB;16;batchcount
232;~/minizinc-executables/mzn-gurobi.sh ~/oven-scheduling-problem/solution-methods/minizinc-models/withLowerBounds/direct-batch-pos-ovenruntime-objective.mzn $file --time-limit 3600000 -v;../../instancesUC1withLB/mzn/16_oven_scheduling.minizinc_instance_1212-10.33.03.dzn;1;0.983417367;16957164;1;1;339.0;138.0;10.0;6.0;6.4208;7.088852;17243100.0;singleobj-mzn-gurobi-LB-noUB;16;ovenruntime
233;~/minizinc-executables/mzn-gurobi.sh $file ~/oven-scheduling-problem/solution-methods/minizinc-models/withLowerBounds/direct-batch-pos-warmstart-noUB-ovenruntime-objective.mzn $1 -d $2 --time-limit 3600000 -v;../../instancesUC1withLB/mzn/16_oven_scheduling.minizinc_instance_1212-10.33.03.dzn ../../instancesUC1withLB/mzn/warmstart/16_warm_start_16RandomOvenSchedulingInstance-n10-k5-a5-WithInitialStates.dzn;1;0.983417367;16957164;1;1;339.0;138.0;10.0;6.0;1.5098;2.1875;17243100.0;singleobj-mzn-gurobiWS-LB-noUB;16;ovenruntime
234;~/opl-executable/opl.sh ~/oven-scheduling-problem/solution-methods/cp-optimizer-models/withLB/interval-repr-jobs-noUB-ovenruntime.mod $file;../../instancesUC1withLB/opl/16_oven_scheduling.cpoptimizer_instance_1212-10.33.03.dat;1;1.97e-05;339;1;1;339.0;138.0;10.0;6.0;0.04;0.08;17243100.0;singleobj-opl-reprjob-LB-noUB;16;ovenruntime
235;~/opl-executable/opl.sh ~/oven-scheduling-problem/solution-methods/cp-optimizer-models/withLB/interval-repr-jobs-warmstart-noUB-ovenruntime.mod $file;../../instancesUC1withLB/opl/warmstartDataOplDec24/16_warm_start_16RandomOvenSchedulingInstance-n10-k5-a5-WithInitialStates.dat;1;1.97e-05;339;1;1;339.0;138.0;10.0;6.0;0.14;0.18;17243100.0;singleobj-opl-reprjob-LB-WS-noUB;16;ovenruntime
236;~/minizinc-executables/mzn-gurobi.sh ~/oven-scheduling-problem/solution-methods/minizinc-models/withLowerBounds/direct-batch-pos-setupcosts-objective.mzn $file --time-limit 3600000 -v;../../instancesUC1withLB/mzn/16_oven_scheduling.minizinc_instance_1212-10.33.03.dzn;1;0.990588235;17080812;1;1;435.0;138.0;10.0;6.0;3.2227;3.899255;17243100.0;singleobj-mzn-gurobi-LB-noUB;16;setupcosts
237;~/minizinc-executables/mzn-gurobi.sh $file ~/oven-scheduling-problem/solution-methods/minizinc-models/withLowerBounds/direct-batch-pos-warmstart-noUB-setupcosts-objective.mzn $1 -d $2 --time-limit 3600000 -v;../../instancesUC1withLB/mzn/16_oven_scheduling.minizinc_instance_1212-10.33.03.dzn ../../instancesUC1withLB/mzn/warmstart/16_warm_start_16RandomOvenSchedulingInstance-n10-k5-a5-WithInitialStates.dzn;1;0.98379085;16963604;1;1;344.0;138.0;10.0;6.0;2.4909;3.163572;17243100.0;singleobj-mzn-gurobiWS-LB-noUB;16;setupcosts
238;~/opl-executable/opl.sh ~/oven-scheduling-problem/solution-methods/cp-optimizer-models/withLB/interval-repr-jobs-noUB-setupcosts.mod $file;../../instancesUC1withLB/opl/16_oven_scheduling.cpoptimizer_instance_1212-10.33.03.dat;1;8e-06;138;1;1;339.0;138.0;10.0;6.0;0.32;0.36;17243100.0;singleobj-opl-reprjob-LB-noUB;16;setupcosts
239;~/opl-executable/opl.sh ~/oven-scheduling-problem/solution-methods/cp-optimizer-models/withLB/interval-repr-jobs-warmstart-noUB-setupcosts.mod $file;../../instancesUC1withLB/opl/warmstartDataOplDec24/16_warm_start_16RandomOvenSchedulingInstance-n10-k5-a5-WithInitialStates.dat;1;8e-06;138;1;1;339.0;138.0;10.0;6.0;0.6;0.64;17243100.0;singleobj-opl-reprjob-LB-WS-noUB;16;setupcosts
240;~/minizinc-executables/mzn-gurobi.sh ~/oven-scheduling-problem/solution-methods/minizinc-models/withLowerBounds/direct-batch-pos-tardiness-objective.mzn $file --time-limit 3600000 -v;../../instancesUC1withLB/mzn/16_oven_scheduling.minizinc_instance_1212-10.33.03.dzn;1;0.995611578;17167430;1;1;464.0;207.0;10.0;9.0;1.0783;1.74933;17243100.0;singleobj-mzn-gurobi-LB-noUB;16;tardiness
241;~/minizinc-executables/mzn-gurobi.sh $file ~/oven-scheduling-problem/solution-methods/minizinc-models/withLowerBounds/direct-batch-pos-warmstart-noUB-tardiness-objective.mzn $1 -d $2 --time-limit 3600000 -v;../../instancesUC1withLB/mzn/16_oven_scheduling.minizinc_instance_1212-10.33.03.dzn ../../instancesUC1withLB/mzn/warmstart/16_warm_start_16RandomOvenSchedulingInstance-n10-k5-a5-WithInitialStates.dzn;1;0.996582633;17184174;1;1;477.0;207.0;10.0;9.0;0.7416;1.44381;17243100.0;singleobj-mzn-gurobiWS-LB-noUB;16;tardiness
242;~/opl-executable/opl.sh ~/oven-scheduling-problem/solution-methods/cp-optimizer-models/withLB/interval-repr-jobs-noUB-tardiness.mod $file;../../instancesUC1withLB/opl/16_oven_scheduling.cpoptimizer_instance_1212-10.33.03.dat;1;5.8e-07;10;1;1;505.0;230.0;10.0;10.0;0.02;0.06;17243100.0;singleobj-opl-reprjob-LB-noUB;16;tardiness
243;~/opl-executable/opl.sh ~/oven-scheduling-problem/solution-methods/cp-optimizer-models/withLB/interval-repr-jobs-warmstart-noUB-tardiness.mod $file;../../instancesUC1withLB/opl/warmstartDataOplDec24/16_warm_start_16RandomOvenSchedulingInstance-n10-k5-a5-WithInitialStates.dat;1;5.8e-07;10;1;1;464.0;207.0;10.0;9.0;0.03;0.06;17243100.0;singleobj-opl-reprjob-LB-WS-noUB;16;tardiness
244;~/minizinc-executables/mzn-gurobi.sh $file ~/oven-scheduling-problem/solution-methods/minizinc-models/withLowerBounds/direct-batch-pos-warmstart-noUB-batchcount-objective.mzn $1 -d $2 --time-limit 3600000 -v;../../instancesUC1withLB/mzn/17_oven_scheduling.minizinc_instance_1212-10.33.05.dzn ../../instancesUC1withLB/mzn/warmstart/17_warm_start_17RandomOvenSchedulingInstance-n10-k5-a5-WithInitialStates.dzn;1;0.502271697;22415984;1;1;463.0;80.0;5.0;6.0;2.117;2.798732;44629200.0;singleobj-mzn-gurobiWS-LB-noUB;17;batchcount
245;~/opl-executable/opl.sh ~/oven-scheduling-problem/solution-methods/cp-optimizer-models/withLB/interval-repr-jobs-noUB-batchcount.mod $file;../../instancesUC1withLB/opl/17_oven_scheduling.cpoptimizer_instance_1212-10.33.05.dat;1;1.34e-07;6;1;1;463.0;87.0;8.0;6.0;0.12;0.23;44629200.0;singleobj-opl-reprjob-LB-noUB;17;batchcount
246;~/opl-executable/opl.sh ~/oven-scheduling-problem/solution-methods/cp-optimizer-models/withLB/interval-repr-jobs-warmstart-noUB-batchcount.mod $file;../../instancesUC1withLB/opl/warmstartDataOplDec24/17_warm_start_17RandomOvenSchedulingInstance-n10-k5-a5-WithInitialStates.dat;1;1.34e-07;6;1;1;472.0;61.0;6.0;6.0;0.18;0.36;44629200.0;singleobj-opl-reprjob-LB-WS-noUB;17;batchcount
247;~/minizinc-executables/mzn-gurobi.sh $file ~/oven-scheduling-problem/solution-methods/minizinc-models/withLowerBounds/direct-batch-pos-warmstart-noUB-ovenruntime-objective.mzn $1 -d $2 --time-limit 3600000 -v;../../instancesUC1withLB/mzn/17_oven_scheduling.minizinc_instance_1212-10.33.05.dzn ../../instancesUC1withLB/mzn/warmstart/17_warm_start_17RandomOvenSchedulingInstance-n10-k5-a5-WithInitialStates.dzn;1;0.597430427;26662842;1;1;463.0;78.0;6.0;6.0;2.9607;3.637685;44629200.0;singleobj-mzn-gurobiWS-LB-noUB;17;ovenruntime
248;~/opl-executable/opl.sh ~/oven-scheduling-problem/solution-methods/cp-optimizer-models/withLB/interval-repr-jobs-noUB-ovenruntime.mod $file;../../instancesUC1withLB/opl/17_oven_scheduling.cpoptimizer_instance_1212-10.33.05.dat;1;1.04e-05;463;1;1;463.0;87.0;9.0;6.0;0.27;0.31;44629200.0;singleobj-opl-reprjob-LB-noUB;17;ovenruntime
249;~/opl-executable/opl.sh ~/oven-scheduling-problem/solution-methods/cp-optimizer-models/withLB/interval-repr-jobs-warmstart-noUB-ovenruntime.mod $file;../../instancesUC1withLB/opl/warmstartDataOplDec24/17_warm_start_17RandomOvenSchedulingInstance-n10-k5-a5-WithInitialStates.dat;1;1.04e-05;463;1;1;463.0;87.0;6.0;6.0;0.36;0.4;44629200.0;singleobj-opl-reprjob-LB-WS-noUB;17;ovenruntime
250;~/minizinc-executables/mzn-gurobi.sh $file ~/oven-scheduling-problem/solution-methods/minizinc-models/withLowerBounds/direct-batch-pos-warmstart-noUB-setupcosts-objective.mzn $1 -d $2 --time-limit 3600000 -v;../../instancesUC1withLB/mzn/17_oven_scheduling.minizinc_instance_1212-10.33.05.dzn ../../instancesUC1withLB/mzn/warmstart/17_warm_start_17RandomOvenSchedulingInstance-n10-k5-a5-WithInitialStates.dzn;1;0.604768604;26990339;1;1;641.0;41.0;6.0;8.0;40.812;41.481278;44629200.0;singleobj-mzn-gurobiWS-LB-noUB;17;setupcosts
251;~/opl-executable/opl.sh ~/oven-scheduling-problem/solution-methods/cp-optimizer-models/withLB/interval-repr-jobs-noUB-setupcosts.mod $file;../../instancesUC1withLB/opl/17_oven_scheduling.cpoptimizer_instance_1212-10.33.05.dat;1;9.19e-07;41;1;1;631.0;41.0;6.0;8.0;2.93;2.96;44629200.0;singleobj-opl-reprjob-LB-noUB;17;setupcosts
252;~/opl-executable/opl.sh ~/oven-scheduling-problem/solution-methods/cp-optimizer-models/withLB/interval-repr-jobs-warmstart-noUB-setupcosts.mod $file;../../instancesUC1withLB/opl/warmstartDataOplDec24/17_warm_start_17RandomOvenSchedulingInstance-n10-k5-a5-WithInitialStates.dat;1;9.19e-07;41;1;1;631.0;41.0;7.0;8.0;3.4;3.44;44629200.0;singleobj-opl-reprjob-LB-WS-noUB;17;setupcosts
253;~/minizinc-executables/mzn-gurobi.sh ~/oven-scheduling-problem/solution-methods/minizinc-models/withLowerBounds/direct-batch-pos-tardiness-objective.mzn $file --time-limit 3600000 -v;../../instancesUC1withLB/mzn/17_oven_scheduling.minizinc_instance_1212-10.33.05.dzn;1;0.137539683;6138286;1;1;770.0;106.0;1.0;10.0;1.2957;1.970645;44629200.0;singleobj-mzn-gurobi-LB-noUB;17;tardiness
254;~/minizinc-executables/mzn-gurobi.sh $file ~/oven-scheduling-problem/solution-methods/minizinc-models/withLowerBounds/direct-batch-pos-warmstart-noUB-tardiness-objective.mzn $1 -d $2 --time-limit 3600000 -v;../../instancesUC1withLB/mzn/17_oven_scheduling.minizinc_instance_1212-10.33.05.dzn ../../instancesUC1withLB/mzn/warmstart/17_warm_start_17RandomOvenSchedulingInstance-n10-k5-a5-WithInitialStates.dzn;1;0.138174603;6166622;1;1;770.0;122.0;1.0;10.0;1.1459;1.826912;44629200.0;singleobj-mzn-gurobiWS-LB-noUB;17;tardiness
255;~/opl-executable/opl.sh ~/oven-scheduling-problem/solution-methods/cp-optimizer-models/withLB/interval-repr-jobs-noUB-tardiness.mod $file;../../instancesUC1withLB/opl/17_oven_scheduling.cpoptimizer_instance_1212-10.33.05.dat;1;2.24e-08;1;1;1;770.0;128.0;1.0;10.0;0.06;0.11;44629200.0;singleobj-opl-reprjob-LB-noUB;17;tardiness
256;~/opl-executable/opl.sh ~/oven-scheduling-problem/solution-methods/cp-optimizer-models/withLB/interval-repr-jobs-warmstart-noUB-tardiness.mod $file;../../instancesUC1withLB/opl/warmstartDataOplDec24/17_warm_start_17RandomOvenSchedulingInstance-n10-k5-a5-WithInitialStates.dat;1;2.24e-08;1;1;1;770.0;117.0;1.0;10.0;0.04;0.07;44629200.0;singleobj-opl-reprjob-LB-WS-noUB;17;tardiness
257;~/minizinc-executables/mzn-gurobi.sh ~/oven-scheduling-problem/solution-methods/minizinc-models/withLowerBounds/direct-batch-pos-batchcount-objective.mzn $file --time-limit 3600000 -v;../../instancesUC1withLB/mzn/18_oven_scheduling.minizinc_instance_1212-10.33.07.dzn;1;0.982886003;340570;1;1;446.0;25.0;10.0;5.0;1.2387;2.203733;346500.0;singleobj-mzn-gurobi-LB-noUB;18;batchcount
258;~/minizinc-executables/mzn-gurobi.sh $file ~/oven-scheduling-problem/solution-methods/minizinc-models/withLowerBounds/direct-batch-pos-warmstart-noUB-batchcount-objective.mzn $1 -d $2 --time-limit 3600000 -v;../../instancesUC1withLB/mzn/18_oven_scheduling.minizinc_instance_1212-10.33.07.dzn ../../instancesUC1withLB/mzn/warmstart/18_warm_start_18RandomOvenSchedulingInstance-n10-k5-a5-WithInitialStates.dzn;1;0.97965368;339450;1;1;390.0;25.0;10.0;5.0;1.3219;1.997248;346500.0;singleobj-mzn-gurobiWS-LB-noUB;18;batchcount
259;~/opl-executable/opl.sh ~/oven-scheduling-problem/solution-methods/cp-optimizer-models/withLB/interval-repr-jobs-noUB-batchcount.mod $file;../../instancesUC1withLB/opl/18_oven_scheduling.cpoptimizer_instance_1212-10.33.07.dat;1;1.44e-05;5;1;1;390.0;25.0;10.0;5.0;0.09;0.2;346500.0;singleobj-opl-reprjob-LB-noUB;18;batchcount
260;~/opl-executable/opl.sh ~/oven-scheduling-problem/solution-methods/cp-optimizer-models/withLB/interval-repr-jobs-warmstart-noUB-batchcount.mod $file;../../instancesUC1withLB/opl/warmstartDataOplDec24/18_warm_start_18RandomOvenSchedulingInstance-n10-k5-a5-WithInitialStates.dat;1;1.44e-05;5;1;1;390.0;25.0;10.0;5.0;0.15;0.31;346500.0;singleobj-opl-reprjob-LB-WS-noUB;18;batchcount
261;~/minizinc-executables/mzn-gurobi.sh ~/oven-scheduling-problem/solution-methods/minizinc-models/withLowerBounds/direct-batch-pos-ovenruntime-objective.mzn $file --time-limit 3600000 -v;../../instancesUC1withLB/mzn/18_oven_scheduling.minizinc_instance_1212-10.33.07.dzn;1;0.97965368;339450;1;1;390.0;25.0;10.0;5.0;21.1672;21.83551;346500.0;singleobj-mzn-gurobi-LB-noUB;18;ovenruntime
262;~/minizinc-executables/mzn-gurobi.sh $file ~/oven-scheduling-problem/solution-methods/minizinc-models/withLowerBounds/direct-batch-pos-warmstart-noUB-ovenruntime-objective.mzn $1 -d $2 --time-limit 3600000 -v;../../instancesUC1withLB/mzn/18_oven_scheduling.minizinc_instance_1212-10.33.07.dzn ../../instancesUC1withLB/mzn/warmstart/18_warm_start_18RandomOvenSchedulingInstance-n10-k5-a5-WithInitialStates.dzn;1;0.97965368;339450;1;1;390.0;25.0;10.0;5.0;12.1418;12.831995;346500.0;singleobj-mzn-gurobiWS-LB-noUB;18;ovenruntime
263;~/opl-executable/opl.sh ~/oven-scheduling-problem/solution-methods/cp-optimizer-models/withLB/interval-repr-jobs-noUB-ovenruntime.mod $file;../../instancesUC1withLB/opl/18_oven_scheduling.cpoptimizer_instance_1212-10.33.07.dat;1;0.001125541;390;1;1;390.0;25.0;10.0;5.0;0.17;0.21;346500.0;singleobj-opl-reprjob-LB-noUB;18;ovenruntime
264;~/opl-executable/opl.sh ~/oven-scheduling-problem/solution-methods/cp-optimizer-models/withLB/interval-repr-jobs-warmstart-noUB-ovenruntime.mod $file;../../instancesUC1withLB/opl/warmstartDataOplDec24/18_warm_start_18RandomOvenSchedulingInstance-n10-k5-a5-WithInitialStates.dat;1;0.001125541;390;1;1;390.0;25.0;10.0;5.0;0.11;0.15;346500.0;singleobj-opl-reprjob-LB-WS-noUB;18;ovenruntime
265;~/minizinc-executables/mzn-gurobi.sh ~/oven-scheduling-problem/solution-methods/minizinc-models/withLowerBounds/direct-batch-pos-setupcosts-objective.mzn $file --time-limit 3600000 -v;../../instancesUC1withLB/mzn/18_oven_scheduling.minizinc_instance_1212-10.33.07.dzn;1;0.982597403;340470;1;1;441.0;25.0;10.0;5.0;1.8382;2.757282;346500.0;singleobj-mzn-gurobi-LB-noUB;18;setupcosts
266;~/minizinc-executables/mzn-gurobi.sh $file ~/oven-scheduling-problem/solution-methods/minizinc-models/withLowerBounds/direct-batch-pos-warmstart-noUB-setupcosts-objective.mzn $1 -d $2 --time-limit 3600000 -v;../../instancesUC1withLB/mzn/18_oven_scheduling.minizinc_instance_1212-10.33.07.dzn ../../instancesUC1withLB/mzn/warmstart/18_warm_start_18RandomOvenSchedulingInstance-n10-k5-a5-WithInitialStates.dzn;1;0.97965368;339450;1;1;390.0;25.0;10.0;5.0;1.4425;2.118496;346500.0;singleobj-mzn-gurobiWS-LB-noUB;18;setupcosts
267;~/opl-executable/opl.sh ~/oven-scheduling-problem/solution-methods/cp-optimizer-models/withLB/interval-repr-jobs-noUB-setupcosts.mod $file;../../instancesUC1withLB/opl/18_oven_scheduling.cpoptimizer_instance_1212-10.33.07.dat;1;7.22e-05;25;1;1;390.0;25.0;10.0;5.0;0.12;0.18;346500.0;singleobj-opl-reprjob-LB-noUB;18;setupcosts
268;~/opl-executable/opl.sh ~/oven-scheduling-problem/solution-methods/cp-optimizer-models/withLB/interval-repr-jobs-warmstart-noUB-setupcosts.mod $file;../../instancesUC1withLB/opl/warmstartDataOplDec24/18_warm_start_18RandomOvenSchedulingInstance-n10-k5-a5-WithInitialStates.dat;1;7.22e-05;25;1;1;390.0;25.0;10.0;5.0;0.18;0.22;346500.0;singleobj-opl-reprjob-LB-WS-noUB;18;setupcosts
269;~/minizinc-executables/mzn-gurobi.sh ~/oven-scheduling-problem/solution-methods/minizinc-models/withLowerBounds/direct-batch-pos-tardiness-objective.mzn $file --time-limit 3600000 -v;../../instancesUC1withLB/mzn/18_oven_scheduling.minizinc_instance_1212-10.33.07.dzn;1;0.988686869;342580;1;1;497.0;40.0;10.0;8.0;0.964;1.647034;346500.0;singleobj-mzn-gurobi-LB-noUB;18;tardiness
270;~/minizinc-executables/mzn-gurobi.sh $file ~/oven-scheduling-problem/solution-methods/minizinc-models/withLowerBounds/direct-batch-pos-warmstart-noUB-tardiness-objective.mzn $1 -d $2 --time-limit 3600000 -v;../../instancesUC1withLB/mzn/18_oven_scheduling.minizinc_instance_1212-10.33.07.dzn ../../instancesUC1withLB/mzn/warmstart/18_warm_start_18RandomOvenSchedulingInstance-n10-k5-a5-WithInitialStates.dzn;1;0.996421356;345260;1;1;631.0;40.0;10.0;8.0;0.761;1.463867;346500.0;singleobj-mzn-gurobiWS-LB-noUB;18;tardiness
271;~/opl-executable/opl.sh ~/oven-scheduling-problem/solution-methods/cp-optimizer-models/withLB/interval-repr-jobs-noUB-tardiness.mod $file;../../instancesUC1withLB/opl/18_oven_scheduling.cpoptimizer_instance_1212-10.33.07.dat;1;2.89e-05;10;1;1;537.0;40.0;10.0;8.0;0.02;0.06;346500.0;singleobj-opl-reprjob-LB-noUB;18;tardiness
272;~/opl-executable/opl.sh ~/oven-scheduling-problem/solution-methods/cp-optimizer-models/withLB/interval-repr-jobs-warmstart-noUB-tardiness.mod $file;../../instancesUC1withLB/opl/warmstartDataOplDec24/18_warm_start_18RandomOvenSchedulingInstance-n10-k5-a5-WithInitialStates.dat;1;2.89e-05;10;1;1;497.0;40.0;10.0;8.0;0.03;0.06;346500.0;singleobj-opl-reprjob-LB-WS-noUB;18;tardiness
273;~/minizinc-executables/mzn-gurobi.sh $file ~/oven-scheduling-problem/solution-methods/minizinc-models/withLowerBounds/direct-batch-pos-warmstart-noUB-batchcount-objective.mzn $1 -d $2 --time-limit 3600000 -v;../../instancesUC1withLB/mzn/19_oven_scheduling.minizinc_instance_1212-10.33.09.dzn ../../instancesUC1withLB/mzn/warmstart/19_warm_start_19RandomOvenSchedulingInstance-n10-k5-a5-WithInitialStates.dzn;1;0.90007619;94508;1;1;499.0;129.0;9.0;8.0;1.8097;2.510444;105000.0;singleobj-mzn-gurobiWS-LB-noUB;19;batchcount
274;~/opl-executable/opl.sh ~/oven-scheduling-problem/solution-methods/cp-optimizer-models/withLB/interval-repr-jobs-noUB-batchcount.mod $file;../../instancesUC1withLB/opl/19_oven_scheduling.cpoptimizer_instance_1212-10.33.09.dat;1;7.62e-05;8;1;1;416.0;111.0;8.0;8.0;0.31;0.43;105000.0;singleobj-opl-reprjob-LB-noUB;19;batchcount
275;~/opl-executable/opl.sh ~/oven-scheduling-problem/solution-methods/cp-optimizer-models/withLB/interval-repr-jobs-warmstart-noUB-batchcount.mod $file;../../instancesUC1withLB/opl/warmstartDataOplDec24/19_warm_start_19RandomOvenSchedulingInstance-n10-k5-a5-WithInitialStates.dat;1;7.62e-05;8;1;1;449.0;132.0;6.0;8.0;0.1;0.15;105000.0;singleobj-opl-reprjob-LB-WS-noUB;19;batchcount
276;~/minizinc-executables/mzn-gurobi.sh $file ~/oven-scheduling-problem/solution-methods/minizinc-models/withLowerBounds/direct-batch-pos-warmstart-noUB-ovenruntime-objective.mzn $1 -d $2 --time-limit 3600000 -v;../../instancesUC1withLB/mzn/19_oven_scheduling.minizinc_instance_1212-10.33.09.dzn ../../instancesUC1withLB/mzn/warmstart/19_warm_start_19RandomOvenSchedulingInstance-n10-k5-a5-WithInitialStates.dzn;1;0.893714286;93840;1;1;416.0;128.0;9.0;8.0;1.5811;2.265011;105000.0;singleobj-mzn-gurobiWS-LB-noUB;19;ovenruntime
277;~/opl-executable/opl.sh ~/oven-scheduling-problem/solution-methods/cp-optimizer-models/withLB/interval-repr-jobs-noUB-ovenruntime.mod $file;../../instancesUC1withLB/opl/19_oven_scheduling.cpoptimizer_instance_1212-10.33.09.dat;1;0.003961905;416;1;1;416.0;128.0;10.0;8.0;0.08;0.11;105000.0;singleobj-opl-reprjob-LB-noUB;19;ovenruntime
278;~/opl-executable/opl.sh ~/oven-scheduling-problem/solution-methods/cp-optimizer-models/withLB/interval-repr-jobs-warmstart-noUB-ovenruntime.mod $file;../../instancesUC1withLB/opl/warmstartDataOplDec24/19_warm_start_19RandomOvenSchedulingInstance-n10-k5-a5-WithInitialStates.dat;1;0.003961905;416;1;1;416.0;148.0;7.0;8.0;0.11;0.15;105000.0;singleobj-opl-reprjob-LB-WS-noUB;19;ovenruntime
279;~/minizinc-executables/mzn-gurobi.sh $file ~/oven-scheduling-problem/solution-methods/minizinc-models/withLowerBounds/direct-batch-pos-warmstart-noUB-setupcosts-objective.mzn $1 -d $2 --time-limit 3600000 -v;../../instancesUC1withLB/mzn/19_oven_scheduling.minizinc_instance_1212-10.33.09.dzn ../../instancesUC1withLB/mzn/warmstart/19_warm_start_19RandomOvenSchedulingInstance-n10-k5-a5-WithInitialStates.dzn;1;0.700685714;73572;1;1;416.0;61.0;7.0;8.0;101.4517;102.12741;105000.0;singleobj-mzn-gurobiWS-LB-noUB;19;setupcosts
280;~/opl-executable/opl.sh ~/oven-scheduling-problem/solution-methods/cp-optimizer-models/withLB/interval-repr-jobs-noUB-setupcosts.mod $file;../../instancesUC1withLB/opl/19_oven_scheduling.cpoptimizer_instance_1212-10.33.09.dat;1;0.000580952;61;1;1;416.0;61.0;8.0;8.0;28.47;28.5;105000.0;singleobj-opl-reprjob-LB-noUB;19;setupcosts
281;~/opl-executable/opl.sh ~/oven-scheduling-problem/solution-methods/cp-optimizer-models/withLB/interval-repr-jobs-warmstart-noUB-setupcosts.mod $file;../../instancesUC1withLB/opl/warmstartDataOplDec24/19_warm_start_19RandomOvenSchedulingInstance-n10-k5-a5-WithInitialStates.dat;1;0.000580952;61;1;1;416.0;61.0;7.0;8.0;21.45;21.49;105000.0;singleobj-opl-reprjob-LB-WS-noUB;19;setupcosts
282;~/minizinc-executables/mzn-gurobi.sh ~/oven-scheduling-problem/solution-methods/minizinc-models/withLowerBounds/direct-batch-pos-tardiness-objective.mzn $file --time-limit 3600000 -v;../../instancesUC1withLB/mzn/19_oven_scheduling.minizinc_instance_1212-10.33.09.dzn;1;0.2336;24528;1;1;499.0;134.0;2.0;10.0;2.9987;3.680886;105000.0;singleobj-mzn-gurobi-LB-noUB;19;tardiness
283;~/minizinc-executables/mzn-gurobi.sh $file ~/oven-scheduling-problem/solution-methods/minizinc-models/withLowerBounds/direct-batch-pos-warmstart-noUB-tardiness-objective.mzn $1 -d $2 --time-limit 3600000 -v;../../instancesUC1withLB/mzn/19_oven_scheduling.minizinc_instance_1212-10.33.09.dzn ../../instancesUC1withLB/mzn/warmstart/19_warm_start_19RandomOvenSchedulingInstance-n10-k5-a5-WithInitialStates.dzn;1;0.235161905;24692;1;1;499.0;175.0;2.0;10.0;1.3573;2.024053;105000.0;singleobj-mzn-gurobiWS-LB-noUB;19;tardiness
284;~/opl-executable/opl.sh ~/oven-scheduling-problem/solution-methods/cp-optimizer-models/withLB/interval-repr-jobs-noUB-tardiness.mod $file;../../instancesUC1withLB/opl/19_oven_scheduling.cpoptimizer_instance_1212-10.33.09.dat;1;1.9e-05;2;1;1;499.0;138.0;2.0;10.0;0.17;0.21;105000.0;singleobj-opl-reprjob-LB-noUB;19;tardiness
285;~/opl-executable/opl.sh ~/oven-scheduling-problem/solution-methods/cp-optimizer-models/withLB/interval-repr-jobs-warmstart-noUB-tardiness.mod $file;../../instancesUC1withLB/opl/warmstartDataOplDec24/19_warm_start_19RandomOvenSchedulingInstance-n10-k5-a5-WithInitialStates.dat;1;1.9e-05;2;1;1;499.0;156.0;2.0;10.0;0.04;0.08;105000.0;singleobj-opl-reprjob-LB-WS-noUB;19;tardiness
286;~/minizinc-executables/mzn-gurobi.sh $file ~/oven-scheduling-problem/solution-methods/minizinc-models/withLowerBounds/direct-batch-pos-warmstart-noUB-batchcount-objective.mzn $1 -d $2 --time-limit 3600000 -v;../../instancesUC1withLB/mzn/20_oven_scheduling.minizinc_instance_1212-10.33.11.dzn ../../instancesUC1withLB/mzn/warmstart/20_warm_start_20RandomOvenSchedulingInstance-n10-k5-a5-WithInitialStates.dzn;1;0.779541133;2767410;1;1;213.0;26.0;8.0;5.0;1.484;2.138278;3550050.0;singleobj-mzn-gurobiWS-LB-noUB;20;batchcount
287;~/opl-executable/opl.sh ~/oven-scheduling-problem/solution-methods/cp-optimizer-models/withLB/interval-repr-jobs-noUB-batchcount.mod $file;../../instancesUC1withLB/opl/20_oven_scheduling.cpoptimizer_instance_1212-10.33.10.dat;1;1.41e-06;5;1;1;207.0;53.0;8.0;5.0;0.11;0.2;3550050.0;singleobj-opl-reprjob-LB-noUB;20;batchcount
288;~/opl-executable/opl.sh ~/oven-scheduling-problem/solution-methods/cp-optimizer-models/withLB/interval-repr-jobs-warmstart-noUB-batchcount.mod $file;../../instancesUC1withLB/opl/warmstartDataOplDec24/20_warm_start_20RandomOvenSchedulingInstance-n10-k5-a5-WithInitialStates.dat;1;1.41e-06;5;1;1;215.0;65.0;7.0;5.0;0.02;0.06;3550050.0;singleobj-opl-reprjob-LB-WS-noUB;20;batchcount
289;~/minizinc-executables/mzn-gurobi.sh $file ~/oven-scheduling-problem/solution-methods/minizinc-models/withLowerBounds/direct-batch-pos-warmstart-noUB-ovenruntime-objective.mzn $1 -d $2 --time-limit 3600000 -v;../../instancesUC1withLB/mzn/20_oven_scheduling.minizinc_instance_1212-10.33.11.dzn ../../instancesUC1withLB/mzn/warmstart/20_warm_start_20RandomOvenSchedulingInstance-n10-k5-a5-WithInitialStates.dzn;1;0.78006845;2769282;1;1;207.0;50.0;8.0;5.0;9.5219;10.184514;3550050.0;singleobj-mzn-gurobiWS-LB-noUB;20;ovenruntime
290;~/opl-executable/opl.sh ~/oven-scheduling-problem/solution-methods/cp-optimizer-models/withLB/interval-repr-jobs-noUB-ovenruntime.mod $file;../../instancesUC1withLB/opl/20_oven_scheduling.cpoptimizer_instance_1212-10.33.10.dat;1;5.83e-05;207;1;1;207.0;41.0;10.0;5.0;0.42;0.45;3550050.0;singleobj-opl-reprjob-LB-noUB;20;ovenruntime
291;~/opl-executable/opl.sh ~/oven-scheduling-problem/solution-methods/cp-optimizer-models/withLB/interval-repr-jobs-warmstart-noUB-ovenruntime.mod $file;../../instancesUC1withLB/opl/warmstartDataOplDec24/20_warm_start_20RandomOvenSchedulingInstance-n10-k5-a5-WithInitialStates.dat;1;5.83e-05;207;1;1;207.0;68.0;9.0;5.0;0.22;0.25;3550050.0;singleobj-opl-reprjob-LB-WS-noUB;20;ovenruntime
292;~/minizinc-executables/mzn-gurobi.sh $file ~/oven-scheduling-problem/solution-methods/minizinc-models/withLowerBounds/direct-batch-pos-warmstart-noUB-setupcosts-objective.mzn $1 -d $2 --time-limit 3600000 -v;../../instancesUC1withLB/mzn/20_oven_scheduling.minizinc_instance_1212-10.33.11.dzn ../../instancesUC1withLB/mzn/warmstart/20_warm_start_20RandomOvenSchedulingInstance-n10-k5-a5-WithInitialStates.dzn;1;0.779696624;2767962;1;1;215.0;26.0;8.0;5.0;9.0678;9.729759;3550050.0;singleobj-mzn-gurobiWS-LB-noUB;20;setupcosts
293;~/opl-executable/opl.sh ~/oven-scheduling-problem/solution-methods/cp-optimizer-models/withLB/interval-repr-jobs-noUB-setupcosts.mod $file;../../instancesUC1withLB/opl/20_oven_scheduling.cpoptimizer_instance_1212-10.33.10.dat;1;7.32e-06;26;1;1;215.0;26.0;8.0;5.0;2.77;2.79;3550050.0;singleobj-opl-reprjob-LB-noUB;20;setupcosts
294;~/opl-executable/opl.sh ~/oven-scheduling-problem/solution-methods/cp-optimizer-models/withLB/interval-repr-jobs-warmstart-noUB-setupcosts.mod $file;../../instancesUC1withLB/opl/warmstartDataOplDec24/20_warm_start_20RandomOvenSchedulingInstance-n10-k5-a5-WithInitialStates.dat;1;7.32e-06;26;1;1;215.0;26.0;8.0;5.0;3.6;3.63;3550050.0;singleobj-opl-reprjob-LB-WS-noUB;20;setupcosts
295;~/minizinc-executables/mzn-gurobi.sh ~/oven-scheduling-problem/solution-methods/minizinc-models/withLowerBounds/direct-batch-pos-tardiness-objective.mzn $file --time-limit 3600000 -v;../../instancesUC1withLB/mzn/20_oven_scheduling.minizinc_instance_1212-10.33.11.dzn;1;0.518560865;1840917;1;1;488.0;107.0;5.0;9.0;1.1661;1.829079;3550050.0;singleobj-mzn-gurobi-LB-noUB;20;tardiness
296;~/minizinc-executables/mzn-gurobi.sh $file ~/oven-scheduling-problem/solution-methods/minizinc-models/withLowerBounds/direct-batch-pos-warmstart-noUB-tardiness-objective.mzn $1 -d $2 --time-limit 3600000 -v;../../instancesUC1withLB/mzn/20_oven_scheduling.minizinc_instance_1212-10.33.11.dzn ../../instancesUC1withLB/mzn/warmstart/20_warm_start_20RandomOvenSchedulingInstance-n10-k5-a5-WithInitialStates.dzn;1;0.507263278;1800810;1;1;356.0;82.0;5.0;7.0;0.9813;1.637625;3550050.0;singleobj-mzn-gurobiWS-LB-noUB;20;tardiness
297;~/opl-executable/opl.sh ~/oven-scheduling-problem/solution-methods/cp-optimizer-models/withLB/interval-repr-jobs-noUB-tardiness.mod $file;../../instancesUC1withLB/opl/20_oven_scheduling.cpoptimizer_instance_1212-10.33.10.dat;1;1.41e-06;5;1;1;262.0;72.0;5.0;7.0;0.08;0.12;3550050.0;singleobj-opl-reprjob-LB-noUB;20;tardiness
298;~/opl-executable/opl.sh ~/oven-scheduling-problem/solution-methods/cp-optimizer-models/withLB/interval-repr-jobs-warmstart-noUB-tardiness.mod $file;../../instancesUC1withLB/opl/warmstartDataOplDec24/20_warm_start_20RandomOvenSchedulingInstance-n10-k5-a5-WithInitialStates.dat;1;1.41e-06;5;1;1;261.0;69.0;5.0;6.0;1.75;1.8;3550050.0;singleobj-opl-reprjob-LB-WS-noUB;20;tardiness
299;~/minizinc-executables/mzn-gurobi.sh ~/oven-scheduling-problem/solution-methods/minizinc-models/withLowerBounds/direct-batch-pos-batchcount-objective.mzn $file --time-limit 3600000 -v;../../instancesUC1withLB/mzn/21_oven_scheduling.minizinc_instance_1212-10.33.13.dzn;1;0.669678005;36916;1;1;92.0;16.0;17.0;13.0;13.6454;14.501434;55125.0;singleobj-mzn-gurobi-LB-noUB;21;batchcount
300;~/minizinc-executables/mzn-gurobi.sh $file ~/oven-scheduling-problem/solution-methods/minizinc-models/withLowerBounds/direct-batch-pos-warmstart-noUB-batchcount-objective.mzn $1 -d $2 --time-limit 3600000 -v;../../instancesUC1withLB/mzn/21_oven_scheduling.minizinc_instance_1212-10.33.13.dzn ../../instancesUC1withLB/mzn/warmstart/21_warm_start_21RandomOvenSchedulingInstance-n25-k2-a2-WithInitialStates.dzn;1;0.746539683;41153;1;1;91.0;23.0;19.0;13.0;4.1422;4.980925;55125.0;singleobj-mzn-gurobiWS-LB-noUB;21;batchcount
301;~/opl-executable/opl.sh ~/oven-scheduling-problem/solution-methods/cp-optimizer-models/withLB/interval-repr-jobs-noUB-batchcount.mod $file;../../instancesUC1withLB/opl/21_oven_scheduling.cpoptimizer_instance_1212-10.33.13.dat;1;0.000235828;13;1;1;89.0;16.0;19.0;13.0;1.2;1.33;55125.0;singleobj-opl-reprjob-LB-noUB;21;batchcount
302;~/opl-executable/opl.sh ~/oven-scheduling-problem/solution-methods/cp-optimizer-models/withLB/interval-repr-jobs-warmstart-noUB-batchcount.mod $file;../../instancesUC1withLB/opl/warmstartDataOplDec24/21_warm_start_21RandomOvenSchedulingInstance-n25-k2-a2-WithInitialStates.dat;1;0.000235828;13;1;1;89.0;23.0;20.0;13.0;0.96;1.11;55125.0;singleobj-opl-reprjob-LB-WS-noUB;21;batchcount
303;~/minizinc-executables/mzn-gurobi.sh ~/oven-scheduling-problem/solution-methods/minizinc-models/withLowerBounds/direct-batch-pos-ovenruntime-objective.mzn $file --time-limit 3600000 -v;../../instancesUC1withLB/mzn/21_oven_scheduling.minizinc_instance_1212-10.33.13.dzn;1;0.707791383;39017;1;1;88.0;23.0;18.0;13.0;646.1204;647.14468;55125.0;singleobj-mzn-gurobi-LB-noUB;21;ovenruntime
304;~/minizinc-executables/mzn-gurobi.sh $file ~/oven-scheduling-problem/solution-methods/minizinc-models/withLowerBounds/direct-batch-pos-warmstart-noUB-ovenruntime-objective.mzn $1 -d $2 --time-limit 3600000 -v;../../instancesUC1withLB/mzn/21_oven_scheduling.minizinc_instance_1212-10.33.13.dzn ../../instancesUC1withLB/mzn/warmstart/21_warm_start_21RandomOvenSchedulingInstance-n25-k2-a2-WithInitialStates.dzn;1;0.859664399;47389;1;1;88.0;19.0;22.0;13.0;824.8475;825.700057;55125.0;singleobj-mzn-gurobiWS-LB-noUB;21;ovenruntime
305;~/opl-executable/opl.sh ~/oven-scheduling-problem/solution-methods/cp-optimizer-models/withLB/interval-repr-jobs-noUB-ovenruntime.mod $file;../../instancesUC1withLB/opl/21_oven_scheduling.cpoptimizer_instance_1212-10.33.13.dat;1;0.001596372;88;1;1;88.0;23.0;23.0;13.0;2.06;2.18;55125.0;singleobj-opl-reprjob-LB-noUB;21;ovenruntime
306;~/opl-executable/opl.sh ~/oven-scheduling-problem/solution-methods/cp-optimizer-models/withLB/interval-repr-jobs-warmstart-noUB-ovenruntime.mod $file;../../instancesUC1withLB/opl/warmstartDataOplDec24/21_warm_start_21RandomOvenSchedulingInstance-n25-k2-a2-WithInitialStates.dat;1;0.001596372;88;1;1;88.0;21.0;23.0;13.0;1.56;1.69;55125.0;singleobj-opl-reprjob-LB-WS-noUB;21;ovenruntime
307;~/minizinc-executables/mzn-gurobi.sh ~/oven-scheduling-problem/solution-methods/minizinc-models/withLowerBounds/direct-batch-pos-setupcosts-objective.mzn $file --time-limit 3600000 -v;../../instancesUC1withLB/mzn/21_oven_scheduling.minizinc_instance_1212-10.33.13.dzn;1;0.759546485;41870;1;1;156.0;14.0;19.0;20.0;66.2462;67.102816;55125.0;singleobj-mzn-gurobi-LB-noUB;21;setupcosts
308;~/minizinc-executables/mzn-gurobi.sh $file ~/oven-scheduling-problem/solution-methods/minizinc-models/withLowerBounds/direct-batch-pos-warmstart-noUB-setupcosts-objective.mzn $1 -d $2 --time-limit 3600000 -v;../../instancesUC1withLB/mzn/21_oven_scheduling.minizinc_instance_1212-10.33.13.dzn ../../instancesUC1withLB/mzn/warmstart/21_warm_start_21RandomOvenSchedulingInstance-n25-k2-a2-WithInitialStates.dzn;1;0.936743764;51638;1;1;95.0;14.0;24.0;13.0;74.6726;75.5647;55125.0;singleobj-mzn-gurobiWS-LB-noUB;21;setupcosts
309;~/opl-executable/opl.sh ~/oven-scheduling-problem/solution-methods/cp-optimizer-models/withLB/interval-repr-jobs-noUB-setupcosts.mod $file;../../instancesUC1withLB/opl/21_oven_scheduling.cpoptimizer_instance_1212-10.33.13.dat;1;0.000253968;14;-1;1;102.0;14.0;22.0;16.0;3599.88;3600.0;55125.0;singleobj-opl-reprjob-LB-noUB;21;setupcosts
310;~/opl-executable/opl.sh ~/oven-scheduling-problem/solution-methods/cp-optimizer-models/withLB/interval-repr-jobs-warmstart-noUB-setupcosts.mod $file;../../instancesUC1withLB/opl/warmstartDataOplDec24/21_warm_start_21RandomOvenSchedulingInstance-n25-k2-a2-WithInitialStates.dat;1;0.000253968;14;-1;1;108.0;14.0;20.0;16.0;3599.88;3600.0;55125.0;singleobj-opl-reprjob-LB-WS-noUB;21;setupcosts
311;~/minizinc-executables/mzn-gurobi.sh ~/oven-scheduling-problem/solution-methods/minizinc-models/withLowerBounds/direct-batch-pos-tardiness-objective.mzn $file --time-limit 3600000 -v;../../instancesUC1withLB/mzn/21_oven_scheduling.minizinc_instance_1212-10.33.13.dzn;1;0.608362812;33536;1;1;151.0;32.0;15.0;24.0;6.6464;7.494773;55125.0;singleobj-mzn-gurobi-LB-noUB;21;tardiness
312;~/minizinc-executables/mzn-gurobi.sh $file ~/oven-scheduling-problem/solution-methods/minizinc-models/withLowerBounds/direct-batch-pos-warmstart-noUB-tardiness-objective.mzn $1 -d $2 --time-limit 3600000 -v;../../instancesUC1withLB/mzn/21_oven_scheduling.minizinc_instance_1212-10.33.13.dzn ../../instancesUC1withLB/mzn/warmstart/21_warm_start_21RandomOvenSchedulingInstance-n25-k2-a2-WithInitialStates.dzn;1;0.610013605;33627;1;1;158.0;33.0;15.0;25.0;5.7402;6.622095;55125.0;singleobj-mzn-gurobiWS-LB-noUB;21;tardiness
313;~/opl-executable/opl.sh ~/oven-scheduling-problem/solution-methods/cp-optimizer-models/withLB/interval-repr-jobs-noUB-tardiness.mod $file;../../instancesUC1withLB/opl/21_oven_scheduling.cpoptimizer_instance_1212-10.33.13.dat;1;0.000272109;15;1;1;115.0;25.0;15.0;17.0;5.62;5.75;55125.0;singleobj-opl-reprjob-LB-noUB;21;tardiness
314;~/opl-executable/opl.sh ~/oven-scheduling-problem/solution-methods/cp-optimizer-models/withLB/interval-repr-jobs-warmstart-noUB-tardiness.mod $file;../../instancesUC1withLB/opl/warmstartDataOplDec24/21_warm_start_21RandomOvenSchedulingInstance-n25-k2-a2-WithInitialStates.dat;1;0.000272109;15;1;1;132.0;26.0;15.0;19.0;8.7;8.86;55125.0;singleobj-opl-reprjob-LB-WS-noUB;21;tardiness
315;~/minizinc-executables/mzn-gurobi.sh ~/oven-scheduling-problem/solution-methods/minizinc-models/withLowerBounds/direct-batch-pos-batchcount-objective.mzn $file --time-limit 3600000 -v;../../instancesUC1withLB/mzn/22_oven_scheduling.minizinc_instance_1212-10.33.15.dzn;1;0.923936508;14552;1;1;38.0;0.0;24.0;4.0;1.2577;2.60271;15750.0;singleobj-mzn-gurobi-LB-noUB;22;batchcount
316;~/minizinc-executables/mzn-gurobi.sh $file ~/oven-scheduling-problem/solution-methods/minizinc-models/withLowerBounds/direct-batch-pos-warmstart-noUB-batchcount-objective.mzn $1 -d $2 --time-limit 3600000 -v;../../instancesUC1withLB/mzn/22_oven_scheduling.minizinc_instance_1212-10.33.15.dzn ../../instancesUC1withLB/mzn/warmstart/22_warm_start_22RandomOvenSchedulingInstance-n25-k2-a2-WithInitialStates.dzn;1;0.962920635;15166;1;1;40.0;3.0;25.0;4.0;0.9904;1.815746;15750.0;singleobj-mzn-gurobiWS-LB-noUB;22;batchcount
317;~/opl-executable/opl.sh ~/oven-scheduling-problem/solution-methods/cp-optimizer-models/withLB/interval-repr-jobs-noUB-batchcount.mod $file;../../instancesUC1withLB/opl/22_oven_scheduling.cpoptimizer_instance_1212-10.33.15.dat;1;0.000253968;4;1;1;38.0;0.0;24.0;4.0;0.13;0.31;15750.0;singleobj-opl-reprjob-LB-noUB;22;batchcount
318;~/opl-executable/opl.sh ~/oven-scheduling-problem/solution-methods/cp-optimizer-models/withLB/interval-repr-jobs-warmstart-noUB-batchcount.mod $file;../../instancesUC1withLB/opl/warmstartDataOplDec24/22_warm_start_22RandomOvenSchedulingInstance-n25-k2-a2-WithInitialStates.dat;1;0.000253968;4;1;1;38.0;3.0;24.0;4.0;0.02;0.15;15750.0;singleobj-opl-reprjob-LB-WS-noUB;22;batchcount
319;~/minizinc-executables/mzn-gurobi.sh ~/oven-scheduling-problem/solution-methods/minizinc-models/withLowerBounds/direct-batch-pos-ovenruntime-objective.mzn $file --time-limit 3600000 -v;../../instancesUC1withLB/mzn/22_oven_scheduling.minizinc_instance_1212-10.33.15.dzn;1;0.923936508;14552;1;1;38.0;0.0;24.0;4.0;1.1575;2.16601;15750.0;singleobj-mzn-gurobi-LB-noUB;22;ovenruntime
320;~/minizinc-executables/mzn-gurobi.sh $file ~/oven-scheduling-problem/solution-methods/minizinc-models/withLowerBounds/direct-batch-pos-warmstart-noUB-ovenruntime-objective.mzn $1 -d $2 --time-limit 3600000 -v;../../instancesUC1withLB/mzn/22_oven_scheduling.minizinc_instance_1212-10.33.15.dzn ../../instancesUC1withLB/mzn/warmstart/22_warm_start_22RandomOvenSchedulingInstance-n25-k2-a2-WithInitialStates.dzn;1;0.962412698;15158;1;1;38.0;3.0;25.0;4.0;2.4103;3.218774;15750.0;singleobj-mzn-gurobiWS-LB-noUB;22;ovenruntime
321;~/opl-executable/opl.sh ~/oven-scheduling-problem/solution-methods/cp-optimizer-models/withLB/interval-repr-jobs-noUB-ovenruntime.mod $file;../../instancesUC1withLB/opl/22_oven_scheduling.cpoptimizer_instance_1212-10.33.15.dat;1;0.002412698;38;1;1;38.0;3.0;25.0;4.0;0.15;0.29;15750.0;singleobj-opl-reprjob-LB-noUB;22;ovenruntime
322;~/opl-executable/opl.sh ~/oven-scheduling-problem/solution-methods/cp-optimizer-models/withLB/interval-repr-jobs-warmstart-noUB-ovenruntime.mod $file;../../instancesUC1withLB/opl/warmstartDataOplDec24/22_warm_start_22RandomOvenSchedulingInstance-n25-k2-a2-WithInitialStates.dat;1;0.002412698;38;1;1;38.0;3.0;24.0;4.0;0.21;0.35;15750.0;singleobj-opl-reprjob-LB-WS-noUB;22;ovenruntime
323;~/minizinc-executables/mzn-gurobi.sh ~/oven-scheduling-problem/solution-methods/minizinc-models/withLowerBounds/direct-batch-pos-setupcosts-objective.mzn $file --time-limit 3600000 -v;../../instancesUC1withLB/mzn/22_oven_scheduling.minizinc_instance_1212-10.33.15.dzn;1;0.923936508;14552;1;1;38.0;0.0;24.0;4.0;1.1398;1.953673;15750.0;singleobj-mzn-gurobi-LB-noUB;22;setupcosts
324;~/minizinc-executables/mzn-gurobi.sh $file ~/oven-scheduling-problem/solution-methods/minizinc-models/withLowerBounds/direct-batch-pos-warmstart-noUB-setupcosts-objective.mzn $1 -d $2 --time-limit 3600000 -v;../../instancesUC1withLB/mzn/22_oven_scheduling.minizinc_instance_1212-10.33.15.dzn ../../instancesUC1withLB/mzn/warmstart/22_warm_start_22RandomOvenSchedulingInstance-n25-k2-a2-WithInitialStates.dzn;1;0.98031746;15440;1;1;110.0;0.0;25.0;19.0;1.5356;2.399093;15750.0;singleobj-mzn-gurobiWS-LB-noUB;22;setupcosts
325;~/opl-executable/opl.sh ~/oven-scheduling-problem/solution-methods/cp-optimizer-models/withLB/interval-repr-jobs-noUB-setupcosts.mod $file;../../instancesUC1withLB/opl/22_oven_scheduling.cpoptimizer_instance_1212-10.33.15.dat;1;0.0;0;1;1;38.0;0.0;24.0;4.0;0.09;0.24;15750.0;singleobj-opl-reprjob-LB-noUB;22;setupcosts
326;~/opl-executable/opl.sh ~/oven-scheduling-problem/solution-methods/cp-optimizer-models/withLB/interval-repr-jobs-warmstart-noUB-setupcosts.mod $file;../../instancesUC1withLB/opl/warmstartDataOplDec24/22_warm_start_22RandomOvenSchedulingInstance-n25-k2-a2-WithInitialStates.dat;1;0.0;0;1;1;39.0;0.0;24.0;5.0;0.11;0.25;15750.0;singleobj-opl-reprjob-LB-WS-noUB;22;setupcosts
327;~/minizinc-executables/mzn-gurobi.sh ~/oven-scheduling-problem/solution-methods/minizinc-models/withLowerBounds/direct-batch-pos-tardiness-objective.mzn $file --time-limit 3600000 -v;../../instancesUC1withLB/mzn/22_oven_scheduling.minizinc_instance_1212-10.33.15.dzn;1;0.923936508;14552;1;1;38.0;0.0;24.0;4.0;2.5342;3.351764;15750.0;singleobj-mzn-gurobi-LB-noUB;22;tardiness
328;~/minizinc-executables/mzn-gurobi.sh $file ~/oven-scheduling-problem/solution-methods/minizinc-models/withLowerBounds/direct-batch-pos-warmstart-noUB-tardiness-objective.mzn $1 -d $2 --time-limit 3600000 -v;../../instancesUC1withLB/mzn/22_oven_scheduling.minizinc_instance_1212-10.33.15.dzn ../../instancesUC1withLB/mzn/warmstart/22_warm_start_22RandomOvenSchedulingInstance-n25-k2-a2-WithInitialStates.dzn;1;0.926984127;14600;1;1;47.0;6.0;24.0;5.0;3.1097;3.942669;15750.0;singleobj-mzn-gurobiWS-LB-noUB;22;tardiness
329;~/opl-executable/opl.sh ~/oven-scheduling-problem/solution-methods/cp-optimizer-models/withLB/interval-repr-jobs-noUB-tardiness.mod $file;../../instancesUC1withLB/opl/22_oven_scheduling.cpoptimizer_instance_1212-10.33.15.dat;1;0.00152381;24;-1;1;38.0;0.0;24.0;4.0;3599.86;3600.0;15750.0;singleobj-opl-reprjob-LB-noUB;22;tardiness
330;~/opl-executable/opl.sh ~/oven-scheduling-problem/solution-methods/cp-optimizer-models/withLB/interval-repr-jobs-warmstart-noUB-tardiness.mod $file;../../instancesUC1withLB/opl/warmstartDataOplDec24/22_warm_start_22RandomOvenSchedulingInstance-n25-k2-a2-WithInitialStates.dat;1;0.00152381;24;-1;1;39.0;3.0;24.0;5.0;3599.88;3600.0;15750.0;singleobj-opl-reprjob-LB-WS-noUB;22;tardiness
331;~/minizinc-executables/mzn-gurobi.sh ~/oven-scheduling-problem/solution-methods/minizinc-models/withLowerBounds/direct-batch-pos-batchcount-objective.mzn $file --time-limit 3600000 -v;../../instancesUC1withLB/mzn/23_oven_scheduling.minizinc_instance_1212-10.33.18.dzn;1;0.973651855;64192380;1;1;649.0;136.0;25.0;10.0;28.0895;29.46047;65929500.0;singleobj-mzn-gurobi-LB-noUB;23;batchcount
332;~/minizinc-executables/mzn-gurobi.sh $file ~/oven-scheduling-problem/solution-methods/minizinc-models/withLowerBounds/direct-batch-pos-warmstart-noUB-batchcount-objective.mzn $1 -d $2 --time-limit 3600000 -v;../../instancesUC1withLB/mzn/23_oven_scheduling.minizinc_instance_1212-10.33.18.dzn ../../instancesUC1withLB/mzn/warmstart/23_warm_start_23RandomOvenSchedulingInstance-n25-k2-a2-WithInitialStates.dzn;1;0.974538621;64250844;1;1;677.0;140.0;25.0;10.0;11.8646;12.715852;65929500.0;singleobj-mzn-gurobiWS-LB-noUB;23;batchcount
333;~/opl-executable/opl.sh ~/oven-scheduling-problem/solution-methods/cp-optimizer-models/withLB/interval-repr-jobs-noUB-batchcount.mod $file;../../instancesUC1withLB/opl/23_oven_scheduling.cpoptimizer_instance_1212-10.33.17.dat;1;1.52e-07;10;1;1;638.0;157.0;25.0;10.0;3.15;3.32;65929500.0;singleobj-opl-reprjob-LB-noUB;23;batchcount
334;~/opl-executable/opl.sh ~/oven-scheduling-problem/solution-methods/cp-optimizer-models/withLB/interval-repr-jobs-warmstart-noUB-batchcount.mod $file;../../instancesUC1withLB/opl/warmstartDataOplDec24/23_warm_start_23RandomOvenSchedulingInstance-n25-k2-a2-WithInitialStates.dat;1;1.52e-07;10;1;1;647.0;140.0;25.0;10.0;2.75;2.88;65929500.0;singleobj-opl-reprjob-LB-WS-noUB;23;batchcount
335;~/minizinc-executables/mzn-gurobi.sh ~/oven-scheduling-problem/solution-methods/minizinc-models/withLowerBounds/direct-batch-pos-ovenruntime-objective.mzn $file --time-limit 3600000 -v;../../instancesUC1withLB/mzn/23_oven_scheduling.minizinc_instance_1212-10.33.18.dzn;1;-1.0;-1;-1;-1;;;;;3608.1277;;;singleobj-mzn-gurobi-LB-noUB;23;ovenruntime
336;~/minizinc-executables/mzn-gurobi.sh $file ~/oven-scheduling-problem/solution-methods/minizinc-models/withLowerBounds/direct-batch-pos-warmstart-noUB-ovenruntime-objective.mzn $1 -d $2 --time-limit 3600000 -v;../../instancesUC1withLB/mzn/23_oven_scheduling.minizinc_instance_1212-10.33.18.dzn ../../instancesUC1withLB/mzn/warmstart/23_warm_start_23RandomOvenSchedulingInstance-n25-k2-a2-WithInitialStates.dzn;1;0.97311419;64156932;-1;1;638.0;123.0;25.0;10.0;3607.7143;3608.614607;65929500.0;singleobj-mzn-gurobiWS-LB-noUB;23;ovenruntime
337;~/opl-executable/opl.sh ~/oven-scheduling-problem/solution-methods/cp-optimizer-models/withLB/interval-repr-jobs-noUB-ovenruntime.mod $file;../../instancesUC1withLB/opl/23_oven_scheduling.cpoptimizer_instance_1212-10.33.17.dat;1;9.68e-06;638;1;1;638.0;140.0;25.0;10.0;4.42;4.53;65929500.0;singleobj-opl-reprjob-LB-noUB;23;ovenruntime
338;~/opl-executable/opl.sh ~/oven-scheduling-problem/solution-methods/cp-optimizer-models/withLB/interval-repr-jobs-warmstart-noUB-ovenruntime.mod $file;../../instancesUC1withLB/opl/warmstartDataOplDec24/23_warm_start_23RandomOvenSchedulingInstance-n25-k2-a2-WithInitialStates.dat;1;9.68e-06;638;1;1;638.0;140.0;25.0;10.0;3.52;3.67;65929500.0;singleobj-opl-reprjob-LB-WS-noUB;23;ovenruntime
339;~/minizinc-executables/mzn-gurobi.sh ~/oven-scheduling-problem/solution-methods/minizinc-models/withLowerBounds/direct-batch-pos-setupcosts-objective.mzn $file --time-limit 3600000 -v;../../instancesUC1withLB/mzn/23_oven_scheduling.minizinc_instance_1212-10.33.18.dzn;1;0.97340723;64176252;1;1;648.0;123.0;25.0;10.0;44.511;45.374129;65929500.0;singleobj-mzn-gurobi-LB-noUB;23;setupcosts
340;~/minizinc-executables/mzn-gurobi.sh $file ~/oven-scheduling-problem/solution-methods/minizinc-models/withLowerBounds/direct-batch-pos-warmstart-noUB-setupcosts-objective.mzn $1 -d $2 --time-limit 3600000 -v;../../instancesUC1withLB/mzn/23_oven_scheduling.minizinc_instance_1212-10.33.18.dzn ../../instancesUC1withLB/mzn/warmstart/23_warm_start_23RandomOvenSchedulingInstance-n25-k2-a2-WithInitialStates.dzn;1;0.974374263;64240008;1;1;681.0;123.0;25.0;10.0;15.42;16.288904;65929500.0;singleobj-mzn-gurobiWS-LB-noUB;23;setupcosts
341;~/opl-executable/opl.sh ~/oven-scheduling-problem/solution-methods/cp-optimizer-models/withLB/interval-repr-jobs-noUB-setupcosts.mod $file;../../instancesUC1withLB/opl/23_oven_scheduling.cpoptimizer_instance_1212-10.33.17.dat;1;1.87e-06;123;-1;1;642.0;123.0;25.0;10.0;3599.99;3600.11;65929500.0;singleobj-opl-reprjob-LB-noUB;23;setupcosts
342;~/opl-executable/opl.sh ~/oven-scheduling-problem/solution-methods/cp-optimizer-models/withLB/interval-repr-jobs-warmstart-noUB-setupcosts.mod $file;../../instancesUC1withLB/opl/warmstartDataOplDec24/23_warm_start_23RandomOvenSchedulingInstance-n25-k2-a2-WithInitialStates.dat;1;1.87e-06;123;-1;1;656.0;123.0;25.0;10.0;3599.97;3600.11;65929500.0;singleobj-opl-reprjob-LB-WS-noUB;23;setupcosts
343;~/minizinc-executables/mzn-gurobi.sh ~/oven-scheduling-problem/solution-methods/minizinc-models/withLowerBounds/direct-batch-pos-tardiness-objective.mzn $file --time-limit 3600000 -v;../../instancesUC1withLB/mzn/23_oven_scheduling.minizinc_instance_1212-10.33.18.dzn;1;0.973543558;64185240;1;1;647.0;133.0;25.0;11.0;3.9687;4.819157;65929500.0;singleobj-mzn-gurobi-LB-noUB;23;tardiness
344;~/minizinc-executables/mzn-gurobi.sh $file ~/oven-scheduling-problem/solution-methods/minizinc-models/withLowerBounds/direct-batch-pos-warmstart-noUB-tardiness-objective.mzn $1 -d $2 --time-limit 3600000 -v;../../instancesUC1withLB/mzn/23_oven_scheduling.minizinc_instance_1212-10.33.18.dzn ../../instancesUC1withLB/mzn/warmstart/23_warm_start_23RandomOvenSchedulingInstance-n25-k2-a2-WithInitialStates.dzn;1;0.974538621;64250844;1;1;677.0;140.0;25.0;10.0;0.948;1.808264;65929500.0;singleobj-mzn-gurobiWS-LB-noUB;23;tardiness
345;~/opl-executable/opl.sh ~/oven-scheduling-problem/solution-methods/cp-optimizer-models/withLB/interval-repr-jobs-noUB-tardiness.mod $file;../../instancesUC1withLB/opl/23_oven_scheduling.cpoptimizer_instance_1212-10.33.17.dat;1;3.79e-07;25;1;1;917.0;246.0;25.0;16.0;0.02;0.15;65929500.0;singleobj-opl-reprjob-LB-noUB;23;tardiness
346;~/opl-executable/opl.sh ~/oven-scheduling-problem/solution-methods/cp-optimizer-models/withLB/interval-repr-jobs-warmstart-noUB-tardiness.mod $file;../../instancesUC1withLB/opl/warmstartDataOplDec24/23_warm_start_23RandomOvenSchedulingInstance-n25-k2-a2-WithInitialStates.dat;1;3.79e-07;25;1;1;647.0;140.0;25.0;10.0;0.02;0.13;65929500.0;singleobj-opl-reprjob-LB-WS-noUB;23;tardiness
347;~/minizinc-executables/mzn-gurobi.sh ~/oven-scheduling-problem/solution-methods/minizinc-models/withLowerBounds/direct-batch-pos-batchcount-objective.mzn $file --time-limit 3600000 -v;../../instancesUC1withLB/mzn/24_oven_scheduling.minizinc_instance_1212-10.33.20.dzn;1;0.900677249;340456;1;1;660.0;167.0;23.0;12.0;75.1118;75.965476;378000.0;singleobj-mzn-gurobi-LB-noUB;24;batchcount
348;~/minizinc-executables/mzn-gurobi.sh $file ~/oven-scheduling-problem/solution-methods/minizinc-models/withLowerBounds/direct-batch-pos-warmstart-noUB-batchcount-objective.mzn $1 -d $2 --time-limit 3600000 -v;../../instancesUC1withLB/mzn/24_oven_scheduling.minizinc_instance_1212-10.33.20.dzn ../../instancesUC1withLB/mzn/warmstart/24_warm_start_24RandomOvenSchedulingInstance-n25-k2-a2-WithInitialStates.dzn;1;0.864962963;326956;1;1;727.0;179.0;22.0;12.0;65.0679;65.925248;378000.0;singleobj-mzn-gurobiWS-LB-noUB;24;batchcount
349;~/opl-executable/opl.sh ~/oven-scheduling-problem/solution-methods/cp-optimizer-models/withLB/interval-repr-jobs-noUB-batchcount.mod $file;../../instancesUC1withLB/opl/24_oven_scheduling.cpoptimizer_instance_1212-10.33.19.dat;1;3.17e-05;12;1;1;659.0;185.0;24.0;12.0;3.92;4.1;378000.0;singleobj-opl-reprjob-LB-noUB;24;batchcount
350;~/opl-executable/opl.sh ~/oven-scheduling-problem/solution-methods/cp-optimizer-models/withLB/interval-repr-jobs-warmstart-noUB-batchcount.mod $file;../../instancesUC1withLB/opl/warmstartDataOplDec24/24_warm_start_24RandomOvenSchedulingInstance-n25-k2-a2-WithInitialStates.dat;1;3.17e-05;12;1;1;659.0;166.0;23.0;12.0;3.7;3.84;378000.0;singleobj-opl-reprjob-LB-WS-noUB;24;batchcount
351;~/minizinc-executables/mzn-gurobi.sh ~/oven-scheduling-problem/solution-methods/minizinc-models/withLowerBounds/direct-batch-pos-ovenruntime-objective.mzn $file --time-limit 3600000 -v;../../instancesUC1withLB/mzn/24_oven_scheduling.minizinc_instance_1212-10.33.20.dzn;1;0.824603175;311700;-1;1;659.0;174.0;21.0;12.0;3608.7995;3609.657532;378000.0;singleobj-mzn-gurobi-LB-noUB;24;ovenruntime
352;~/minizinc-executables/mzn-gurobi.sh $file ~/oven-scheduling-problem/solution-methods/minizinc-models/withLowerBounds/direct-batch-pos-warmstart-noUB-ovenruntime-objective.mzn $1 -d $2 --time-limit 3600000 -v;../../instancesUC1withLB/mzn/24_oven_scheduling.minizinc_instance_1212-10.33.20.dzn ../../instancesUC1withLB/mzn/warmstart/24_warm_start_24RandomOvenSchedulingInstance-n25-k2-a2-WithInitialStates.dzn;1;0.862677249;326092;-1;1;659.0;173.0;22.0;12.0;3608.589;3609.431697;378000.0;singleobj-mzn-gurobiWS-LB-noUB;24;ovenruntime
353;~/opl-executable/opl.sh ~/oven-scheduling-problem/solution-methods/cp-optimizer-models/withLB/interval-repr-jobs-noUB-ovenruntime.mod $file;../../instancesUC1withLB/opl/24_oven_scheduling.cpoptimizer_instance_1212-10.33.19.dat;1;0.001743386;659;1;1;659.0;168.0;25.0;12.0;4.9;5.03;378000.0;singleobj-opl-reprjob-LB-noUB;24;ovenruntime
354;~/opl-executable/opl.sh ~/oven-scheduling-problem/solution-methods/cp-optimizer-models/withLB/interval-repr-jobs-warmstart-noUB-ovenruntime.mod $file;../../instancesUC1withLB/opl/warmstartDataOplDec24/24_warm_start_24RandomOvenSchedulingInstance-n25-k2-a2-WithInitialStates.dat;1;0.001743386;659;1;1;659.0;167.0;25.0;12.0;4.45;4.58;378000.0;singleobj-opl-reprjob-LB-WS-noUB;24;ovenruntime
355;~/minizinc-executables/mzn-gurobi.sh ~/oven-scheduling-problem/solution-methods/minizinc-models/withLowerBounds/direct-batch-pos-setupcosts-objective.mzn $file --time-limit 3600000 -v;../../instancesUC1withLB/mzn/24_oven_scheduling.minizinc_instance_1212-10.33.20.dzn;1;0.902888889;341292;1;1;737.0;156.0;23.0;12.0;190.9242;191.99926;378000.0;singleobj-mzn-gurobi-LB-noUB;24;setupcosts
356;~/minizinc-executables/mzn-gurobi.sh $file ~/oven-scheduling-problem/solution-methods/minizinc-models/withLowerBounds/direct-batch-pos-warmstart-noUB-setupcosts-objective.mzn $1 -d $2 --time-limit 3600000 -v;../../instancesUC1withLB/mzn/24_oven_scheduling.minizinc_instance_1212-10.33.20.dzn ../../instancesUC1withLB/mzn/warmstart/24_warm_start_24RandomOvenSchedulingInstance-n25-k2-a2-WithInitialStates.dzn;1;0.863301587;326328;1;1;690.0;156.0;22.0;12.0;107.5493;108.401046;378000.0;singleobj-mzn-gurobiWS-LB-noUB;24;setupcosts
357;~/opl-executable/opl.sh ~/oven-scheduling-problem/solution-methods/cp-optimizer-models/withLB/interval-repr-jobs-noUB-setupcosts.mod $file;../../instancesUC1withLB/opl/24_oven_scheduling.cpoptimizer_instance_1212-10.33.19.dat;1;0.000412698;156;1;1;676.0;156.0;23.0;12.0;4.18;4.33;378000.0;singleobj-opl-reprjob-LB-noUB;24;setupcosts
358;~/opl-executable/opl.sh ~/oven-scheduling-problem/solution-methods/cp-optimizer-models/withLB/interval-repr-jobs-warmstart-noUB-setupcosts.mod $file;../../instancesUC1withLB/opl/warmstartDataOplDec24/24_warm_start_24RandomOvenSchedulingInstance-n25-k2-a2-WithInitialStates.dat;1;0.000412698;156;1;1;659.0;156.0;23.0;12.0;4.48;4.63;378000.0;singleobj-opl-reprjob-LB-WS-noUB;24;setupcosts
359;~/minizinc-executables/mzn-gurobi.sh ~/oven-scheduling-problem/solution-methods/minizinc-models/withLowerBounds/direct-batch-pos-tardiness-objective.mzn $file --time-limit 3600000 -v;../../instancesUC1withLB/mzn/24_oven_scheduling.minizinc_instance_1212-10.33.20.dzn;1;0.803798942;303836;-1;1;1101.0;328.0;20.0;23.0;3609.282;3610.128241;378000.0;singleobj-mzn-gurobi-LB-noUB;24;tardiness
360;~/minizinc-executables/mzn-gurobi.sh $file ~/oven-scheduling-problem/solution-methods/minizinc-models/withLowerBounds/direct-batch-pos-warmstart-noUB-tardiness-objective.mzn $1 -d $2 --time-limit 3600000 -v;../../instancesUC1withLB/mzn/24_oven_scheduling.minizinc_instance_1212-10.33.20.dzn ../../instancesUC1withLB/mzn/warmstart/24_warm_start_24RandomOvenSchedulingInstance-n25-k2-a2-WithInitialStates.dzn;1;0.799661376;302272;1;1;986.0;305.0;20.0;20.0;3372.4226;3373.282804;378000.0;singleobj-mzn-gurobiWS-LB-noUB;24;tardiness
361;~/opl-executable/opl.sh ~/oven-scheduling-problem/solution-methods/cp-optimizer-models/withLB/interval-repr-jobs-noUB-tardiness.mod $file;../../instancesUC1withLB/opl/24_oven_scheduling.cpoptimizer_instance_1212-10.33.19.dat;1;5.29e-05;20;1;1;886.0;252.0;20.0;17.0;1195.17;1195.31;378000.0;singleobj-opl-reprjob-LB-noUB;24;tardiness
362;~/opl-executable/opl.sh ~/oven-scheduling-problem/solution-methods/cp-optimizer-models/withLB/interval-repr-jobs-warmstart-noUB-tardiness.mod $file;../../instancesUC1withLB/opl/warmstartDataOplDec24/24_warm_start_24RandomOvenSchedulingInstance-n25-k2-a2-WithInitialStates.dat;1;5.29e-05;20;1;1;1190.0;360.0;20.0;25.0;1771.84;1771.97;378000.0;singleobj-opl-reprjob-LB-WS-noUB;24;tardiness
363;~/minizinc-executables/mzn-gurobi.sh ~/oven-scheduling-problem/solution-methods/minizinc-models/withLowerBounds/direct-batch-pos-batchcount-objective.mzn $file --time-limit 3600000 -v;../../instancesUC1withLB/mzn/25_oven_scheduling.minizinc_instance_1212-10.33.22.dzn;1;0.852070962;2395491;1;1;404.0;105.0;22.0;5.0;1.2703;2.150221;2811375.0;singleobj-mzn-gurobi-LB-noUB;25;batchcount
364;~/minizinc-executables/mzn-gurobi.sh $file ~/oven-scheduling-problem/solution-methods/minizinc-models/withLowerBounds/direct-batch-pos-warmstart-noUB-batchcount-objective.mzn $1 -d $2 --time-limit 3600000 -v;../../instancesUC1withLB/mzn/25_oven_scheduling.minizinc_instance_1212-10.33.22.dzn ../../instancesUC1withLB/mzn/warmstart/25_warm_start_25RandomOvenSchedulingInstance-n25-k2-a2-WithInitialStates.dzn;1;0.851294118;2393307;1;1;378.0;105.0;22.0;5.0;1.2045;2.090208;2811375.0;singleobj-mzn-gurobiWS-LB-noUB;25;batchcount
365;~/opl-executable/opl.sh ~/oven-scheduling-problem/solution-methods/cp-optimizer-models/withLB/interval-repr-jobs-noUB-batchcount.mod $file;../../instancesUC1withLB/opl/25_oven_scheduling.cpoptimizer_instance_1212-10.33.21.dat;1;1.78e-06;5;1;1;404.0;105.0;22.0;5.0;0.13;0.31;2811375.0;singleobj-opl-reprjob-LB-noUB;25;batchcount
366;~/opl-executable/opl.sh ~/oven-scheduling-problem/solution-methods/cp-optimizer-models/withLB/interval-repr-jobs-warmstart-noUB-batchcount.mod $file;../../instancesUC1withLB/opl/warmstartDataOplDec24/25_warm_start_25RandomOvenSchedulingInstance-n25-k2-a2-WithInitialStates.dat;1;1.78e-06;5;1;1;378.0;105.0;25.0;5.0;0.11;0.26;2811375.0;singleobj-opl-reprjob-LB-WS-noUB;25;batchcount
367;~/minizinc-executables/mzn-gurobi.sh ~/oven-scheduling-problem/solution-methods/minizinc-models/withLowerBounds/direct-batch-pos-ovenruntime-objective.mzn $file --time-limit 3600000 -v;../../instancesUC1withLB/mzn/25_oven_scheduling.minizinc_instance_1212-10.33.22.dzn;1;0.850547152;2391207;1;1;353.0;105.0;22.0;5.0;285.1464;286.013895;2811375.0;singleobj-mzn-gurobi-LB-noUB;25;ovenruntime
368;~/minizinc-executables/mzn-gurobi.sh $file ~/oven-scheduling-problem/solution-methods/minizinc-models/withLowerBounds/direct-batch-pos-warmstart-noUB-ovenruntime-objective.mzn $1 -d $2 --time-limit 3600000 -v;../../instancesUC1withLB/mzn/25_oven_scheduling.minizinc_instance_1212-10.33.22.dzn ../../instancesUC1withLB/mzn/warmstart/25_warm_start_25RandomOvenSchedulingInstance-n25-k2-a2-WithInitialStates.dzn;1;0.850547152;2391207;1;1;353.0;105.0;22.0;5.0;767.8021;768.87652;2811375.0;singleobj-mzn-gurobiWS-LB-noUB;25;ovenruntime
369;~/opl-executable/opl.sh ~/oven-scheduling-problem/solution-methods/cp-optimizer-models/withLB/interval-repr-jobs-noUB-ovenruntime.mod $file;../../instancesUC1withLB/opl/25_oven_scheduling.cpoptimizer_instance_1212-10.33.21.dat;1;0.000125561;353;1;1;353.0;105.0;22.0;5.0;2.62;2.74;2811375.0;singleobj-opl-reprjob-LB-noUB;25;ovenruntime
370;~/opl-executable/opl.sh ~/oven-scheduling-problem/solution-methods/cp-optimizer-models/withLB/interval-repr-jobs-warmstart-noUB-ovenruntime.mod $file;../../instancesUC1withLB/opl/warmstartDataOplDec24/25_warm_start_25RandomOvenSchedulingInstance-n25-k2-a2-WithInitialStates.dat;1;0.000125561;353;1;1;353.0;105.0;23.0;5.0;2.63;2.74;2811375.0;singleobj-opl-reprjob-LB-WS-noUB;25;ovenruntime
371;~/minizinc-executables/mzn-gurobi.sh ~/oven-scheduling-problem/solution-methods/minizinc-models/withLowerBounds/direct-batch-pos-setupcosts-objective.mzn $file --time-limit 3600000 -v;../../instancesUC1withLB/mzn/25_oven_scheduling.minizinc_instance_1212-10.33.22.dzn;1;0.852070962;2395491;1;1;404.0;105.0;22.0;5.0;1.8186;2.9292;2811375.0;singleobj-mzn-gurobi-LB-noUB;25;setupcosts
372;~/minizinc-executables/mzn-gurobi.sh $file ~/oven-scheduling-problem/solution-methods/minizinc-models/withLowerBounds/direct-batch-pos-warmstart-noUB-setupcosts-objective.mzn $1 -d $2 --time-limit 3600000 -v;../../instancesUC1withLB/mzn/25_oven_scheduling.minizinc_instance_1212-10.33.22.dzn ../../instancesUC1withLB/mzn/warmstart/25_warm_start_25RandomOvenSchedulingInstance-n25-k2-a2-WithInitialStates.dzn;1;0.852070962;2395491;1;1;404.0;105.0;22.0;5.0;1.5894;2.456211;2811375.0;singleobj-mzn-gurobiWS-LB-noUB;25;setupcosts
373;~/opl-executable/opl.sh ~/oven-scheduling-problem/solution-methods/cp-optimizer-models/withLB/interval-repr-jobs-noUB-setupcosts.mod $file;../../instancesUC1withLB/opl/25_oven_scheduling.cpoptimizer_instance_1212-10.33.21.dat;1;3.73e-05;105;1;1;404.0;105.0;22.0;5.0;0.11;0.24;2811375.0;singleobj-opl-reprjob-LB-noUB;25;setupcosts
374;~/opl-executable/opl.sh ~/oven-scheduling-problem/solution-methods/cp-optimizer-models/withLB/interval-repr-jobs-warmstart-noUB-setupcosts.mod $file;../../instancesUC1withLB/opl/warmstartDataOplDec24/25_warm_start_25RandomOvenSchedulingInstance-n25-k2-a2-WithInitialStates.dat;1;3.73e-05;105;1;1;383.0;105.0;24.0;5.0;0.15;0.29;2811375.0;singleobj-opl-reprjob-LB-WS-noUB;25;setupcosts
375;~/minizinc-executables/mzn-gurobi.sh ~/oven-scheduling-problem/solution-methods/minizinc-models/withLowerBounds/direct-batch-pos-tardiness-objective.mzn $file --time-limit 3600000 -v;../../instancesUC1withLB/mzn/25_oven_scheduling.minizinc_instance_1212-10.33.22.dzn;1;0.690001867;1939854;-1;1;1189.0;378.0;17.0;18.0;3609.1656;3610.040302;2811375.0;singleobj-mzn-gurobi-LB-noUB;25;tardiness
376;~/minizinc-executables/mzn-gurobi.sh $file ~/oven-scheduling-problem/solution-methods/minizinc-models/withLowerBounds/direct-batch-pos-warmstart-noUB-tardiness-objective.mzn $1 -d $2 --time-limit 3600000 -v;../../instancesUC1withLB/mzn/25_oven_scheduling.minizinc_instance_1212-10.33.22.dzn ../../instancesUC1withLB/mzn/warmstart/25_warm_start_25RandomOvenSchedulingInstance-n25-k2-a2-WithInitialStates.dzn;1;0.670715219;1885632;1;1;620.0;252.0;17.0;12.0;2483.257;2484.118614;2811375.0;singleobj-mzn-gurobiWS-LB-noUB;25;tardiness
377;~/opl-executable/opl.sh ~/oven-scheduling-problem/solution-methods/cp-optimizer-models/withLB/interval-repr-jobs-noUB-tardiness.mod $file;../../instancesUC1withLB/opl/25_oven_scheduling.cpoptimizer_instance_1212-10.33.21.dat;1;6.05e-06;17;-1;1;788.0;273.0;17.0;13.0;3600.06;3600.18;2811375.0;singleobj-opl-reprjob-LB-noUB;25;tardiness
378;~/opl-executable/opl.sh ~/oven-scheduling-problem/solution-methods/cp-optimizer-models/withLB/interval-repr-jobs-warmstart-noUB-tardiness.mod $file;../../instancesUC1withLB/opl/warmstartDataOplDec24/25_warm_start_25RandomOvenSchedulingInstance-n25-k2-a2-WithInitialStates.dat;1;6.05e-06;17;-1;1;877.0;357.0;17.0;17.0;3600.06;3600.18;2811375.0;singleobj-opl-reprjob-LB-WS-noUB;25;tardiness
379;~/minizinc-executables/mzn-gurobi.sh ~/oven-scheduling-problem/solution-methods/minizinc-models/withLowerBounds/direct-batch-pos-batchcount-objective.mzn $file --time-limit 3600000 -v;../../instancesUC1withLB/mzn/26_oven_scheduling.minizinc_instance_1212-10.33.24.dzn;1;0.973460317;30664;1;1;51.0;13.0;25.0;9.0;1.8928;2.842483;31500.0;singleobj-mzn-gurobi-LB-noUB;26;batchcount
380;~/minizinc-executables/mzn-gurobi.sh $file ~/oven-scheduling-problem/solution-methods/minizinc-models/withLowerBounds/direct-batch-pos-warmstart-noUB-batchcount-objective.mzn $1 -d $2 --time-limit 3600000 -v;../../instancesUC1withLB/mzn/26_oven_scheduling.minizinc_instance_1212-10.33.24.dzn ../../instancesUC1withLB/mzn/warmstart/26_warm_start_26RandomOvenSchedulingInstance-n25-k2-a5-WithInitialStates.dzn;1;0.976380952;30756;1;1;58.0;15.0;25.0;9.0;1.8652;2.810796;31500.0;singleobj-mzn-gurobiWS-LB-noUB;26;batchcount
381;~/opl-executable/opl.sh ~/oven-scheduling-problem/solution-methods/cp-optimizer-models/withLB/interval-repr-jobs-noUB-batchcount.mod $file;../../instancesUC1withLB/opl/26_oven_scheduling.cpoptimizer_instance_1212-10.33.23.dat;1;0.000285714;9;1;1;51.0;10.0;25.0;9.0;0.43;0.6;31500.0;singleobj-opl-reprjob-LB-noUB;26;batchcount
382;~/opl-executable/opl.sh ~/oven-scheduling-problem/solution-methods/cp-optimizer-models/withLB/interval-repr-jobs-warmstart-noUB-batchcount.mod $file;../../instancesUC1withLB/opl/warmstartDataOplDec24/26_warm_start_26RandomOvenSchedulingInstance-n25-k2-a5-WithInitialStates.dat;1;0.000285714;9;1;1;51.0;18.0;25.0;9.0;0.42;0.54;31500.0;singleobj-opl-reprjob-LB-WS-noUB;26;batchcount
383;~/minizinc-executables/mzn-gurobi.sh ~/oven-scheduling-problem/solution-methods/minizinc-models/withLowerBounds/direct-batch-pos-ovenruntime-objective.mzn $file --time-limit 3600000 -v;../../instancesUC1withLB/mzn/26_oven_scheduling.minizinc_instance_1212-10.33.24.dzn;1;0.971174603;30592;1;1;45.0;13.0;25.0;9.0;47.3843;48.290254;31500.0;singleobj-mzn-gurobi-LB-noUB;26;ovenruntime
384;~/minizinc-executables/mzn-gurobi.sh $file ~/oven-scheduling-problem/solution-methods/minizinc-models/withLowerBounds/direct-batch-pos-warmstart-noUB-ovenruntime-objective.mzn $1 -d $2 --time-limit 3600000 -v;../../instancesUC1withLB/mzn/26_oven_scheduling.minizinc_instance_1212-10.33.24.dzn ../../instancesUC1withLB/mzn/warmstart/26_warm_start_26RandomOvenSchedulingInstance-n25-k2-a5-WithInitialStates.dzn;1;0.970793651;30580;1;1;45.0;10.0;25.0;9.0;55.3535;56.4632;31500.0;singleobj-mzn-gurobiWS-LB-noUB;26;ovenruntime
385;~/opl-executable/opl.sh ~/oven-scheduling-problem/solution-methods/cp-optimizer-models/withLB/interval-repr-jobs-noUB-ovenruntime.mod $file;../../instancesUC1withLB/opl/26_oven_scheduling.cpoptimizer_instance_1212-10.33.23.dat;1;0.001428571;45;1;1;45.0;11.0;25.0;9.0;2.36;2.47;31500.0;singleobj-opl-reprjob-LB-noUB;26;ovenruntime
386;~/opl-executable/opl.sh ~/oven-scheduling-problem/solution-methods/cp-optimizer-models/withLB/interval-repr-jobs-warmstart-noUB-ovenruntime.mod $file;../../instancesUC1withLB/opl/warmstartDataOplDec24/26_warm_start_26RandomOvenSchedulingInstance-n25-k2-a5-WithInitialStates.dat;1;0.001428571;45;1;1;45.0;11.0;25.0;9.0;1.86;1.99;31500.0;singleobj-opl-reprjob-LB-WS-noUB;26;ovenruntime
387;~/minizinc-executables/mzn-gurobi.sh ~/oven-scheduling-problem/solution-methods/minizinc-models/withLowerBounds/direct-batch-pos-setupcosts-objective.mzn $file --time-limit 3600000 -v;../../instancesUC1withLB/mzn/26_oven_scheduling.minizinc_instance_1212-10.33.24.dzn;1;0.980825397;30896;1;1;74.0;2.0;25.0;17.0;20.296;21.214395;31500.0;singleobj-mzn-gurobi-LB-noUB;26;setupcosts
388;~/minizinc-executables/mzn-gurobi.sh $file ~/oven-scheduling-problem/solution-methods/minizinc-models/withLowerBounds/direct-batch-pos-warmstart-noUB-setupcosts-objective.mzn $1 -d $2 --time-limit 3600000 -v;../../instancesUC1withLB/mzn/26_oven_scheduling.minizinc_instance_1212-10.33.24.dzn ../../instancesUC1withLB/mzn/warmstart/26_warm_start_26RandomOvenSchedulingInstance-n25-k2-a5-WithInitialStates.dzn;1;0.985396825;31040;1;1;86.0;2.0;25.0;20.0;8.9861;9.898431;31500.0;singleobj-mzn-gurobiWS-LB-noUB;26;setupcosts
389;~/opl-executable/opl.sh ~/oven-scheduling-problem/solution-methods/cp-optimizer-models/withLB/interval-repr-jobs-noUB-setupcosts.mod $file;../../instancesUC1withLB/opl/26_oven_scheduling.cpoptimizer_instance_1212-10.33.23.dat;1;6.35e-05;2;1;1;77.0;2.0;25.0;18.0;4.41;4.54;31500.0;singleobj-opl-reprjob-LB-noUB;26;setupcosts
390;~/opl-executable/opl.sh ~/oven-scheduling-problem/solution-methods/cp-optimizer-models/withLB/interval-repr-jobs-warmstart-noUB-setupcosts.mod $file;../../instancesUC1withLB/opl/warmstartDataOplDec24/26_warm_start_26RandomOvenSchedulingInstance-n25-k2-a5-WithInitialStates.dat;1;6.35e-05;2;1;1;72.0;2.0;25.0;17.0;2.22;2.35;31500.0;singleobj-opl-reprjob-LB-WS-noUB;26;setupcosts
391;~/minizinc-executables/mzn-gurobi.sh ~/oven-scheduling-problem/solution-methods/minizinc-models/withLowerBounds/direct-batch-pos-tardiness-objective.mzn $file --time-limit 3600000 -v;../../instancesUC1withLB/mzn/26_oven_scheduling.minizinc_instance_1212-10.33.24.dzn;1;0.980444444;30884;1;1;68.0;17.0;25.0;15.0;31.0126;32.16319;31500.0;singleobj-mzn-gurobi-LB-noUB;26;tardiness
392;~/minizinc-executables/mzn-gurobi.sh $file ~/oven-scheduling-problem/solution-methods/minizinc-models/withLowerBounds/direct-batch-pos-warmstart-noUB-tardiness-objective.mzn $1 -d $2 --time-limit 3600000 -v;../../instancesUC1withLB/mzn/26_oven_scheduling.minizinc_instance_1212-10.33.24.dzn ../../instancesUC1withLB/mzn/warmstart/26_warm_start_26RandomOvenSchedulingInstance-n25-k2-a5-WithInitialStates.dzn;1;0.984126984;31000;1;1;77.0;19.0;25.0;13.0;1.0626;1.964534;31500.0;singleobj-mzn-gurobiWS-LB-noUB;26;tardiness
393;~/opl-executable/opl.sh ~/oven-scheduling-problem/solution-methods/cp-optimizer-models/withLB/interval-repr-jobs-noUB-tardiness.mod $file;../../instancesUC1withLB/opl/26_oven_scheduling.cpoptimizer_instance_1212-10.33.23.dat;1;0.000793651;25;1;1;71.0;30.0;25.0;17.0;0.06;0.2;31500.0;singleobj-opl-reprjob-LB-noUB;26;tardiness
394;~/opl-executable/opl.sh ~/oven-scheduling-problem/solution-methods/cp-optimizer-models/withLB/interval-repr-jobs-warmstart-noUB-tardiness.mod $file;../../instancesUC1withLB/opl/warmstartDataOplDec24/26_warm_start_26RandomOvenSchedulingInstance-n25-k2-a5-WithInitialStates.dat;1;0.000793651;25;1;1;70.0;15.0;25.0;13.0;0.02;0.15;31500.0;singleobj-opl-reprjob-LB-WS-noUB;26;tardiness
395;~/minizinc-executables/mzn-gurobi.sh ~/oven-scheduling-problem/solution-methods/minizinc-models/withLowerBounds/direct-batch-pos-batchcount-objective.mzn $file --time-limit 3600000 -v;../../instancesUC1withLB/mzn/27_oven_scheduling.minizinc_instance_1212-10.33.26.dzn;1;0.983245565;131632;1;1;829.0;48.0;25.0;16.0;189.1724;190.138237;133875.0;singleobj-mzn-gurobi-LB-noUB;27;batchcount
396;~/minizinc-executables/mzn-gurobi.sh $file ~/oven-scheduling-problem/solution-methods/minizinc-models/withLowerBounds/direct-batch-pos-warmstart-noUB-batchcount-objective.mzn $1 -d $2 --time-limit 3600000 -v;../../instancesUC1withLB/mzn/27_oven_scheduling.minizinc_instance_1212-10.33.26.dzn ../../instancesUC1withLB/mzn/warmstart/27_warm_start_27RandomOvenSchedulingInstance-n25-k2-a5-WithInitialStates.dzn;1;0.985934641;131992;1;1;919.0;48.0;25.0;16.0;583.2919;584.261961;133875.0;singleobj-mzn-gurobiWS-LB-noUB;27;batchcount
397;~/opl-executable/opl.sh ~/oven-scheduling-problem/solution-methods/cp-optimizer-models/withLB/interval-repr-jobs-noUB-batchcount.mod $file;../../instancesUC1withLB/opl/27_oven_scheduling.cpoptimizer_instance_1212-10.33.25.dat;1;0.000119514;16;1;1;829.0;48.0;25.0;16.0;0.61;0.78;133875.0;singleobj-opl-reprjob-LB-noUB;27;batchcount
398;~/opl-executable/opl.sh ~/oven-scheduling-problem/solution-methods/cp-optimizer-models/withLB/interval-repr-jobs-warmstart-noUB-batchcount.mod $file;../../instancesUC1withLB/opl/warmstartDataOplDec24/27_warm_start_27RandomOvenSchedulingInstance-n25-k2-a5-WithInitialStates.dat;1;0.000119514;16;1;1;831.0;48.0;25.0;16.0;0.22;0.34;133875.0;singleobj-opl-reprjob-LB-WS-noUB;27;batchcount
399;~/minizinc-executables/mzn-gurobi.sh ~/oven-scheduling-problem/solution-methods/minizinc-models/withLowerBounds/direct-batch-pos-ovenruntime-objective.mzn $file --time-limit 3600000 -v;../../instancesUC1withLB/mzn/27_oven_scheduling.minizinc_instance_1212-10.33.26.dzn;1;0.983245565;131632;-1;1;829.0;48.0;25.0;16.0;3609.0525;3610.050703;133875.0;singleobj-mzn-gurobi-LB-noUB;27;ovenruntime
400;~/minizinc-executables/mzn-gurobi.sh $file ~/oven-scheduling-problem/solution-methods/minizinc-models/withLowerBounds/direct-batch-pos-warmstart-noUB-ovenruntime-objective.mzn $1 -d $2 --time-limit 3600000 -v;../../instancesUC1withLB/mzn/27_oven_scheduling.minizinc_instance_1212-10.33.26.dzn ../../instancesUC1withLB/mzn/warmstart/27_warm_start_27RandomOvenSchedulingInstance-n25-k2-a5-WithInitialStates.dzn;1;0.983245565;131632;-1;1;829.0;48.0;25.0;16.0;3608.508;3609.62746;133875.0;singleobj-mzn-gurobiWS-LB-noUB;27;ovenruntime
401;~/opl-executable/opl.sh ~/oven-scheduling-problem/solution-methods/cp-optimizer-models/withLB/interval-repr-jobs-noUB-ovenruntime.mod $file;../../instancesUC1withLB/opl/27_oven_scheduling.cpoptimizer_instance_1212-10.33.25.dat;1;0.006192344;829;1;1;829.0;48.0;25.0;16.0;3.29;3.4;133875.0;singleobj-opl-reprjob-LB-noUB;27;ovenruntime
402;~/opl-executable/opl.sh ~/oven-scheduling-problem/solution-methods/cp-optimizer-models/withLB/interval-repr-jobs-warmstart-noUB-ovenruntime.mod $file;../../instancesUC1withLB/opl/warmstartDataOplDec24/27_warm_start_27RandomOvenSchedulingInstance-n25-k2-a5-WithInitialStates.dat;1;0.006192344;829;1;1;829.0;48.0;25.0;16.0;5.53;5.67;133875.0;singleobj-opl-reprjob-LB-WS-noUB;27;ovenruntime
403;~/minizinc-executables/mzn-gurobi.sh ~/oven-scheduling-problem/solution-methods/minizinc-models/withLowerBounds/direct-batch-pos-setupcosts-objective.mzn $file --time-limit 3600000 -v;../../instancesUC1withLB/mzn/27_oven_scheduling.minizinc_instance_1212-10.33.26.dzn;1;0.986412698;132056;1;1;935.0;48.0;25.0;16.0;228.2104;229.46488;133875.0;singleobj-mzn-gurobi-LB-noUB;27;setupcosts
404;~/minizinc-executables/mzn-gurobi.sh $file ~/oven-scheduling-problem/solution-methods/minizinc-models/withLowerBounds/direct-batch-pos-warmstart-noUB-setupcosts-objective.mzn $1 -d $2 --time-limit 3600000 -v;../../instancesUC1withLB/mzn/27_oven_scheduling.minizinc_instance_1212-10.33.26.dzn ../../instancesUC1withLB/mzn/warmstart/27_warm_start_27RandomOvenSchedulingInstance-n25-k2-a5-WithInitialStates.dzn;1;0.983305322;131640;1;1;831.0;48.0;25.0;16.0;423.6486;424.643426;133875.0;singleobj-mzn-gurobiWS-LB-noUB;27;setupcosts
405;~/opl-executable/opl.sh ~/oven-scheduling-problem/solution-methods/cp-optimizer-models/withLB/interval-repr-jobs-noUB-setupcosts.mod $file;../../instancesUC1withLB/opl/27_oven_scheduling.cpoptimizer_instance_1212-10.33.25.dat;1;0.000358543;48;1;1;833.0;48.0;25.0;16.0;3.5;3.65;133875.0;singleobj-opl-reprjob-LB-noUB;27;setupcosts
406;~/opl-executable/opl.sh ~/oven-scheduling-problem/solution-methods/cp-optimizer-models/withLB/interval-repr-jobs-warmstart-noUB-setupcosts.mod $file;../../instancesUC1withLB/opl/warmstartDataOplDec24/27_warm_start_27RandomOvenSchedulingInstance-n25-k2-a5-WithInitialStates.dat;1;0.000358543;48;1;1;829.0;48.0;25.0;16.0;3.6;3.72;133875.0;singleobj-opl-reprjob-LB-WS-noUB;27;setupcosts
407;~/minizinc-executables/mzn-gurobi.sh ~/oven-scheduling-problem/solution-methods/minizinc-models/withLowerBounds/direct-batch-pos-tardiness-objective.mzn $file --time-limit 3600000 -v;../../instancesUC1withLB/mzn/27_oven_scheduling.minizinc_instance_1212-10.33.26.dzn;1;0.987824463;132245;1;1;944.0;57.0;25.0;19.0;305.3312;306.29817;133875.0;singleobj-mzn-gurobi-LB-noUB;27;tardiness
408;~/minizinc-executables/mzn-gurobi.sh $file ~/oven-scheduling-problem/solution-methods/minizinc-models/withLowerBounds/direct-batch-pos-warmstart-noUB-tardiness-objective.mzn $1 -d $2 --time-limit 3600000 -v;../../instancesUC1withLB/mzn/27_oven_scheduling.minizinc_instance_1212-10.33.26.dzn ../../instancesUC1withLB/mzn/warmstart/27_warm_start_27RandomOvenSchedulingInstance-n25-k2-a5-WithInitialStates.dzn;1;0.988638655;132354;1;1;984.0;54.0;25.0;18.0;1.1145;2.084018;133875.0;singleobj-mzn-gurobiWS-LB-noUB;27;tardiness
409;~/opl-executable/opl.sh ~/oven-scheduling-problem/solution-methods/cp-optimizer-models/withLB/interval-repr-jobs-noUB-tardiness.mod $file;../../instancesUC1withLB/opl/27_oven_scheduling.cpoptimizer_instance_1212-10.33.25.dat;1;0.000186741;25;1;1;1030.0;60.0;25.0;20.0;0.0;0.12;133875.0;singleobj-opl-reprjob-LB-noUB;27;tardiness
410;~/opl-executable/opl.sh ~/oven-scheduling-problem/solution-methods/cp-optimizer-models/withLB/interval-repr-jobs-warmstart-noUB-tardiness.mod $file;../../instancesUC1withLB/opl/warmstartDataOplDec24/27_warm_start_27RandomOvenSchedulingInstance-n25-k2-a5-WithInitialStates.dat;1;0.000186741;25;1;1;969.0;54.0;25.0;18.0;0.0;0.13;133875.0;singleobj-opl-reprjob-LB-WS-noUB;27;tardiness
411;~/minizinc-executables/mzn-gurobi.sh ~/oven-scheduling-problem/solution-methods/minizinc-models/withLowerBounds/direct-batch-pos-batchcount-objective.mzn $file --time-limit 3600000 -v;../../instancesUC1withLB/mzn/28_oven_scheduling.minizinc_instance_1212-10.33.28.dzn;1;0.819322801;2742171;1;1;585.0;121.0;21.0;10.0;10.7697;11.742437;3346875.0;singleobj-mzn-gurobi-LB-noUB;28;batchcount
412;~/minizinc-executables/mzn-gurobi.sh $file ~/oven-scheduling-problem/solution-methods/minizinc-models/withLowerBounds/direct-batch-pos-warmstart-noUB-batchcount-objective.mzn $1 -d $2 --time-limit 3600000 -v;../../instancesUC1withLB/mzn/28_oven_scheduling.minizinc_instance_1212-10.33.28.dzn ../../instancesUC1withLB/mzn/warmstart/28_warm_start_28RandomOvenSchedulingInstance-n25-k2-a5-WithInitialStates.dzn;1;0.819642801;2743242;1;1;585.0;142.0;21.0;10.0;11.9267;12.92311;3346875.0;singleobj-mzn-gurobiWS-LB-noUB;28;batchcount
413;~/opl-executable/opl.sh ~/oven-scheduling-problem/solution-methods/cp-optimizer-models/withLB/interval-repr-jobs-noUB-batchcount.mod $file;../../instancesUC1withLB/opl/28_oven_scheduling.cpoptimizer_instance_1212-10.33.28.dat;1;2.99e-06;10;1;1;585.0;125.0;23.0;10.0;0.13;0.29;3346875.0;singleobj-opl-reprjob-LB-noUB;28;batchcount
414;~/opl-executable/opl.sh ~/oven-scheduling-problem/solution-methods/cp-optimizer-models/withLB/interval-repr-jobs-warmstart-noUB-batchcount.mod $file;../../instancesUC1withLB/opl/warmstartDataOplDec24/28_warm_start_28RandomOvenSchedulingInstance-n25-k2-a5-WithInitialStates.dat;1;2.99e-06;10;1;1;585.0;136.0;25.0;10.0;0.11;0.25;3346875.0;singleobj-opl-reprjob-LB-WS-noUB;28;batchcount
415;~/minizinc-executables/mzn-gurobi.sh ~/oven-scheduling-problem/solution-methods/minizinc-models/withLowerBounds/direct-batch-pos-ovenruntime-objective.mzn $file --time-limit 3600000 -v;../../instancesUC1withLB/mzn/28_oven_scheduling.minizinc_instance_1212-10.33.28.dzn;1;0.857539944;2870079;1;1;585.0;129.0;22.0;10.0;63.0057;64.01785;3346875.0;singleobj-mzn-gurobi-LB-noUB;28;ovenruntime
416;~/minizinc-executables/mzn-gurobi.sh $file ~/oven-scheduling-problem/solution-methods/minizinc-models/withLowerBounds/direct-batch-pos-warmstart-noUB-ovenruntime-objective.mzn $1 -d $2 --time-limit 3600000 -v;../../instancesUC1withLB/mzn/28_oven_scheduling.minizinc_instance_1212-10.33.28.dzn ../../instancesUC1withLB/mzn/warmstart/28_warm_start_28RandomOvenSchedulingInstance-n25-k2-a5-WithInitialStates.dzn;1;0.857372325;2869518;1;1;585.0;118.0;22.0;10.0;200.9623;201.96491;3346875.0;singleobj-mzn-gurobiWS-LB-noUB;28;ovenruntime
417;~/opl-executable/opl.sh ~/oven-scheduling-problem/solution-methods/cp-optimizer-models/withLB/interval-repr-jobs-noUB-ovenruntime.mod $file;../../instancesUC1withLB/opl/28_oven_scheduling.cpoptimizer_instance_1212-10.33.28.dat;1;0.00017479;585;1;1;585.0;125.0;24.0;10.0;0.22;0.34;3346875.0;singleobj-opl-reprjob-LB-noUB;28;ovenruntime
418;~/opl-executable/opl.sh ~/oven-scheduling-problem/solution-methods/cp-optimizer-models/withLB/interval-repr-jobs-warmstart-noUB-ovenruntime.mod $file;../../instancesUC1withLB/opl/warmstartDataOplDec24/28_warm_start_28RandomOvenSchedulingInstance-n25-k2-a5-WithInitialStates.dat;1;0.00017479;585;1;1;585.0;111.0;23.0;10.0;0.52;0.67;3346875.0;singleobj-opl-reprjob-LB-WS-noUB;28;ovenruntime
419;~/minizinc-executables/mzn-gurobi.sh ~/oven-scheduling-problem/solution-methods/minizinc-models/withLowerBounds/direct-batch-pos-setupcosts-objective.mzn $file --time-limit 3600000 -v;../../instancesUC1withLB/mzn/28_oven_scheduling.minizinc_instance_1212-10.33.28.dzn;1;0.935210009;3130031;1;1;659.0;81.0;24.0;11.0;2207.1772;2208.168663;3346875.0;singleobj-mzn-gurobi-LB-noUB;28;setupcosts
420;~/minizinc-executables/mzn-gurobi.sh $file ~/oven-scheduling-problem/solution-methods/minizinc-models/withLowerBounds/direct-batch-pos-warmstart-noUB-setupcosts-objective.mzn $1 -d $2 --time-limit 3600000 -v;../../instancesUC1withLB/mzn/28_oven_scheduling.minizinc_instance_1212-10.33.28.dzn ../../instancesUC1withLB/mzn/warmstart/28_warm_start_28RandomOvenSchedulingInstance-n25-k2-a5-WithInitialStates.dzn;1;0.972528403;3254931;-1;1;633.0;81.0;25.0;11.0;3609.2929;3610.268475;3346875.0;singleobj-mzn-gurobiWS-LB-noUB;28;setupcosts
421;~/opl-executable/opl.sh ~/oven-scheduling-problem/solution-methods/cp-optimizer-models/withLB/interval-repr-jobs-noUB-setupcosts.mod $file;../../instancesUC1withLB/opl/28_oven_scheduling.cpoptimizer_instance_1212-10.33.28.dat;1;2.57e-05;86;-1;1;606.0;86.0;22.0;11.0;3599.97;3600.09;3346875.0;singleobj-opl-reprjob-LB-noUB;28;setupcosts
422;~/opl-executable/opl.sh ~/oven-scheduling-problem/solution-methods/cp-optimizer-models/withLB/interval-repr-jobs-warmstart-noUB-setupcosts.mod $file;../../instancesUC1withLB/opl/warmstartDataOplDec24/28_warm_start_28RandomOvenSchedulingInstance-n25-k2-a5-WithInitialStates.dat;1;2.57e-05;86;-1;1;606.0;86.0;23.0;11.0;3599.99;3600.09;3346875.0;singleobj-opl-reprjob-LB-WS-noUB;28;setupcosts
423;~/minizinc-executables/mzn-gurobi.sh ~/oven-scheduling-problem/solution-methods/minizinc-models/withLowerBounds/direct-batch-pos-tardiness-objective.mzn $file --time-limit 3600000 -v;../../instancesUC1withLB/mzn/28_oven_scheduling.minizinc_instance_1212-10.33.28.dzn;1;0.537335275;1798394;-1;1;1259.0;294.0;13.0;22.0;3609.729;3611.00245;3346875.0;singleobj-mzn-gurobi-LB-noUB;28;tardiness
424;~/minizinc-executables/mzn-gurobi.sh $file ~/oven-scheduling-problem/solution-methods/minizinc-models/withLowerBounds/direct-batch-pos-warmstart-noUB-tardiness-objective.mzn $1 -d $2 --time-limit 3600000 -v;../../instancesUC1withLB/mzn/28_oven_scheduling.minizinc_instance_1212-10.33.28.dzn ../../instancesUC1withLB/mzn/warmstart/28_warm_start_28RandomOvenSchedulingInstance-n25-k2-a5-WithInitialStates.dzn;1;0.53413408;1787680;-1;1;1159.0;280.0;13.0;21.0;3610.0635;3611.045238;3346875.0;singleobj-mzn-gurobiWS-LB-noUB;28;tardiness
425;~/opl-executable/opl.sh ~/oven-scheduling-problem/solution-methods/cp-optimizer-models/withLB/interval-repr-jobs-noUB-tardiness.mod $file;../../instancesUC1withLB/opl/28_oven_scheduling.cpoptimizer_instance_1212-10.33.28.dat;1;3.88e-06;13;1;1;1016.0;293.0;13.0;20.0;7.17;7.31;3346875.0;singleobj-opl-reprjob-LB-noUB;28;tardiness
426;~/opl-executable/opl.sh ~/oven-scheduling-problem/solution-methods/cp-optimizer-models/withLB/interval-repr-jobs-warmstart-noUB-tardiness.mod $file;../../instancesUC1withLB/opl/warmstartDataOplDec24/28_warm_start_28RandomOvenSchedulingInstance-n25-k2-a5-WithInitialStates.dat;1;3.88e-06;13;1;1;880.0;241.0;13.0;17.0;7.15;7.29;3346875.0;singleobj-opl-reprjob-LB-WS-noUB;28;tardiness
427;~/minizinc-executables/mzn-gurobi.sh ~/oven-scheduling-problem/solution-methods/minizinc-models/withLowerBounds/direct-batch-pos-batchcount-objective.mzn $file --time-limit 3600000 -v;../../instancesUC1withLB/mzn/29_oven_scheduling.minizinc_instance_1212-10.33.31.dzn;1;0.876903896;3544884;1;1;1167.0;68.0;22.0;17.0;870.2663;871.226684;4042500.0;singleobj-mzn-gurobi-LB-noUB;29;batchcount
428;~/minizinc-executables/mzn-gurobi.sh $file ~/oven-scheduling-problem/solution-methods/minizinc-models/withLowerBounds/direct-batch-pos-warmstart-noUB-batchcount-objective.mzn $1 -d $2 --time-limit 3600000 -v;../../instancesUC1withLB/mzn/29_oven_scheduling.minizinc_instance_1212-10.33.31.dzn ../../instancesUC1withLB/mzn/warmstart/29_warm_start_29RandomOvenSchedulingInstance-n25-k2-a5-WithInitialStates.dzn;1;0.876903896;3544884;1;1;1167.0;68.0;22.0;17.0;533.7907;534.776433;4042500.0;singleobj-mzn-gurobiWS-LB-noUB;29;batchcount
429;~/opl-executable/opl.sh ~/oven-scheduling-problem/solution-methods/cp-optimizer-models/withLB/interval-repr-jobs-noUB-batchcount.mod $file;../../instancesUC1withLB/opl/29_oven_scheduling.cpoptimizer_instance_1212-10.33.30.dat;1;4.21e-06;17;1;1;1166.0;68.0;23.0;17.0;1.93;2.06;4042500.0;singleobj-opl-reprjob-LB-noUB;29;batchcount
430;~/opl-executable/opl.sh ~/oven-scheduling-problem/solution-methods/cp-optimizer-models/withLB/interval-repr-jobs-warmstart-noUB-batchcount.mod $file;../../instancesUC1withLB/opl/warmstartDataOplDec24/29_warm_start_29RandomOvenSchedulingInstance-n25-k2-a5-WithInitialStates.dat;1;4.21e-06;17;1;1;1166.0;68.0;24.0;17.0;0.44;0.58;4042500.0;singleobj-opl-reprjob-LB-WS-noUB;29;batchcount
431;~/minizinc-executables/mzn-gurobi.sh ~/oven-scheduling-problem/solution-methods/minizinc-models/withLowerBounds/direct-batch-pos-ovenruntime-objective.mzn $file --time-limit 3600000 -v;../../instancesUC1withLB/mzn/29_oven_scheduling.minizinc_instance_1212-10.33.31.dzn;1;0.800685714;3236772;-1;1;1166.0;68.0;20.0;17.0;3608.9942;3609.962694;4042500.0;singleobj-mzn-gurobi-LB-noUB;29;ovenruntime
432;~/minizinc-executables/mzn-gurobi.sh $file ~/oven-scheduling-problem/solution-methods/minizinc-models/withLowerBounds/direct-batch-pos-warmstart-noUB-ovenruntime-objective.mzn $1 -d $2 --time-limit 3600000 -v;../../instancesUC1withLB/mzn/29_oven_scheduling.minizinc_instance_1212-10.33.31.dzn ../../instancesUC1withLB/mzn/warmstart/29_warm_start_29RandomOvenSchedulingInstance-n25-k2-a5-WithInitialStates.dzn;1;0.87687619;3544772;-1;1;1166.0;68.0;22.0;17.0;3609.1637;3610.137551;4042500.0;singleobj-mzn-gurobiWS-LB-noUB;29;ovenruntime
433;~/opl-executable/opl.sh ~/oven-scheduling-problem/solution-methods/cp-optimizer-models/withLB/interval-repr-jobs-noUB-ovenruntime.mod $file;../../instancesUC1withLB/opl/29_oven_scheduling.cpoptimizer_instance_1212-10.33.30.dat;1;0.000288435;1166;1;1;1166.0;68.0;24.0;17.0;44.84;44.99;4042500.0;singleobj-opl-reprjob-LB-noUB;29;ovenruntime
434;~/opl-executable/opl.sh ~/oven-scheduling-problem/solution-methods/cp-optimizer-models/withLB/interval-repr-jobs-warmstart-noUB-ovenruntime.mod $file;../../instancesUC1withLB/opl/warmstartDataOplDec24/29_warm_start_29RandomOvenSchedulingInstance-n25-k2-a5-WithInitialStates.dat;1;0.000288435;1166;1;1;1166.0;68.0;24.0;17.0;49.15;49.29;4042500.0;singleobj-opl-reprjob-LB-WS-noUB;29;ovenruntime
435;~/minizinc-executables/mzn-gurobi.sh ~/oven-scheduling-problem/solution-methods/minizinc-models/withLowerBounds/direct-batch-pos-setupcosts-objective.mzn $file --time-limit 3600000 -v;../../instancesUC1withLB/mzn/29_oven_scheduling.minizinc_instance_1212-10.33.31.dzn;1;0.802846753;3245508;1;1;1244.0;68.0;20.0;17.0;946.1517;947.15869;4042500.0;singleobj-mzn-gurobi-LB-noUB;29;setupcosts
436;~/minizinc-executables/mzn-gurobi.sh $file ~/oven-scheduling-problem/solution-methods/minizinc-models/withLowerBounds/direct-batch-pos-warmstart-noUB-setupcosts-objective.mzn $1 -d $2 --time-limit 3600000 -v;../../instancesUC1withLB/mzn/29_oven_scheduling.minizinc_instance_1212-10.33.31.dzn ../../instancesUC1withLB/mzn/warmstart/29_warm_start_29RandomOvenSchedulingInstance-n25-k2-a5-WithInitialStates.dzn;1;0.879231169;3554292;1;1;1251.0;68.0;22.0;17.0;1282.5127;1283.479156;4042500.0;singleobj-mzn-gurobiWS-LB-noUB;29;setupcosts
437;~/opl-executable/opl.sh ~/oven-scheduling-problem/solution-methods/cp-optimizer-models/withLB/interval-repr-jobs-noUB-setupcosts.mod $file;../../instancesUC1withLB/opl/29_oven_scheduling.cpoptimizer_instance_1212-10.33.30.dat;1;1.68e-05;68;1;1;1166.0;68.0;21.0;17.0;4.17;4.31;4042500.0;singleobj-opl-reprjob-LB-noUB;29;setupcosts
438;~/opl-executable/opl.sh ~/oven-scheduling-problem/solution-methods/cp-optimizer-models/withLB/interval-repr-jobs-warmstart-noUB-setupcosts.mod $file;../../instancesUC1withLB/opl/warmstartDataOplDec24/29_warm_start_29RandomOvenSchedulingInstance-n25-k2-a5-WithInitialStates.dat;1;1.68e-05;68;1;1;1167.0;68.0;23.0;17.0;4.04;4.16;4042500.0;singleobj-opl-reprjob-LB-WS-noUB;29;setupcosts
439;~/minizinc-executables/mzn-gurobi.sh ~/oven-scheduling-problem/solution-methods/minizinc-models/withLowerBounds/direct-batch-pos-tardiness-objective.mzn $file --time-limit 3600000 -v;../../instancesUC1withLB/mzn/29_oven_scheduling.minizinc_instance_1212-10.33.31.dzn;1;0.542039827;2191196;1;1;1373.0;92.0;13.0;23.0;181.6779;182.639802;4042500.0;singleobj-mzn-gurobi-LB-noUB;29;tardiness
440;~/minizinc-executables/mzn-gurobi.sh $file ~/oven-scheduling-problem/solution-methods/minizinc-models/withLowerBounds/direct-batch-pos-warmstart-noUB-tardiness-objective.mzn $1 -d $2 --time-limit 3600000 -v;../../instancesUC1withLB/mzn/29_oven_scheduling.minizinc_instance_1212-10.33.31.dzn ../../instancesUC1withLB/mzn/warmstart/29_warm_start_29RandomOvenSchedulingInstance-n25-k2-a5-WithInitialStates.dzn;1;0.540031169;2183076;1;1;1328.0;84.0;13.0;21.0;56.3149;57.295097;4042500.0;singleobj-mzn-gurobiWS-LB-noUB;29;tardiness
441;~/opl-executable/opl.sh ~/oven-scheduling-problem/solution-methods/cp-optimizer-models/withLB/interval-repr-jobs-noUB-tardiness.mod $file;../../instancesUC1withLB/opl/29_oven_scheduling.cpoptimizer_instance_1212-10.33.30.dat;1;3.22e-06;13;1;1;1207.0;80.0;13.0;20.0;2.49;2.63;4042500.0;singleobj-opl-reprjob-LB-noUB;29;tardiness
442;~/opl-executable/opl.sh ~/oven-scheduling-problem/solution-methods/cp-optimizer-models/withLB/interval-repr-jobs-warmstart-noUB-tardiness.mod $file;../../instancesUC1withLB/opl/warmstartDataOplDec24/29_warm_start_29RandomOvenSchedulingInstance-n25-k2-a5-WithInitialStates.dat;1;3.22e-06;13;1;1;1335.0;88.0;13.0;22.0;1.9;2.04;4042500.0;singleobj-opl-reprjob-LB-WS-noUB;29;tardiness
443;~/minizinc-executables/mzn-gurobi.sh ~/oven-scheduling-problem/solution-methods/minizinc-models/withLowerBounds/direct-batch-pos-batchcount-objective.mzn $file --time-limit 3600000 -v;../../instancesUC1withLB/mzn/30_oven_scheduling.minizinc_instance_1212-10.33.33.dzn;1;0.973736657;3003369;1;1;599.0;127.0;25.0;7.0;2.1144;3.063985;3084375.0;singleobj-mzn-gurobi-LB-noUB;30;batchcount
444;~/minizinc-executables/mzn-gurobi.sh $file ~/oven-scheduling-problem/solution-methods/minizinc-models/withLowerBounds/direct-batch-pos-warmstart-noUB-batchcount-objective.mzn $1 -d $2 --time-limit 3600000 -v;../../instancesUC1withLB/mzn/30_oven_scheduling.minizinc_instance_1212-10.33.33.dzn ../../instancesUC1withLB/mzn/warmstart/30_warm_start_30RandomOvenSchedulingInstance-n25-k2-a5-WithInitialStates.dzn;1;0.975022168;3007334;1;1;641.0;122.0;25.0;7.0;1.4814;2.420973;3084375.0;singleobj-mzn-gurobiWS-LB-noUB;30;batchcount
445;~/opl-executable/opl.sh ~/oven-scheduling-problem/solution-methods/cp-optimizer-models/withLB/interval-repr-jobs-noUB-batchcount.mod $file;../../instancesUC1withLB/opl/30_oven_scheduling.cpoptimizer_instance_1212-10.33.32.dat;1;2.27e-06;7;1;1;514.0;146.0;25.0;7.0;0.06;0.19;3084375.0;singleobj-opl-reprjob-LB-noUB;30;batchcount
446;~/opl-executable/opl.sh ~/oven-scheduling-problem/solution-methods/cp-optimizer-models/withLB/interval-repr-jobs-warmstart-noUB-batchcount.mod $file;../../instancesUC1withLB/opl/warmstartDataOplDec24/30_warm_start_30RandomOvenSchedulingInstance-n25-k2-a5-WithInitialStates.dat;1;2.27e-06;7;1;1;514.0;131.0;25.0;7.0;0.07;0.2;3084375.0;singleobj-opl-reprjob-LB-WS-noUB;30;batchcount
447;~/minizinc-executables/mzn-gurobi.sh ~/oven-scheduling-problem/solution-methods/minizinc-models/withLowerBounds/direct-batch-pos-ovenruntime-objective.mzn $file --time-limit 3600000 -v;../../instancesUC1withLB/mzn/30_oven_scheduling.minizinc_instance_1212-10.33.33.dzn;1;0.971300831;2995856;1;1;514.0;148.0;25.0;7.0;45.4957;46.64449;3084375.0;singleobj-mzn-gurobi-LB-noUB;30;ovenruntime
448;~/minizinc-executables/mzn-gurobi.sh $file ~/oven-scheduling-problem/solution-methods/minizinc-models/withLowerBounds/direct-batch-pos-warmstart-noUB-ovenruntime-objective.mzn $1 -d $2 --time-limit 3600000 -v;../../instancesUC1withLB/mzn/30_oven_scheduling.minizinc_instance_1212-10.33.33.dzn ../../instancesUC1withLB/mzn/warmstart/30_warm_start_30RandomOvenSchedulingInstance-n25-k2-a5-WithInitialStates.dzn;1;0.970706545;2994023;1;1;514.0;109.0;25.0;7.0;7.5766;8.561023;3084375.0;singleobj-mzn-gurobiWS-LB-noUB;30;ovenruntime
449;~/opl-executable/opl.sh ~/oven-scheduling-problem/solution-methods/cp-optimizer-models/withLB/interval-repr-jobs-noUB-ovenruntime.mod $file;../../instancesUC1withLB/opl/30_oven_scheduling.cpoptimizer_instance_1212-10.33.32.dat;1;0.000166646;514;1;1;514.0;146.0;25.0;7.0;0.4;0.53;3084375.0;singleobj-opl-reprjob-LB-noUB;30;ovenruntime
450;~/opl-executable/opl.sh ~/oven-scheduling-problem/solution-methods/cp-optimizer-models/withLB/interval-repr-jobs-warmstart-noUB-ovenruntime.mod $file;../../instancesUC1withLB/opl/warmstartDataOplDec24/30_warm_start_30RandomOvenSchedulingInstance-n25-k2-a5-WithInitialStates.dat;1;0.000166646;514;1;1;514.0;128.0;25.0;7.0;0.13;0.25;3084375.0;singleobj-opl-reprjob-LB-WS-noUB;30;ovenruntime
451;~/minizinc-executables/mzn-gurobi.sh ~/oven-scheduling-problem/solution-methods/minizinc-models/withLowerBounds/direct-batch-pos-setupcosts-objective.mzn $file --time-limit 3600000 -v;../../instancesUC1withLB/mzn/30_oven_scheduling.minizinc_instance_1212-10.33.33.dzn;1;0.970842067;2994441;1;1;521.0;103.0;25.0;8.0;69.0575;70.005114;3084375.0;singleobj-mzn-gurobi-LB-noUB;30;setupcosts
452;~/minizinc-executables/mzn-gurobi.sh $file ~/oven-scheduling-problem/solution-methods/minizinc-models/withLowerBounds/direct-batch-pos-warmstart-noUB-setupcosts-objective.mzn $1 -d $2 --time-limit 3600000 -v;../../instancesUC1withLB/mzn/30_oven_scheduling.minizinc_instance_1212-10.33.33.dzn ../../instancesUC1withLB/mzn/warmstart/30_warm_start_30RandomOvenSchedulingInstance-n25-k2-a5-WithInitialStates.dzn;1;0.979206809;3020241;1;1;779.0;103.0;25.0;9.0;1.111;2.069996;3084375.0;singleobj-mzn-gurobiWS-LB-noUB;30;setupcosts
453;~/opl-executable/opl.sh ~/oven-scheduling-problem/solution-methods/cp-optimizer-models/withLB/interval-repr-jobs-noUB-setupcosts.mod $file;../../instancesUC1withLB/opl/30_oven_scheduling.cpoptimizer_instance_1212-10.33.32.dat;1;3.34e-05;103;1;1;514.0;103.0;25.0;7.0;0.75;0.87;3084375.0;singleobj-opl-reprjob-LB-noUB;30;setupcosts
454;~/opl-executable/opl.sh ~/oven-scheduling-problem/solution-methods/cp-optimizer-models/withLB/interval-repr-jobs-warmstart-noUB-setupcosts.mod $file;../../instancesUC1withLB/opl/warmstartDataOplDec24/30_warm_start_30RandomOvenSchedulingInstance-n25-k2-a5-WithInitialStates.dat;1;3.34e-05;103;1;1;514.0;103.0;25.0;7.0;0.67;0.79;3084375.0;singleobj-opl-reprjob-LB-WS-noUB;30;setupcosts
455;~/minizinc-executables/mzn-gurobi.sh ~/oven-scheduling-problem/solution-methods/minizinc-models/withLowerBounds/direct-batch-pos-tardiness-objective.mzn $file --time-limit 3600000 -v;../../instancesUC1withLB/mzn/30_oven_scheduling.minizinc_instance_1212-10.33.33.dzn;1;0.976070679;3010568;1;1;616.0;244.0;25.0;14.0;20.3543;21.284699;3084375.0;singleobj-mzn-gurobi-LB-noUB;30;tardiness
456;~/minizinc-executables/mzn-gurobi.sh $file ~/oven-scheduling-problem/solution-methods/minizinc-models/withLowerBounds/direct-batch-pos-warmstart-noUB-tardiness-objective.mzn $1 -d $2 --time-limit 3600000 -v;../../instancesUC1withLB/mzn/30_oven_scheduling.minizinc_instance_1212-10.33.33.dzn ../../instancesUC1withLB/mzn/warmstart/30_warm_start_30RandomOvenSchedulingInstance-n25-k2-a5-WithInitialStates.dzn;1;0.97855384;3018227;1;1;741.0;141.0;25.0;9.0;1.0669;2.019066;3084375.0;singleobj-mzn-gurobiWS-LB-noUB;30;tardiness
457;~/opl-executable/opl.sh ~/oven-scheduling-problem/solution-methods/cp-optimizer-models/withLB/interval-repr-jobs-noUB-tardiness.mod $file;../../instancesUC1withLB/opl/30_oven_scheduling.cpoptimizer_instance_1212-10.33.32.dat;1;8.11e-06;25;1;1;1162.0;418.0;25.0;25.0;0.01;0.13;3084375.0;singleobj-opl-reprjob-LB-noUB;30;tardiness
458;~/opl-executable/opl.sh ~/oven-scheduling-problem/solution-methods/cp-optimizer-models/withLB/interval-repr-jobs-warmstart-noUB-tardiness.mod $file;../../instancesUC1withLB/opl/warmstartDataOplDec24/30_warm_start_30RandomOvenSchedulingInstance-n25-k2-a5-WithInitialStates.dat;1;8.11e-06;25;1;1;664.0;169.0;25.0;9.0;0.02;0.15;3084375.0;singleobj-opl-reprjob-LB-WS-noUB;30;tardiness
459;~/minizinc-executables/mzn-gurobi.sh $file ~/oven-scheduling-problem/solution-methods/minizinc-models/withLowerBounds/direct-batch-pos-warmstart-noUB-batchcount-objective.mzn $1 -d $2 --time-limit 3600000 -v;../../instancesUC1withLB/mzn/31_oven_scheduling.minizinc_instance_1212-10.33.35.dzn ../../instancesUC1withLB/mzn/warmstart/31_warm_start_31RandomOvenSchedulingInstance-n25-k5-a2-WithInitialStates.dzn;1;0.897092063;35323;1;1;59.0;23.0;23.0;11.0;2.9673;4.85965;39375.0;singleobj-mzn-gurobiWS-LB-noUB;31;batchcount
460;~/opl-executable/opl.sh ~/oven-scheduling-problem/solution-methods/cp-optimizer-models/withLB/interval-repr-jobs-noUB-batchcount.mod $file;../../instancesUC1withLB/opl/31_oven_scheduling.cpoptimizer_instance_1212-10.33.34.dat;1;0.000279365;11;1;1;59.0;22.0;24.0;11.0;1.63;1.79;39375.0;singleobj-opl-reprjob-LB-noUB;31;batchcount
461;~/opl-executable/opl.sh ~/oven-scheduling-problem/solution-methods/cp-optimizer-models/withLB/interval-repr-jobs-warmstart-noUB-batchcount.mod $file;../../instancesUC1withLB/opl/warmstartDataOplDec24/31_warm_start_31RandomOvenSchedulingInstance-n25-k5-a2-WithInitialStates.dat;1;0.000279365;11;1;1;59.0;22.0;24.0;11.0;1.83;2.01;39375.0;singleobj-opl-reprjob-LB-WS-noUB;31;batchcount
462;~/minizinc-executables/mzn-gurobi.sh $file ~/oven-scheduling-problem/solution-methods/minizinc-models/withLowerBounds/direct-batch-pos-warmstart-noUB-ovenruntime-objective.mzn $1 -d $2 --time-limit 3600000 -v;../../instancesUC1withLB/mzn/31_oven_scheduling.minizinc_instance_1212-10.33.35.dzn ../../instancesUC1withLB/mzn/warmstart/31_warm_start_31RandomOvenSchedulingInstance-n25-k5-a2-WithInitialStates.dzn;1;0.896584127;35303;1;1;59.0;19.0;23.0;11.0;561.0984;562.98663;39375.0;singleobj-mzn-gurobiWS-LB-noUB;31;ovenruntime
463;~/opl-executable/opl.sh ~/oven-scheduling-problem/solution-methods/cp-optimizer-models/withLB/interval-repr-jobs-noUB-ovenruntime.mod $file;../../instancesUC1withLB/opl/31_oven_scheduling.cpoptimizer_instance_1212-10.33.34.dat;1;0.001498413;59;1;1;59.0;20.0;25.0;11.0;8.13;8.31;39375.0;singleobj-opl-reprjob-LB-noUB;31;ovenruntime
464;~/opl-executable/opl.sh ~/oven-scheduling-problem/solution-methods/cp-optimizer-models/withLB/interval-repr-jobs-warmstart-noUB-ovenruntime.mod $file;../../instancesUC1withLB/opl/warmstartDataOplDec24/31_warm_start_31RandomOvenSchedulingInstance-n25-k5-a2-WithInitialStates.dat;1;0.001498413;59;1;1;59.0;24.0;25.0;11.0;16.22;16.38;39375.0;singleobj-opl-reprjob-LB-WS-noUB;31;ovenruntime
465;~/minizinc-executables/mzn-gurobi.sh $file ~/oven-scheduling-problem/solution-methods/minizinc-models/withLowerBounds/direct-batch-pos-warmstart-noUB-setupcosts-objective.mzn $1 -d $2 --time-limit 3600000 -v;../../instancesUC1withLB/mzn/31_oven_scheduling.minizinc_instance_1212-10.33.35.dzn ../../instancesUC1withLB/mzn/warmstart/31_warm_start_31RandomOvenSchedulingInstance-n25-k5-a2-WithInitialStates.dzn;1;0.821587302;32350;1;1;65.0;14.0;21.0;14.0;5.02;6.91976;39375.0;singleobj-mzn-gurobiWS-LB-noUB;31;setupcosts
466;~/opl-executable/opl.sh ~/oven-scheduling-problem/solution-methods/cp-optimizer-models/withLB/interval-repr-jobs-noUB-setupcosts.mod $file;../../instancesUC1withLB/opl/31_oven_scheduling.cpoptimizer_instance_1212-10.33.34.dat;1;0.000355556;14;1;1;68.0;14.0;19.0;14.0;108.88;109.04;39375.0;singleobj-opl-reprjob-LB-noUB;31;setupcosts
467;~/opl-executable/opl.sh ~/oven-scheduling-problem/solution-methods/cp-optimizer-models/withLB/interval-repr-jobs-warmstart-noUB-setupcosts.mod $file;../../instancesUC1withLB/opl/warmstartDataOplDec24/31_warm_start_31RandomOvenSchedulingInstance-n25-k5-a2-WithInitialStates.dat;1;0.000355556;14;1;1;66.0;14.0;23.0;14.0;114.59;114.77;39375.0;singleobj-opl-reprjob-LB-WS-noUB;31;setupcosts
468;~/minizinc-executables/mzn-gurobi.sh ~/oven-scheduling-problem/solution-methods/minizinc-models/withLowerBounds/direct-batch-pos-tardiness-objective.mzn $file --time-limit 3600000 -v;../../instancesUC1withLB/mzn/31_oven_scheduling.minizinc_instance_1212-10.33.35.dzn;1;0.610463492;24037;1;1;111.0;41.0;15.0;23.0;87.9972;89.9799;39375.0;singleobj-mzn-gurobi-LB-noUB;31;tardiness
469;~/minizinc-executables/mzn-gurobi.sh $file ~/oven-scheduling-problem/solution-methods/minizinc-models/withLowerBounds/direct-batch-pos-warmstart-noUB-tardiness-objective.mzn $1 -d $2 --time-limit 3600000 -v;../../instancesUC1withLB/mzn/31_oven_scheduling.minizinc_instance_1212-10.33.35.dzn ../../instancesUC1withLB/mzn/warmstart/31_warm_start_31RandomOvenSchedulingInstance-n25-k5-a2-WithInitialStates.dzn;1;0.607466667;23919;1;1;102.0;39.0;15.0;21.0;145.1487;147.02854;39375.0;singleobj-mzn-gurobiWS-LB-noUB;31;tardiness
470;~/opl-executable/opl.sh ~/oven-scheduling-problem/solution-methods/cp-optimizer-models/withLB/interval-repr-jobs-noUB-tardiness.mod $file;../../instancesUC1withLB/opl/31_oven_scheduling.cpoptimizer_instance_1212-10.33.34.dat;1;0.000380952;15;1;1;116.0;47.0;15.0;25.0;67.59;67.76;39375.0;singleobj-opl-reprjob-LB-noUB;31;tardiness
471;~/opl-executable/opl.sh ~/oven-scheduling-problem/solution-methods/cp-optimizer-models/withLB/interval-repr-jobs-warmstart-noUB-tardiness.mod $file;../../instancesUC1withLB/opl/warmstartDataOplDec24/31_warm_start_31RandomOvenSchedulingInstance-n25-k5-a2-WithInitialStates.dat;1;0.000380952;15;1;1;96.0;33.0;15.0;18.0;33.79;33.97;39375.0;singleobj-opl-reprjob-LB-WS-noUB;31;tardiness
472;~/minizinc-executables/mzn-gurobi.sh ~/oven-scheduling-problem/solution-methods/minizinc-models/withLowerBounds/direct-batch-pos-batchcount-objective.mzn $file --time-limit 3600000 -v;../../instancesUC1withLB/mzn/32_oven_scheduling.minizinc_instance_1212-10.33.37.dzn;1;0.59847619;9426;1;1;93.0;27.0;15.0;13.0;117.8704;119.73599;15750.0;singleobj-mzn-gurobi-LB-noUB;32;batchcount
473;~/minizinc-executables/mzn-gurobi.sh $file ~/oven-scheduling-problem/solution-methods/minizinc-models/withLowerBounds/direct-batch-pos-warmstart-noUB-batchcount-objective.mzn $1 -d $2 --time-limit 3600000 -v;../../instancesUC1withLB/mzn/32_oven_scheduling.minizinc_instance_1212-10.33.37.dzn ../../instancesUC1withLB/mzn/warmstart/32_warm_start_32RandomOvenSchedulingInstance-n25-k5-a2-WithInitialStates.dzn;1;0.827301587;13030;1;1;94.0;27.0;21.0;13.0;342.1014;343.91023;15750.0;singleobj-mzn-gurobiWS-LB-noUB;32;batchcount
474;~/opl-executable/opl.sh ~/oven-scheduling-problem/solution-methods/cp-optimizer-models/withLB/interval-repr-jobs-noUB-batchcount.mod $file;../../instancesUC1withLB/opl/32_oven_scheduling.cpoptimizer_instance_1212-10.33.37.dat;1;0.000825397;13;1;1;95.0;28.0;17.0;13.0;2.31;2.49;15750.0;singleobj-opl-reprjob-LB-noUB;32;batchcount
475;~/opl-executable/opl.sh ~/oven-scheduling-problem/solution-methods/cp-optimizer-models/withLB/interval-repr-jobs-warmstart-noUB-batchcount.mod $file;../../instancesUC1withLB/opl/warmstartDataOplDec24/32_warm_start_32RandomOvenSchedulingInstance-n25-k5-a2-WithInitialStates.dat;1;0.000825397;13;1;1;93.0;28.0;17.0;13.0;1.84;2.01;15750.0;singleobj-opl-reprjob-LB-WS-noUB;32;batchcount
476;~/minizinc-executables/mzn-gurobi.sh ~/oven-scheduling-problem/solution-methods/minizinc-models/withLowerBounds/direct-batch-pos-ovenruntime-objective.mzn $file --time-limit 3600000 -v;../../instancesUC1withLB/mzn/32_oven_scheduling.minizinc_instance_1212-10.33.37.dzn;1;0.59847619;9426;-1;1;93.0;27.0;15.0;13.0;3608.844;3610.82258;15750.0;singleobj-mzn-gurobi-LB-noUB;32;ovenruntime
477;~/minizinc-executables/mzn-gurobi.sh $file ~/oven-scheduling-problem/solution-methods/minizinc-models/withLowerBounds/direct-batch-pos-warmstart-noUB-ovenruntime-objective.mzn $1 -d $2 --time-limit 3600000 -v;../../instancesUC1withLB/mzn/32_oven_scheduling.minizinc_instance_1212-10.33.37.dzn ../../instancesUC1withLB/mzn/warmstart/32_warm_start_32RandomOvenSchedulingInstance-n25-k5-a2-WithInitialStates.dzn;1;0.827174603;13028;-1;1;93.0;28.0;21.0;13.0;3609.4971;3611.30328;15750.0;singleobj-mzn-gurobiWS-LB-noUB;32;ovenruntime
478;~/opl-executable/opl.sh ~/oven-scheduling-problem/solution-methods/cp-optimizer-models/withLB/interval-repr-jobs-noUB-ovenruntime.mod $file;../../instancesUC1withLB/opl/32_oven_scheduling.cpoptimizer_instance_1212-10.33.37.dat;1;0.005904762;93;1;1;93.0;28.0;24.0;13.0;283.52;283.7;15750.0;singleobj-opl-reprjob-LB-noUB;32;ovenruntime
479;~/opl-executable/opl.sh ~/oven-scheduling-problem/solution-methods/cp-optimizer-models/withLB/interval-repr-jobs-warmstart-noUB-ovenruntime.mod $file;../../instancesUC1withLB/opl/warmstartDataOplDec24/32_warm_start_32RandomOvenSchedulingInstance-n25-k5-a2-WithInitialStates.dat;1;0.005904762;93;1;1;93.0;27.0;24.0;13.0;229.82;230.02;15750.0;singleobj-opl-reprjob-LB-WS-noUB;32;ovenruntime
480;~/minizinc-executables/mzn-gurobi.sh ~/oven-scheduling-problem/solution-methods/minizinc-models/withLowerBounds/direct-batch-pos-setupcosts-objective.mzn $file --time-limit 3600000 -v;../../instancesUC1withLB/mzn/32_oven_scheduling.minizinc_instance_1212-10.33.37.dzn;1;0.598222222;9422;1;1;93.0;25.0;15.0;13.0;971.1669;973.05527;15750.0;singleobj-mzn-gurobi-LB-noUB;32;setupcosts
481;~/minizinc-executables/mzn-gurobi.sh $file ~/oven-scheduling-problem/solution-methods/minizinc-models/withLowerBounds/direct-batch-pos-warmstart-noUB-setupcosts-objective.mzn $1 -d $2 --time-limit 3600000 -v;../../instancesUC1withLB/mzn/32_oven_scheduling.minizinc_instance_1212-10.33.37.dzn ../../instancesUC1withLB/mzn/warmstart/32_warm_start_32RandomOvenSchedulingInstance-n25-k5-a2-WithInitialStates.dzn;1;0.903238095;14226;1;1;94.0;25.0;23.0;13.0;708.1736;710.07669;15750.0;singleobj-mzn-gurobiWS-LB-noUB;32;setupcosts
482;~/opl-executable/opl.sh ~/oven-scheduling-problem/solution-methods/cp-optimizer-models/withLB/interval-repr-jobs-noUB-setupcosts.mod $file;../../instancesUC1withLB/opl/32_oven_scheduling.cpoptimizer_instance_1212-10.33.37.dat;1;0.001587302;25;-1;1;93.0;25.0;24.0;13.0;3599.84;3600.01;15750.0;singleobj-opl-reprjob-LB-noUB;32;setupcosts
483;~/opl-executable/opl.sh ~/oven-scheduling-problem/solution-methods/cp-optimizer-models/withLB/interval-repr-jobs-warmstart-noUB-setupcosts.mod $file;../../instancesUC1withLB/opl/warmstartDataOplDec24/32_warm_start_32RandomOvenSchedulingInstance-n25-k5-a2-WithInitialStates.dat;1;0.001587302;25;-1;1;93.0;25.0;18.0;13.0;3599.81;3600.01;15750.0;singleobj-opl-reprjob-LB-WS-noUB;32;setupcosts
484;~/minizinc-executables/mzn-gurobi.sh ~/oven-scheduling-problem/solution-methods/minizinc-models/withLowerBounds/direct-batch-pos-tardiness-objective.mzn $file --time-limit 3600000 -v;../../instancesUC1withLB/mzn/32_oven_scheduling.minizinc_instance_1212-10.33.37.dzn;1;0.347428571;5472;1;1;144.0;48.0;8.0;23.0;31.0763;32.97607;15750.0;singleobj-mzn-gurobi-LB-noUB;32;tardiness
485;~/minizinc-executables/mzn-gurobi.sh $file ~/oven-scheduling-problem/solution-methods/minizinc-models/withLowerBounds/direct-batch-pos-warmstart-noUB-tardiness-objective.mzn $1 -d $2 --time-limit 3600000 -v;../../instancesUC1withLB/mzn/32_oven_scheduling.minizinc_instance_1212-10.33.37.dzn ../../instancesUC1withLB/mzn/warmstart/32_warm_start_32RandomOvenSchedulingInstance-n25-k5-a2-WithInitialStates.dzn;1;0.34552381;5442;1;1;136.0;49.0;8.0;23.0;12.9055;14.72494;15750.0;singleobj-mzn-gurobiWS-LB-noUB;32;tardiness
486;~/opl-executable/opl.sh ~/oven-scheduling-problem/solution-methods/cp-optimizer-models/withLB/interval-repr-jobs-noUB-tardiness.mod $file;../../instancesUC1withLB/opl/32_oven_scheduling.cpoptimizer_instance_1212-10.33.37.dat;1;0.000507937;8;1;1;117.0;43.0;8.0;20.0;5.65;5.83;15750.0;singleobj-opl-reprjob-LB-noUB;32;tardiness
487;~/opl-executable/opl.sh ~/oven-scheduling-problem/solution-methods/cp-optimizer-models/withLB/interval-repr-jobs-warmstart-noUB-tardiness.mod $file;../../instancesUC1withLB/opl/warmstartDataOplDec24/32_warm_start_32RandomOvenSchedulingInstance-n25-k5-a2-WithInitialStates.dat;1;0.000507937;8;1;1;145.0;53.0;8.0;25.0;5.63;5.81;15750.0;singleobj-opl-reprjob-LB-WS-noUB;32;tardiness
488;~/minizinc-executables/mzn-gurobi.sh ~/oven-scheduling-problem/solution-methods/minizinc-models/withLowerBounds/direct-batch-pos-batchcount-objective.mzn $file --time-limit 3600000 -v;../../instancesUC1withLB/mzn/33_oven_scheduling.minizinc_instance_1212-10.33.39.dzn;1;0.374246181;1822345;-1;1;893.0;75.0;9.0;15.0;3609.4827;3611.30708;4869375.0;singleobj-mzn-gurobi-LB-noUB;33;batchcount
489;~/minizinc-executables/mzn-gurobi.sh $file ~/oven-scheduling-problem/solution-methods/minizinc-models/withLowerBounds/direct-batch-pos-warmstart-noUB-batchcount-objective.mzn $1 -d $2 --time-limit 3600000 -v;../../instancesUC1withLB/mzn/33_oven_scheduling.minizinc_instance_1212-10.33.39.dzn ../../instancesUC1withLB/mzn/warmstart/33_warm_start_33RandomOvenSchedulingInstance-n25-k5-a2-WithInitialStates.dzn;1;0.895978437;4362855;1;1;569.0;45.0;23.0;9.0;241.4703;243.32508;4869375.0;singleobj-mzn-gurobiWS-LB-noUB;33;batchcount
490;~/opl-executable/opl.sh ~/oven-scheduling-problem/solution-methods/cp-optimizer-models/withLB/interval-repr-jobs-noUB-batchcount.mod $file;../../instancesUC1withLB/opl/33_oven_scheduling.cpoptimizer_instance_1212-10.33.39.dat;1;1.85e-06;9;1;1;575.0;45.0;25.0;9.0;3.77;3.95;4869375.0;singleobj-opl-reprjob-LB-noUB;33;batchcount
491;~/opl-executable/opl.sh ~/oven-scheduling-problem/solution-methods/cp-optimizer-models/withLB/interval-repr-jobs-warmstart-noUB-batchcount.mod $file;../../instancesUC1withLB/opl/warmstartDataOplDec24/33_warm_start_33RandomOvenSchedulingInstance-n25-k5-a2-WithInitialStates.dat;1;1.85e-06;9;1;1;575.0;45.0;22.0;9.0;4.45;4.64;4869375.0;singleobj-opl-reprjob-LB-WS-noUB;33;batchcount
492;~/minizinc-executables/mzn-gurobi.sh ~/oven-scheduling-problem/solution-methods/minizinc-models/withLowerBounds/direct-batch-pos-ovenruntime-objective.mzn $file --time-limit 3600000 -v;../../instancesUC1withLB/mzn/33_oven_scheduling.minizinc_instance_1212-10.33.39.dzn;1;0.371320755;1808100;-1;1;778.0;80.0;9.0;16.0;3609.4396;3611.36528;4869375.0;singleobj-mzn-gurobi-LB-noUB;33;ovenruntime
493;~/minizinc-executables/mzn-gurobi.sh $file ~/oven-scheduling-problem/solution-methods/minizinc-models/withLowerBounds/direct-batch-pos-warmstart-noUB-ovenruntime-objective.mzn $1 -d $2 --time-limit 3600000 -v;../../instancesUC1withLB/mzn/33_oven_scheduling.minizinc_instance_1212-10.33.39.dzn ../../instancesUC1withLB/mzn/warmstart/33_warm_start_33RandomOvenSchedulingInstance-n25-k5-a2-WithInitialStates.dzn;1;0.933671159;4546395;-1;1;555.0;45.0;24.0;9.0;3606.9215;3609.04903;4869375.0;singleobj-mzn-gurobiWS-LB-noUB;33;ovenruntime
494;~/opl-executable/opl.sh ~/oven-scheduling-problem/solution-methods/cp-optimizer-models/withLB/interval-repr-jobs-noUB-ovenruntime.mod $file;../../instancesUC1withLB/opl/33_oven_scheduling.cpoptimizer_instance_1212-10.33.39.dat;1;0.000113978;555;1;1;555.0;45.0;19.0;9.0;1704.04;1704.24;4869375.0;singleobj-opl-reprjob-LB-noUB;33;ovenruntime
495;~/opl-executable/opl.sh ~/oven-scheduling-problem/solution-methods/cp-optimizer-models/withLB/interval-repr-jobs-warmstart-noUB-ovenruntime.mod $file;../../instancesUC1withLB/opl/warmstartDataOplDec24/33_warm_start_33RandomOvenSchedulingInstance-n25-k5-a2-WithInitialStates.dat;1;0.000113978;555;1;1;555.0;45.0;21.0;9.0;1772.81;1773.01;4869375.0;singleobj-opl-reprjob-LB-WS-noUB;33;ovenruntime
496;~/minizinc-executables/mzn-gurobi.sh ~/oven-scheduling-problem/solution-methods/minizinc-models/withLowerBounds/direct-batch-pos-setupcosts-objective.mzn $file --time-limit 3600000 -v;../../instancesUC1withLB/mzn/33_oven_scheduling.minizinc_instance_1212-10.33.39.dzn;1;0.373124888;1816885;-1;1;854.0;75.0;9.0;15.0;3610.415;3612.38234;4869375.0;singleobj-mzn-gurobi-LB-noUB;33;setupcosts
497;~/minizinc-executables/mzn-gurobi.sh $file ~/oven-scheduling-problem/solution-methods/minizinc-models/withLowerBounds/direct-batch-pos-warmstart-noUB-setupcosts-objective.mzn $1 -d $2 --time-limit 3600000 -v;../../instancesUC1withLB/mzn/33_oven_scheduling.minizinc_instance_1212-10.33.39.dzn ../../instancesUC1withLB/mzn/warmstart/33_warm_start_33RandomOvenSchedulingInstance-n25-k5-a2-WithInitialStates.dzn;1;0.896352201;4364675;1;1;582.0;45.0;23.0;9.0;174.7729;176.75315;4869375.0;singleobj-mzn-gurobiWS-LB-noUB;33;setupcosts
498;~/opl-executable/opl.sh ~/oven-scheduling-problem/solution-methods/cp-optimizer-models/withLB/interval-repr-jobs-noUB-setupcosts.mod $file;../../instancesUC1withLB/opl/33_oven_scheduling.cpoptimizer_instance_1212-10.33.39.dat;1;9.24e-06;45;1;1;599.0;45.0;21.0;9.0;1345.27;1345.46;4869375.0;singleobj-opl-reprjob-LB-noUB;33;setupcosts
499;~/opl-executable/opl.sh ~/oven-scheduling-problem/solution-methods/cp-optimizer-models/withLB/interval-repr-jobs-warmstart-noUB-setupcosts.mod $file;../../instancesUC1withLB/opl/warmstartDataOplDec24/33_warm_start_33RandomOvenSchedulingInstance-n25-k5-a2-WithInitialStates.dat;1;9.24e-06;45;1;1;575.0;45.0;24.0;9.0;2298.9;2299.08;4869375.0;singleobj-opl-reprjob-LB-WS-noUB;33;setupcosts
500;~/minizinc-executables/mzn-gurobi.sh ~/oven-scheduling-problem/solution-methods/minizinc-models/withLowerBounds/direct-batch-pos-tardiness-objective.mzn $file --time-limit 3600000 -v;../../instancesUC1withLB/mzn/33_oven_scheduling.minizinc_instance_1212-10.33.39.dzn;1;0.309448338;1506820;-1;1;1223.0;100.0;7.0;20.0;3609.8345;3611.82838;4869375.0;singleobj-mzn-gurobi-LB-noUB;33;tardiness
501;~/minizinc-executables/mzn-gurobi.sh $file ~/oven-scheduling-problem/solution-methods/minizinc-models/withLowerBounds/direct-batch-pos-warmstart-noUB-tardiness-objective.mzn $1 -d $2 --time-limit 3600000 -v;../../instancesUC1withLB/mzn/33_oven_scheduling.minizinc_instance_1212-10.33.39.dzn ../../instancesUC1withLB/mzn/warmstart/33_warm_start_33RandomOvenSchedulingInstance-n25-k5-a2-WithInitialStates.dzn;1;0.309354897;1506365;-1;1;1180.0;115.0;7.0;23.0;3610.3757;3612.32334;4869375.0;singleobj-mzn-gurobiWS-LB-noUB;33;tardiness
502;~/opl-executable/opl.sh ~/oven-scheduling-problem/solution-methods/cp-optimizer-models/withLB/interval-repr-jobs-noUB-tardiness.mod $file;../../instancesUC1withLB/opl/33_oven_scheduling.cpoptimizer_instance_1212-10.33.39.dat;1;1.44e-06;7;1;1;1318.0;125.0;7.0;25.0;36.75;36.98;4869375.0;singleobj-opl-reprjob-LB-noUB;33;tardiness
503;~/opl-executable/opl.sh ~/oven-scheduling-problem/solution-methods/cp-optimizer-models/withLB/interval-repr-jobs-warmstart-noUB-tardiness.mod $file;../../instancesUC1withLB/opl/warmstartDataOplDec24/33_warm_start_33RandomOvenSchedulingInstance-n25-k5-a2-WithInitialStates.dat;1;1.44e-06;7;1;1;1257.0;120.0;7.0;24.0;36.8;36.99;4869375.0;singleobj-opl-reprjob-LB-WS-noUB;33;tardiness
504;~/minizinc-executables/mzn-gurobi.sh ~/oven-scheduling-problem/solution-methods/minizinc-models/withLowerBounds/direct-batch-pos-batchcount-objective.mzn $file --time-limit 3600000 -v;../../instancesUC1withLB/mzn/34_oven_scheduling.minizinc_instance_1212-10.33.41.dzn;1;0.979609735;2314328;1;1;670.0;298.0;25.0;13.0;6.5139;8.34577;2362500.0;singleobj-mzn-gurobi-LB-noUB;34;batchcount
505;~/minizinc-executables/mzn-gurobi.sh $file ~/oven-scheduling-problem/solution-methods/minizinc-models/withLowerBounds/direct-batch-pos-warmstart-noUB-batchcount-objective.mzn $1 -d $2 --time-limit 3600000 -v;../../instancesUC1withLB/mzn/34_oven_scheduling.minizinc_instance_1212-10.33.41.dzn ../../instancesUC1withLB/mzn/warmstart/34_warm_start_34RandomOvenSchedulingInstance-n25-k5-a2-WithInitialStates.dzn;1;0.984160847;2325080;1;1;799.0;310.0;25.0;13.0;7.9173;9.72711;2362500.0;singleobj-mzn-gurobiWS-LB-noUB;34;batchcount
506;~/opl-executable/opl.sh ~/oven-scheduling-problem/solution-methods/cp-optimizer-models/withLB/interval-repr-jobs-noUB-batchcount.mod $file;../../instancesUC1withLB/opl/34_oven_scheduling.cpoptimizer_instance_1212-10.33.41.dat;1;5.5e-06;13;1;1;875.0;301.0;25.0;13.0;157.81;157.99;2362500.0;singleobj-opl-reprjob-LB-noUB;34;batchcount
507;~/opl-executable/opl.sh ~/oven-scheduling-problem/solution-methods/cp-optimizer-models/withLB/interval-repr-jobs-warmstart-noUB-batchcount.mod $file;../../instancesUC1withLB/opl/warmstartDataOplDec24/34_warm_start_34RandomOvenSchedulingInstance-n25-k5-a2-WithInitialStates.dat;1;5.5e-06;13;1;1;711.0;298.0;24.0;13.0;157.06;157.25;2362500.0;singleobj-opl-reprjob-LB-WS-noUB;34;batchcount
508;~/minizinc-executables/mzn-gurobi.sh ~/oven-scheduling-problem/solution-methods/minizinc-models/withLowerBounds/direct-batch-pos-ovenruntime-objective.mzn $file --time-limit 3600000 -v;../../instancesUC1withLB/mzn/34_oven_scheduling.minizinc_instance_1212-10.33.41.dzn;1;0.977704974;2309828;1;1;607.0;313.0;25.0;13.0;15.7313;17.56156;2362500.0;singleobj-mzn-gurobi-LB-noUB;34;ovenruntime
509;~/minizinc-executables/mzn-gurobi.sh $file ~/oven-scheduling-problem/solution-methods/minizinc-models/withLowerBounds/direct-batch-pos-warmstart-noUB-ovenruntime-objective.mzn $1 -d $2 --time-limit 3600000 -v;../../instancesUC1withLB/mzn/34_oven_scheduling.minizinc_instance_1212-10.33.41.dzn ../../instancesUC1withLB/mzn/warmstart/34_warm_start_34RandomOvenSchedulingInstance-n25-k5-a2-WithInitialStates.dzn;1;0.939381164;2219288;1;1;607.0;298.0;24.0;13.0;30.7396;32.75528;2362500.0;singleobj-mzn-gurobiWS-LB-noUB;34;ovenruntime
510;~/opl-executable/opl.sh ~/oven-scheduling-problem/solution-methods/cp-optimizer-models/withLB/interval-repr-jobs-noUB-ovenruntime.mod $file;../../instancesUC1withLB/opl/34_oven_scheduling.cpoptimizer_instance_1212-10.33.41.dat;1;0.000256931;607;1;1;607.0;310.0;24.0;13.0;95.81;95.99;2362500.0;singleobj-opl-reprjob-LB-noUB;34;ovenruntime
511;~/opl-executable/opl.sh ~/oven-scheduling-problem/solution-methods/cp-optimizer-models/withLB/interval-repr-jobs-warmstart-noUB-ovenruntime.mod $file;../../instancesUC1withLB/opl/warmstartDataOplDec24/34_warm_start_34RandomOvenSchedulingInstance-n25-k5-a2-WithInitialStates.dat;1;0.000256931;607;1;1;607.0;304.0;24.0;13.0;105.9;106.09;2362500.0;singleobj-opl-reprjob-LB-WS-noUB;34;ovenruntime
512;~/minizinc-executables/mzn-gurobi.sh ~/oven-scheduling-problem/solution-methods/minizinc-models/withLowerBounds/direct-batch-pos-setupcosts-objective.mzn $file --time-limit 3600000 -v;../../instancesUC1withLB/mzn/34_oven_scheduling.minizinc_instance_1212-10.33.41.dzn;1;0.98319746;2322804;1;1;780.0;289.0;25.0;13.0;399.7559;401.58648;2362500.0;singleobj-mzn-gurobi-LB-noUB;34;setupcosts
513;~/minizinc-executables/mzn-gurobi.sh $file ~/oven-scheduling-problem/solution-methods/minizinc-models/withLowerBounds/direct-batch-pos-warmstart-noUB-setupcosts-objective.mzn $1 -d $2 --time-limit 3600000 -v;../../instancesUC1withLB/mzn/34_oven_scheduling.minizinc_instance_1212-10.33.41.dzn ../../instancesUC1withLB/mzn/warmstart/34_warm_start_34RandomOvenSchedulingInstance-n25-k5-a2-WithInitialStates.dzn;1;0.992645079;2345124;1;1;1059.0;289.0;25.0;13.0;278.1016;280.01547;2362500.0;singleobj-mzn-gurobiWS-LB-noUB;34;setupcosts
514;~/opl-executable/opl.sh ~/oven-scheduling-problem/solution-methods/cp-optimizer-models/withLB/interval-repr-jobs-noUB-setupcosts.mod $file;../../instancesUC1withLB/opl/34_oven_scheduling.cpoptimizer_instance_1212-10.33.41.dat;1;0.000122328;289;-1;1;640.0;289.0;25.0;13.0;3599.96;3600.18;2362500.0;singleobj-opl-reprjob-LB-noUB;34;setupcosts
515;~/opl-executable/opl.sh ~/oven-scheduling-problem/solution-methods/cp-optimizer-models/withLB/interval-repr-jobs-warmstart-noUB-setupcosts.mod $file;../../instancesUC1withLB/opl/warmstartDataOplDec24/34_warm_start_34RandomOvenSchedulingInstance-n25-k5-a2-WithInitialStates.dat;1;0.000122328;289;-1;1;672.0;289.0;24.0;13.0;3600.02;3600.2;2362500.0;singleobj-opl-reprjob-LB-WS-noUB;34;setupcosts
516;~/minizinc-executables/mzn-gurobi.sh ~/oven-scheduling-problem/solution-methods/minizinc-models/withLowerBounds/direct-batch-pos-tardiness-objective.mzn $file --time-limit 3600000 -v;../../instancesUC1withLB/mzn/34_oven_scheduling.minizinc_instance_1212-10.33.41.dzn;1;0.951568254;2248080;1;1;912.0;420.0;24.0;18.0;14.7263;16.542;2362500.0;singleobj-mzn-gurobi-LB-noUB;34;tardiness
517;~/minizinc-executables/mzn-gurobi.sh $file ~/oven-scheduling-problem/solution-methods/minizinc-models/withLowerBounds/direct-batch-pos-warmstart-noUB-tardiness-objective.mzn $1 -d $2 --time-limit 3600000 -v;../../instancesUC1withLB/mzn/34_oven_scheduling.minizinc_instance_1212-10.33.41.dzn ../../instancesUC1withLB/mzn/warmstart/34_warm_start_34RandomOvenSchedulingInstance-n25-k5-a2-WithInitialStates.dzn;1;0.948976085;2241956;1;1;844.0;401.0;24.0;17.0;6.8113;8.74413;2362500.0;singleobj-mzn-gurobiWS-LB-noUB;34;tardiness
518;~/opl-executable/opl.sh ~/oven-scheduling-problem/solution-methods/cp-optimizer-models/withLB/interval-repr-jobs-noUB-tardiness.mod $file;../../instancesUC1withLB/opl/34_oven_scheduling.cpoptimizer_instance_1212-10.33.41.dat;1;1.02e-05;24;1;1;982.0;470.0;24.0;20.0;1328.29;1328.49;2362500.0;singleobj-opl-reprjob-LB-noUB;34;tardiness
519;~/opl-executable/opl.sh ~/oven-scheduling-problem/solution-methods/cp-optimizer-models/withLB/interval-repr-jobs-warmstart-noUB-tardiness.mod $file;../../instancesUC1withLB/opl/warmstartDataOplDec24/34_warm_start_34RandomOvenSchedulingInstance-n25-k5-a2-WithInitialStates.dat;1;1.02e-05;24;1;1;760.0;345.0;24.0;15.0;1279.08;1279.29;2362500.0;singleobj-opl-reprjob-LB-WS-noUB;34;tardiness
520;~/minizinc-executables/mzn-gurobi.sh $file ~/oven-scheduling-problem/solution-methods/minizinc-models/withLowerBounds/direct-batch-pos-warmstart-noUB-batchcount-objective.mzn $1 -d $2 --time-limit 3600000 -v;../../instancesUC1withLB/mzn/35_oven_scheduling.minizinc_instance_1212-10.33.43.dzn ../../instancesUC1withLB/mzn/warmstart/35_warm_start_35RandomOvenSchedulingInstance-n25-k5-a2-WithInitialStates.dzn;1;0.774485337;38950707;1;1;375.0;41.0;20.0;5.0;6.5957;8.46538;50292375.0;singleobj-mzn-gurobiWS-LB-noUB;35;batchcount
521;~/opl-executable/opl.sh ~/oven-scheduling-problem/solution-methods/cp-optimizer-models/withLB/interval-repr-jobs-noUB-batchcount.mod $file;../../instancesUC1withLB/opl/35_oven_scheduling.cpoptimizer_instance_1212-10.33.43.dat;1;9.94e-08;5;1;1;319.0;35.0;22.0;5.0;5.44;5.63;50292375.0;singleobj-opl-reprjob-LB-noUB;35;batchcount
522;~/opl-executable/opl.sh ~/oven-scheduling-problem/solution-methods/cp-optimizer-models/withLB/interval-repr-jobs-warmstart-noUB-batchcount.mod $file;../../instancesUC1withLB/opl/warmstartDataOplDec24/35_warm_start_35RandomOvenSchedulingInstance-n25-k5-a2-WithInitialStates.dat;1;9.94e-08;5;1;1;389.0;41.0;23.0;5.0;4.93;5.11;50292375.0;singleobj-opl-reprjob-LB-WS-noUB;35;batchcount
523;~/minizinc-executables/mzn-gurobi.sh $file ~/oven-scheduling-problem/solution-methods/minizinc-models/withLowerBounds/direct-batch-pos-warmstart-noUB-ovenruntime-objective.mzn $1 -d $2 --time-limit 3600000 -v;../../instancesUC1withLB/mzn/35_oven_scheduling.minizinc_instance_1212-10.33.43.dzn ../../instancesUC1withLB/mzn/warmstart/35_warm_start_35RandomOvenSchedulingInstance-n25-k5-a2-WithInitialStates.dzn;1;0.886594181;44588927;-1;1;305.0;41.0;23.0;5.0;3608.9502;3610.94013;50292375.0;singleobj-mzn-gurobiWS-LB-noUB;35;ovenruntime
524;~/opl-executable/opl.sh ~/oven-scheduling-problem/solution-methods/cp-optimizer-models/withLB/interval-repr-jobs-noUB-ovenruntime.mod $file;../../instancesUC1withLB/opl/35_oven_scheduling.cpoptimizer_instance_1212-10.33.43.dat;1;6.06e-06;305;1;1;305.0;35.0;23.0;5.0;22.1;22.29;50292375.0;singleobj-opl-reprjob-LB-noUB;35;ovenruntime
525;~/opl-executable/opl.sh ~/oven-scheduling-problem/solution-methods/cp-optimizer-models/withLB/interval-repr-jobs-warmstart-noUB-ovenruntime.mod $file;../../instancesUC1withLB/opl/warmstartDataOplDec24/35_warm_start_35RandomOvenSchedulingInstance-n25-k5-a2-WithInitialStates.dat;1;6.06e-06;305;1;1;305.0;41.0;24.0;5.0;23.47;23.67;50292375.0;singleobj-opl-reprjob-LB-WS-noUB;35;ovenruntime
526;~/minizinc-executables/mzn-gurobi.sh $file ~/oven-scheduling-problem/solution-methods/minizinc-models/withLowerBounds/direct-batch-pos-warmstart-noUB-setupcosts-objective.mzn $1 -d $2 --time-limit 3600000 -v;../../instancesUC1withLB/mzn/35_oven_scheduling.minizinc_instance_1212-10.33.43.dzn ../../instancesUC1withLB/mzn/warmstart/35_warm_start_35RandomOvenSchedulingInstance-n25-k5-a2-WithInitialStates.dzn;1;0.738214829;37126577;1;1;438.0;35.0;19.0;5.0;43.8032;45.67033;50292375.0;singleobj-mzn-gurobiWS-LB-noUB;35;setupcosts
527;~/opl-executable/opl.sh ~/oven-scheduling-problem/solution-methods/cp-optimizer-models/withLB/interval-repr-jobs-noUB-setupcosts.mod $file;../../instancesUC1withLB/opl/35_oven_scheduling.cpoptimizer_instance_1212-10.33.43.dat;1;6.96e-07;35;1;1;345.0;35.0;20.0;5.0;7.85;8.02;50292375.0;singleobj-opl-reprjob-LB-noUB;35;setupcosts
528;~/opl-executable/opl.sh ~/oven-scheduling-problem/solution-methods/cp-optimizer-models/withLB/interval-repr-jobs-warmstart-noUB-setupcosts.mod $file;../../instancesUC1withLB/opl/warmstartDataOplDec24/35_warm_start_35RandomOvenSchedulingInstance-n25-k5-a2-WithInitialStates.dat;1;6.96e-07;35;1;1;344.0;35.0;23.0;5.0;7.06;7.29;50292375.0;singleobj-opl-reprjob-LB-WS-noUB;35;setupcosts
529;~/minizinc-executables/mzn-gurobi.sh ~/oven-scheduling-problem/solution-methods/minizinc-models/withLowerBounds/direct-batch-pos-tardiness-objective.mzn $file --time-limit 3600000 -v;../../instancesUC1withLB/mzn/35_oven_scheduling.minizinc_instance_1212-10.33.43.dzn;1;0.267292746;13442787;1;1;1083.0;225.0;6.0;19.0;35.1683;37.08202;50292375.0;singleobj-mzn-gurobi-LB-noUB;35;tardiness
530;~/minizinc-executables/mzn-gurobi.sh $file ~/oven-scheduling-problem/solution-methods/minizinc-models/withLowerBounds/direct-batch-pos-warmstart-noUB-tardiness-objective.mzn $1 -d $2 --time-limit 3600000 -v;../../instancesUC1withLB/mzn/35_oven_scheduling.minizinc_instance_1212-10.33.43.dzn ../../instancesUC1withLB/mzn/warmstart/35_warm_start_35RandomOvenSchedulingInstance-n25-k5-a2-WithInitialStates.dzn;1;0.265926714;13374086;1;1;1047.0;214.0;6.0;20.0;15.2025;17.07791;50292375.0;singleobj-mzn-gurobiWS-LB-noUB;35;tardiness
531;~/opl-executable/opl.sh ~/oven-scheduling-problem/solution-methods/cp-optimizer-models/withLB/interval-repr-jobs-noUB-tardiness.mod $file;../../instancesUC1withLB/opl/35_oven_scheduling.cpoptimizer_instance_1212-10.33.43.dat;1;1.19e-07;6;1;1;953.0;196.0;6.0;18.0;819.36;819.56;50292375.0;singleobj-opl-reprjob-LB-noUB;35;tardiness
532;~/opl-executable/opl.sh ~/oven-scheduling-problem/solution-methods/cp-optimizer-models/withLB/interval-repr-jobs-warmstart-noUB-tardiness.mod $file;../../instancesUC1withLB/opl/warmstartDataOplDec24/35_warm_start_35RandomOvenSchedulingInstance-n25-k5-a2-WithInitialStates.dat;1;1.19e-07;6;1;1;984.0;257.0;6.0;21.0;885.97;886.16;50292375.0;singleobj-opl-reprjob-LB-WS-noUB;35;tardiness
533;~/minizinc-executables/mzn-gurobi.sh ~/oven-scheduling-problem/solution-methods/minizinc-models/withLowerBounds/direct-batch-pos-batchcount-objective.mzn $file --time-limit 3600000 -v;../../instancesUC1withLB/mzn/36_oven_scheduling.minizinc_instance_1212-10.33.45.dzn;1;0.96707483;17770;1;1;57.0;6.0;25.0;6.0;9.1206;10.96636;18375.0;singleobj-mzn-gurobi-LB-noUB;36;batchcount
534;~/minizinc-executables/mzn-gurobi.sh $file ~/oven-scheduling-problem/solution-methods/minizinc-models/withLowerBounds/direct-batch-pos-warmstart-noUB-batchcount-objective.mzn $1 -d $2 --time-limit 3600000 -v;../../instancesUC1withLB/mzn/36_oven_scheduling.minizinc_instance_1212-10.33.45.dzn ../../instancesUC1withLB/mzn/warmstart/36_warm_start_36RandomOvenSchedulingInstance-n25-k5-a5-WithInitialStates.dzn;1;0.96707483;17770;1;1;57.0;6.0;25.0;6.0;6.9826;8.90164;18375.0;singleobj-mzn-gurobiWS-LB-noUB;36;batchcount
535;~/opl-executable/opl.sh ~/oven-scheduling-problem/solution-methods/cp-optimizer-models/withLB/interval-repr-jobs-noUB-batchcount.mod $file;../../instancesUC1withLB/opl/36_oven_scheduling.cpoptimizer_instance_1212-10.33.45.dat;1;0.000326531;6;1;1;49.0;6.0;25.0;6.0;0.2;0.38;18375.0;singleobj-opl-reprjob-LB-noUB;36;batchcount
536;~/opl-executable/opl.sh ~/oven-scheduling-problem/solution-methods/cp-optimizer-models/withLB/interval-repr-jobs-warmstart-noUB-batchcount.mod $file;../../instancesUC1withLB/opl/warmstartDataOplDec24/36_warm_start_36RandomOvenSchedulingInstance-n25-k5-a5-WithInitialStates.dat;1;0.000326531;6;1;1;49.0;6.0;25.0;6.0;0.08;0.25;18375.0;singleobj-opl-reprjob-LB-WS-noUB;36;batchcount
537;~/minizinc-executables/mzn-gurobi.sh ~/oven-scheduling-problem/solution-methods/minizinc-models/withLowerBounds/direct-batch-pos-ovenruntime-objective.mzn $file --time-limit 3600000 -v;../../instancesUC1withLB/mzn/36_oven_scheduling.minizinc_instance_1212-10.33.45.dzn;1;0.965333333;17738;-1;1;49.0;6.0;25.0;6.0;3609.1085;3610.94281;18375.0;singleobj-mzn-gurobi-LB-noUB;36;ovenruntime
538;~/minizinc-executables/mzn-gurobi.sh $file ~/oven-scheduling-problem/solution-methods/minizinc-models/withLowerBounds/direct-batch-pos-warmstart-noUB-ovenruntime-objective.mzn $1 -d $2 --time-limit 3600000 -v;../../instancesUC1withLB/mzn/36_oven_scheduling.minizinc_instance_1212-10.33.45.dzn ../../instancesUC1withLB/mzn/warmstart/36_warm_start_36RandomOvenSchedulingInstance-n25-k5-a5-WithInitialStates.dzn;1;0.965333333;17738;-1;1;49.0;6.0;25.0;6.0;3608.9536;3610.81343;18375.0;singleobj-mzn-gurobiWS-LB-noUB;36;ovenruntime
539;~/opl-executable/opl.sh ~/oven-scheduling-problem/solution-methods/cp-optimizer-models/withLB/interval-repr-jobs-noUB-ovenruntime.mod $file;../../instancesUC1withLB/opl/36_oven_scheduling.cpoptimizer_instance_1212-10.33.45.dat;1;0.002666667;49;1;1;49.0;6.0;25.0;6.0;184.54;184.72;18375.0;singleobj-opl-reprjob-LB-noUB;36;ovenruntime
540;~/opl-executable/opl.sh ~/oven-scheduling-problem/solution-methods/cp-optimizer-models/withLB/interval-repr-jobs-warmstart-noUB-ovenruntime.mod $file;../../instancesUC1withLB/opl/warmstartDataOplDec24/36_warm_start_36RandomOvenSchedulingInstance-n25-k5-a5-WithInitialStates.dat;1;0.002666667;49;1;1;49.0;6.0;25.0;6.0;126.98;127.18;18375.0;singleobj-opl-reprjob-LB-WS-noUB;36;ovenruntime
541;~/minizinc-executables/mzn-gurobi.sh ~/oven-scheduling-problem/solution-methods/minizinc-models/withLowerBounds/direct-batch-pos-setupcosts-objective.mzn $file --time-limit 3600000 -v;../../instancesUC1withLB/mzn/36_oven_scheduling.minizinc_instance_1212-10.33.45.dzn;1;0.967510204;17778;1;1;59.0;6.0;25.0;6.0;14.4288;16.60452;18375.0;singleobj-mzn-gurobi-LB-noUB;36;setupcosts
542;~/minizinc-executables/mzn-gurobi.sh $file ~/oven-scheduling-problem/solution-methods/minizinc-models/withLowerBounds/direct-batch-pos-warmstart-noUB-setupcosts-objective.mzn $1 -d $2 --time-limit 3600000 -v;../../instancesUC1withLB/mzn/36_oven_scheduling.minizinc_instance_1212-10.33.45.dzn ../../instancesUC1withLB/mzn/warmstart/36_warm_start_36RandomOvenSchedulingInstance-n25-k5-a5-WithInitialStates.dzn;1;0.96707483;17770;1;1;57.0;6.0;25.0;6.0;17.1493;19.28561;18375.0;singleobj-mzn-gurobiWS-LB-noUB;36;setupcosts
543;~/opl-executable/opl.sh ~/oven-scheduling-problem/solution-methods/cp-optimizer-models/withLB/interval-repr-jobs-noUB-setupcosts.mod $file;../../instancesUC1withLB/opl/36_oven_scheduling.cpoptimizer_instance_1212-10.33.45.dat;1;0.000326531;6;1;1;49.0;6.0;25.0;6.0;0.79;0.97;18375.0;singleobj-opl-reprjob-LB-noUB;36;setupcosts
544;~/opl-executable/opl.sh ~/oven-scheduling-problem/solution-methods/cp-optimizer-models/withLB/interval-repr-jobs-warmstart-noUB-setupcosts.mod $file;../../instancesUC1withLB/opl/warmstartDataOplDec24/36_warm_start_36RandomOvenSchedulingInstance-n25-k5-a5-WithInitialStates.dat;1;0.000326531;6;1;1;49.0;6.0;25.0;6.0;0.3;0.47;18375.0;singleobj-opl-reprjob-LB-WS-noUB;36;setupcosts
545;~/minizinc-executables/mzn-gurobi.sh ~/oven-scheduling-problem/solution-methods/minizinc-models/withLowerBounds/direct-batch-pos-tardiness-objective.mzn $file --time-limit 3600000 -v;../../instancesUC1withLB/mzn/36_oven_scheduling.minizinc_instance_1212-10.33.45.dzn;1;0.97137415;17849;1;1;68.0;11.0;25.0;11.0;11.7737;13.62194;18375.0;singleobj-mzn-gurobi-LB-noUB;36;tardiness
546;~/minizinc-executables/mzn-gurobi.sh $file ~/oven-scheduling-problem/solution-methods/minizinc-models/withLowerBounds/direct-batch-pos-warmstart-noUB-tardiness-objective.mzn $1 -d $2 --time-limit 3600000 -v;../../instancesUC1withLB/mzn/36_oven_scheduling.minizinc_instance_1212-10.33.45.dzn ../../instancesUC1withLB/mzn/warmstart/36_warm_start_36RandomOvenSchedulingInstance-n25-k5-a5-WithInitialStates.dzn;1;0.973605442;17890;1;1;80.0;10.0;25.0;10.0;2.1682;4.34597;18375.0;singleobj-mzn-gurobiWS-LB-noUB;36;tardiness
547;~/opl-executable/opl.sh ~/oven-scheduling-problem/solution-methods/cp-optimizer-models/withLB/interval-repr-jobs-noUB-tardiness.mod $file;../../instancesUC1withLB/opl/36_oven_scheduling.cpoptimizer_instance_1212-10.33.45.dat;1;0.001360544;25;1;1;86.0;13.0;25.0;13.0;0.06;0.25;18375.0;singleobj-opl-reprjob-LB-noUB;36;tardiness
548;~/opl-executable/opl.sh ~/oven-scheduling-problem/solution-methods/cp-optimizer-models/withLB/interval-repr-jobs-warmstart-noUB-tardiness.mod $file;../../instancesUC1withLB/opl/warmstartDataOplDec24/36_warm_start_36RandomOvenSchedulingInstance-n25-k5-a5-WithInitialStates.dat;1;0.001360544;25;1;1;71.0;10.0;25.0;10.0;0.04;0.2;18375.0;singleobj-opl-reprjob-LB-WS-noUB;36;tardiness
549;~/minizinc-executables/mzn-gurobi.sh ~/oven-scheduling-problem/solution-methods/minizinc-models/withLowerBounds/direct-batch-pos-batchcount-objective.mzn $file --time-limit 3600000 -v;../../instancesUC1withLB/mzn/37_oven_scheduling.minizinc_instance_1212-10.33.47.dzn;1;0.993798095;5478312;1;1;1109.0;420.0;25.0;20.0;3.7844;6.01417;5512500.0;singleobj-mzn-gurobi-LB-noUB;37;batchcount
550;~/minizinc-executables/mzn-gurobi.sh $file ~/oven-scheduling-problem/solution-methods/minizinc-models/withLowerBounds/direct-batch-pos-warmstart-noUB-batchcount-objective.mzn $1 -d $2 --time-limit 3600000 -v;../../instancesUC1withLB/mzn/37_oven_scheduling.minizinc_instance_1212-10.33.47.dzn ../../instancesUC1withLB/mzn/warmstart/37_warm_start_37RandomOvenSchedulingInstance-n25-k5-a5-WithInitialStates.dzn;1;0.993798095;5478312;1;1;1109.0;420.0;25.0;20.0;3.5538;5.82413;5512500.0;singleobj-mzn-gurobiWS-LB-noUB;37;batchcount
551;~/opl-executable/opl.sh ~/oven-scheduling-problem/solution-methods/cp-optimizer-models/withLB/interval-repr-jobs-noUB-batchcount.mod $file;../../instancesUC1withLB/opl/37_oven_scheduling.cpoptimizer_instance_1212-10.33.47.dat;1;3.63e-06;20;1;1;1109.0;420.0;25.0;20.0;2.08;2.24;5512500.0;singleobj-opl-reprjob-LB-noUB;37;batchcount
552;~/opl-executable/opl.sh ~/oven-scheduling-problem/solution-methods/cp-optimizer-models/withLB/interval-repr-jobs-warmstart-noUB-batchcount.mod $file;../../instancesUC1withLB/opl/warmstartDataOplDec24/37_warm_start_37RandomOvenSchedulingInstance-n25-k5-a5-WithInitialStates.dat;1;3.63e-06;20;1;1;1109.0;420.0;25.0;20.0;1.92;2.08;5512500.0;singleobj-opl-reprjob-LB-WS-noUB;37;batchcount
553;~/minizinc-executables/mzn-gurobi.sh ~/oven-scheduling-problem/solution-methods/minizinc-models/withLowerBounds/direct-batch-pos-ovenruntime-objective.mzn $file --time-limit 3600000 -v;../../instancesUC1withLB/mzn/37_oven_scheduling.minizinc_instance_1212-10.33.47.dzn;1;0.993798095;5478312;1;1;1109.0;420.0;25.0;20.0;377.4321;379.6692;5512500.0;singleobj-mzn-gurobi-LB-noUB;37;ovenruntime
554;~/minizinc-executables/mzn-gurobi.sh $file ~/oven-scheduling-problem/solution-methods/minizinc-models/withLowerBounds/direct-batch-pos-warmstart-noUB-ovenruntime-objective.mzn $1 -d $2 --time-limit 3600000 -v;../../instancesUC1withLB/mzn/37_oven_scheduling.minizinc_instance_1212-10.33.47.dzn ../../instancesUC1withLB/mzn/warmstart/37_warm_start_37RandomOvenSchedulingInstance-n25-k5-a5-WithInitialStates.dzn;1;0.993798095;5478312;1;1;1109.0;420.0;25.0;20.0;235.3268;237.76952;5512500.0;singleobj-mzn-gurobiWS-LB-noUB;37;ovenruntime
555;~/opl-executable/opl.sh ~/oven-scheduling-problem/solution-methods/cp-optimizer-models/withLB/interval-repr-jobs-noUB-ovenruntime.mod $file;../../instancesUC1withLB/opl/37_oven_scheduling.cpoptimizer_instance_1212-10.33.47.dat;1;0.000201179;1109;1;1;1109.0;420.0;25.0;20.0;18.04;18.22;5512500.0;singleobj-opl-reprjob-LB-noUB;37;ovenruntime
556;~/opl-executable/opl.sh ~/oven-scheduling-problem/solution-methods/cp-optimizer-models/withLB/interval-repr-jobs-warmstart-noUB-ovenruntime.mod $file;../../instancesUC1withLB/opl/warmstartDataOplDec24/37_warm_start_37RandomOvenSchedulingInstance-n25-k5-a5-WithInitialStates.dat;1;0.000201179;1109;1;1;1109.0;420.0;25.0;20.0;19.52;19.68;5512500.0;singleobj-opl-reprjob-LB-WS-noUB;37;ovenruntime
557;~/minizinc-executables/mzn-gurobi.sh ~/oven-scheduling-problem/solution-methods/minizinc-models/withLowerBounds/direct-batch-pos-setupcosts-objective.mzn $file --time-limit 3600000 -v;../../instancesUC1withLB/mzn/37_oven_scheduling.minizinc_instance_1212-10.33.47.dzn;1;0.99559619;5488224;1;1;1168.0;420.0;25.0;20.0;179.7085;181.97871;5512500.0;singleobj-mzn-gurobi-LB-noUB;37;setupcosts
558;~/minizinc-executables/mzn-gurobi.sh $file ~/oven-scheduling-problem/solution-methods/minizinc-models/withLowerBounds/direct-batch-pos-warmstart-noUB-setupcosts-objective.mzn $1 -d $2 --time-limit 3600000 -v;../../instancesUC1withLB/mzn/37_oven_scheduling.minizinc_instance_1212-10.33.47.dzn ../../instancesUC1withLB/mzn/warmstart/37_warm_start_37RandomOvenSchedulingInstance-n25-k5-a5-WithInitialStates.dzn;1;0.994407619;5481672;1;1;1129.0;420.0;25.0;20.0;247.6021;249.8489;5512500.0;singleobj-mzn-gurobiWS-LB-noUB;37;setupcosts
559;~/opl-executable/opl.sh ~/oven-scheduling-problem/solution-methods/cp-optimizer-models/withLB/interval-repr-jobs-noUB-setupcosts.mod $file;../../instancesUC1withLB/opl/37_oven_scheduling.cpoptimizer_instance_1212-10.33.47.dat;1;7.62e-05;420;1;1;1109.0;420.0;25.0;20.0;20.17;20.34;5512500.0;singleobj-opl-reprjob-LB-noUB;37;setupcosts
560;~/opl-executable/opl.sh ~/oven-scheduling-problem/solution-methods/cp-optimizer-models/withLB/interval-repr-jobs-warmstart-noUB-setupcosts.mod $file;../../instancesUC1withLB/opl/warmstartDataOplDec24/37_warm_start_37RandomOvenSchedulingInstance-n25-k5-a5-WithInitialStates.dat;1;7.62e-05;420;1;1;1122.0;420.0;25.0;20.0;19.43;19.61;5512500.0;singleobj-opl-reprjob-LB-WS-noUB;37;setupcosts
561;~/minizinc-executables/mzn-gurobi.sh ~/oven-scheduling-problem/solution-methods/minizinc-models/withLowerBounds/direct-batch-pos-tardiness-objective.mzn $file --time-limit 3600000 -v;../../instancesUC1withLB/mzn/37_oven_scheduling.minizinc_instance_1212-10.33.47.dzn;1;0.995474286;5487552;1;1;1139.0;462.0;25.0;22.0;5.3026;7.65427;5512500.0;singleobj-mzn-gurobi-LB-noUB;37;tardiness
562;~/minizinc-executables/mzn-gurobi.sh $file ~/oven-scheduling-problem/solution-methods/minizinc-models/withLowerBounds/direct-batch-pos-warmstart-noUB-tardiness-objective.mzn $1 -d $2 --time-limit 3600000 -v;../../instancesUC1withLB/mzn/37_oven_scheduling.minizinc_instance_1212-10.33.47.dzn ../../instancesUC1withLB/mzn/warmstart/37_warm_start_37RandomOvenSchedulingInstance-n25-k5-a5-WithInitialStates.dzn;1;0.996601905;5493768;1;1;1176.0;462.0;25.0;22.0;2.4318;4.67762;5512500.0;singleobj-mzn-gurobiWS-LB-noUB;37;tardiness
563;~/opl-executable/opl.sh ~/oven-scheduling-problem/solution-methods/cp-optimizer-models/withLB/interval-repr-jobs-noUB-tardiness.mod $file;../../instancesUC1withLB/opl/37_oven_scheduling.cpoptimizer_instance_1212-10.33.47.dat;1;4.54e-06;25;1;1;1167.0;483.0;25.0;23.0;0.02;0.2;5512500.0;singleobj-opl-reprjob-LB-noUB;37;tardiness
564;~/opl-executable/opl.sh ~/oven-scheduling-problem/solution-methods/cp-optimizer-models/withLB/interval-repr-jobs-warmstart-noUB-tardiness.mod $file;../../instancesUC1withLB/opl/warmstartDataOplDec24/37_warm_start_37RandomOvenSchedulingInstance-n25-k5-a5-WithInitialStates.dat;1;4.54e-06;25;1;1;1143.0;462.0;25.0;22.0;0.01;0.18;5512500.0;singleobj-opl-reprjob-LB-WS-noUB;37;tardiness
565;~/minizinc-executables/mzn-gurobi.sh ~/oven-scheduling-problem/solution-methods/minizinc-models/withLowerBounds/direct-batch-pos-batchcount-objective.mzn $file --time-limit 3600000 -v;../../instancesUC1withLB/mzn/38_oven_scheduling.minizinc_instance_1212-10.33.49.dzn;1;0.869592381;2967484;-1;1;936.0;267.0;22.0;15.0;3610.5691;3612.81294;3412500.0;singleobj-mzn-gurobi-LB-noUB;38;batchcount
566;~/minizinc-executables/mzn-gurobi.sh $file ~/oven-scheduling-problem/solution-methods/minizinc-models/withLowerBounds/direct-batch-pos-warmstart-noUB-batchcount-objective.mzn $1 -d $2 --time-limit 3600000 -v;../../instancesUC1withLB/mzn/38_oven_scheduling.minizinc_instance_1212-10.33.49.dzn ../../instancesUC1withLB/mzn/warmstart/38_warm_start_38RandomOvenSchedulingInstance-n25-k5-a5-WithInitialStates.dzn;1;0.945628132;3226956;-1;1;977.0;178.0;24.0;15.0;3609.6034;3611.83423;3412500.0;singleobj-mzn-gurobiWS-LB-noUB;38;batchcount
567;~/opl-executable/opl.sh ~/oven-scheduling-problem/solution-methods/cp-optimizer-models/withLB/interval-repr-jobs-noUB-batchcount.mod $file;../../instancesUC1withLB/opl/38_oven_scheduling.cpoptimizer_instance_1212-10.33.49.dat;1;4.4e-06;15;1;1;929.0;140.0;24.0;15.0;3.08;3.25;3412500.0;singleobj-opl-reprjob-LB-noUB;38;batchcount
568;~/opl-executable/opl.sh ~/oven-scheduling-problem/solution-methods/cp-optimizer-models/withLB/interval-repr-jobs-warmstart-noUB-batchcount.mod $file;../../instancesUC1withLB/opl/warmstartDataOplDec24/38_warm_start_38RandomOvenSchedulingInstance-n25-k5-a5-WithInitialStates.dat;1;4.4e-06;15;1;1;927.0;153.0;24.0;15.0;1.22;1.39;3412500.0;singleobj-opl-reprjob-LB-WS-noUB;38;batchcount
569;~/minizinc-executables/mzn-gurobi.sh ~/oven-scheduling-problem/solution-methods/minizinc-models/withLowerBounds/direct-batch-pos-ovenruntime-objective.mzn $file --time-limit 3600000 -v;../../instancesUC1withLB/mzn/38_oven_scheduling.minizinc_instance_1212-10.33.49.dzn;1;0.867469597;2960240;-1;1;888.0;220.0;22.0;15.0;3609.3192;3611.58559;3412500.0;singleobj-mzn-gurobi-LB-noUB;38;ovenruntime
570;~/minizinc-executables/mzn-gurobi.sh $file ~/oven-scheduling-problem/solution-methods/minizinc-models/withLowerBounds/direct-batch-pos-warmstart-noUB-ovenruntime-objective.mzn $1 -d $2 --time-limit 3600000 -v;../../instancesUC1withLB/mzn/38_oven_scheduling.minizinc_instance_1212-10.33.49.dzn ../../instancesUC1withLB/mzn/warmstart/38_warm_start_38RandomOvenSchedulingInstance-n25-k5-a5-WithInitialStates.dzn;1;0.905549597;3090188;-1;1;888.0;219.0;23.0;15.0;3609.1241;3611.55045;3412500.0;singleobj-mzn-gurobiWS-LB-noUB;38;ovenruntime
571;~/opl-executable/opl.sh ~/oven-scheduling-problem/solution-methods/cp-optimizer-models/withLB/interval-repr-jobs-noUB-ovenruntime.mod $file;../../instancesUC1withLB/opl/38_oven_scheduling.cpoptimizer_instance_1212-10.33.49.dat;1;0.00026022;888;-1;1;888.0;194.0;24.0;15.0;3600.09;3600.27;3412500.0;singleobj-opl-reprjob-LB-noUB;38;ovenruntime
572;~/opl-executable/opl.sh ~/oven-scheduling-problem/solution-methods/cp-optimizer-models/withLB/interval-repr-jobs-warmstart-noUB-ovenruntime.mod $file;../../instancesUC1withLB/opl/warmstartDataOplDec24/38_warm_start_38RandomOvenSchedulingInstance-n25-k5-a5-WithInitialStates.dat;1;0.00026022;888;-1;1;888.0;209.0;23.0;15.0;3600.11;3600.27;3412500.0;singleobj-opl-reprjob-LB-WS-noUB;38;ovenruntime
573;~/minizinc-executables/mzn-gurobi.sh ~/oven-scheduling-problem/solution-methods/minizinc-models/withLowerBounds/direct-batch-pos-setupcosts-objective.mzn $file --time-limit 3600000 -v;../../instancesUC1withLB/mzn/38_oven_scheduling.minizinc_instance_1212-10.33.49.dzn;1;0.906857729;3094652;-1;1;1020.0;51.0;23.0;16.0;3609.4428;3611.93531;3412500.0;singleobj-mzn-gurobi-LB-noUB;38;setupcosts
574;~/minizinc-executables/mzn-gurobi.sh $file ~/oven-scheduling-problem/solution-methods/minizinc-models/withLowerBounds/direct-batch-pos-warmstart-noUB-setupcosts-objective.mzn $1 -d $2 --time-limit 3600000 -v;../../instancesUC1withLB/mzn/38_oven_scheduling.minizinc_instance_1212-10.33.49.dzn ../../instancesUC1withLB/mzn/warmstart/38_warm_start_38RandomOvenSchedulingInstance-n25-k5-a5-WithInitialStates.dzn;1;0.905890696;3091352;-1;1;987.0;51.0;23.0;16.0;3610.7201;3613.13011;3412500.0;singleobj-mzn-gurobiWS-LB-noUB;38;setupcosts
575;~/opl-executable/opl.sh ~/oven-scheduling-problem/solution-methods/cp-optimizer-models/withLB/interval-repr-jobs-noUB-setupcosts.mod $file;../../instancesUC1withLB/opl/38_oven_scheduling.cpoptimizer_instance_1212-10.33.49.dat;1;1.55e-05;53;-1;1;950.0;53.0;23.0;16.0;3600.09;3600.26;3412500.0;singleobj-opl-reprjob-LB-noUB;38;setupcosts
576;~/opl-executable/opl.sh ~/oven-scheduling-problem/solution-methods/cp-optimizer-models/withLB/interval-repr-jobs-warmstart-noUB-setupcosts.mod $file;../../instancesUC1withLB/opl/warmstartDataOplDec24/38_warm_start_38RandomOvenSchedulingInstance-n25-k5-a5-WithInitialStates.dat;1;1.55e-05;53;-1;1;919.0;53.0;25.0;15.0;3600.07;3600.27;3412500.0;singleobj-opl-reprjob-LB-WS-noUB;38;setupcosts
577;~/minizinc-executables/mzn-gurobi.sh ~/oven-scheduling-problem/solution-methods/minizinc-models/withLowerBounds/direct-batch-pos-tardiness-objective.mzn $file --time-limit 3600000 -v;../../instancesUC1withLB/mzn/38_oven_scheduling.minizinc_instance_1212-10.33.49.dzn;1;0.575127912;1962624;-1;1;1251.0;337.0;14.0;23.0;3609.4759;3611.71492;3412500.0;singleobj-mzn-gurobi-LB-noUB;38;tardiness
578;~/minizinc-executables/mzn-gurobi.sh $file ~/oven-scheduling-problem/solution-methods/minizinc-models/withLowerBounds/direct-batch-pos-warmstart-noUB-tardiness-objective.mzn $1 -d $2 --time-limit 3600000 -v;../../instancesUC1withLB/mzn/38_oven_scheduling.minizinc_instance_1212-10.33.49.dzn ../../instancesUC1withLB/mzn/warmstart/38_warm_start_38RandomOvenSchedulingInstance-n25-k5-a5-WithInitialStates.dzn;1;0.576118388;1966004;-1;1;1277.0;352.0;14.0;24.0;3609.849;3612.06965;3412500.0;singleobj-mzn-gurobiWS-LB-noUB;38;tardiness
579;~/opl-executable/opl.sh ~/oven-scheduling-problem/solution-methods/cp-optimizer-models/withLB/interval-repr-jobs-noUB-tardiness.mod $file;../../instancesUC1withLB/opl/38_oven_scheduling.cpoptimizer_instance_1212-10.33.49.dat;1;4.1e-06;14;1;1;1182.0;270.0;14.0;22.0;6.88;7.08;3412500.0;singleobj-opl-reprjob-LB-noUB;38;tardiness
580;~/opl-executable/opl.sh ~/oven-scheduling-problem/solution-methods/cp-optimizer-models/withLB/interval-repr-jobs-warmstart-noUB-tardiness.mod $file;../../instancesUC1withLB/opl/warmstartDataOplDec24/38_warm_start_38RandomOvenSchedulingInstance-n25-k5-a5-WithInitialStates.dat;1;4.1e-06;14;1;1;1134.0;287.0;14.0;21.0;6.72;6.91;3412500.0;singleobj-opl-reprjob-LB-WS-noUB;38;tardiness
581;~/minizinc-executables/mzn-gurobi.sh $file ~/oven-scheduling-problem/solution-methods/minizinc-models/withLowerBounds/direct-batch-pos-warmstart-noUB-batchcount-objective.mzn $1 -d $2 --time-limit 3600000 -v;../../instancesUC1withLB/mzn/39_oven_scheduling.minizinc_instance_1212-10.33.51.dzn ../../instancesUC1withLB/mzn/warmstart/39_warm_start_39RandomOvenSchedulingInstance-n25-k5-a5-WithInitialStates.dzn;1;0.911011833;15783280;1;1;1101.0;272.0;23.0;18.0;198.3339;200.67268;17325000.0;singleobj-mzn-gurobiWS-LB-noUB;39;batchcount
582;~/opl-executable/opl.sh ~/oven-scheduling-problem/solution-methods/cp-optimizer-models/withLB/interval-repr-jobs-noUB-batchcount.mod $file;../../instancesUC1withLB/opl/39_oven_scheduling.cpoptimizer_instance_1212-10.33.51.dat;1;1.04e-06;18;-1;1;1079.0;257.0;24.0;18.0;3599.84;3600.0;17325000.0;singleobj-opl-reprjob-LB-noUB;39;batchcount
583;~/opl-executable/opl.sh ~/oven-scheduling-problem/solution-methods/cp-optimizer-models/withLB/interval-repr-jobs-warmstart-noUB-batchcount.mod $file;../../instancesUC1withLB/opl/warmstartDataOplDec24/39_warm_start_39RandomOvenSchedulingInstance-n25-k5-a5-WithInitialStates.dat;1;1.04e-06;18;-1;1;1087.0;288.0;22.0;18.0;3599.84;3600.0;17325000.0;singleobj-opl-reprjob-LB-WS-noUB;39;batchcount
584;~/minizinc-executables/mzn-gurobi.sh $file ~/oven-scheduling-problem/solution-methods/minizinc-models/withLowerBounds/direct-batch-pos-warmstart-noUB-ovenruntime-objective.mzn $1 -d $2 --time-limit 3600000 -v;../../instancesUC1withLB/mzn/39_oven_scheduling.minizinc_instance_1212-10.33.51.dzn ../../instancesUC1withLB/mzn/warmstart/39_warm_start_39RandomOvenSchedulingInstance-n25-k5-a5-WithInitialStates.dzn;1;0.910291198;15770795;1;1;1079.0;265.0;23.0;18.0;463.1299;465.56184;17325000.0;singleobj-mzn-gurobiWS-LB-noUB;39;ovenruntime
585;~/opl-executable/opl.sh ~/oven-scheduling-problem/solution-methods/cp-optimizer-models/withLB/interval-repr-jobs-noUB-ovenruntime.mod $file;../../instancesUC1withLB/opl/39_oven_scheduling.cpoptimizer_instance_1212-10.33.51.dat;1;6.23e-05;1079;-1;1;1079.0;267.0;24.0;18.0;3599.83;3600.0;17325000.0;singleobj-opl-reprjob-LB-noUB;39;ovenruntime
586;~/opl-executable/opl.sh ~/oven-scheduling-problem/solution-methods/cp-optimizer-models/withLB/interval-repr-jobs-warmstart-noUB-ovenruntime.mod $file;../../instancesUC1withLB/opl/warmstartDataOplDec24/39_warm_start_39RandomOvenSchedulingInstance-n25-k5-a5-WithInitialStates.dat;1;6.23e-05;1079;-1;1;1079.0;238.0;24.0;18.0;3599.82;3600.0;17325000.0;singleobj-opl-reprjob-LB-WS-noUB;39;ovenruntime
587;~/minizinc-executables/mzn-gurobi.sh $file ~/oven-scheduling-problem/solution-methods/minizinc-models/withLowerBounds/direct-batch-pos-warmstart-noUB-setupcosts-objective.mzn $1 -d $2 --time-limit 3600000 -v;../../instancesUC1withLB/mzn/39_oven_scheduling.minizinc_instance_1212-10.33.51.dzn ../../instancesUC1withLB/mzn/warmstart/39_warm_start_39RandomOvenSchedulingInstance-n25-k5-a5-WithInitialStates.dzn;1;0.950866378;16473760;1;1;1192.0;224.0;24.0;18.0;412.2448;414.47454;17325000.0;singleobj-mzn-gurobiWS-LB-noUB;39;setupcosts
588;~/opl-executable/opl.sh ~/oven-scheduling-problem/solution-methods/cp-optimizer-models/withLB/interval-repr-jobs-noUB-setupcosts.mod $file;../../instancesUC1withLB/opl/39_oven_scheduling.cpoptimizer_instance_1212-10.33.51.dat;1;1.31e-05;227;-1;1;1080.0;227.0;22.0;18.0;3599.85;3600.0;17325000.0;singleobj-opl-reprjob-LB-noUB;39;setupcosts
589;~/opl-executable/opl.sh ~/oven-scheduling-problem/solution-methods/cp-optimizer-models/withLB/interval-repr-jobs-warmstart-noUB-setupcosts.mod $file;../../instancesUC1withLB/opl/warmstartDataOplDec24/39_warm_start_39RandomOvenSchedulingInstance-n25-k5-a5-WithInitialStates.dat;1;1.31e-05;227;-1;1;1080.0;227.0;24.0;18.0;3599.86;3600.0;17325000.0;singleobj-opl-reprjob-LB-WS-noUB;39;setupcosts
590;~/minizinc-executables/mzn-gurobi.sh ~/oven-scheduling-problem/solution-methods/minizinc-models/withLowerBounds/direct-batch-pos-tardiness-objective.mzn $file --time-limit 3600000 -v;../../instancesUC1withLB/mzn/39_oven_scheduling.minizinc_instance_1212-10.33.51.dzn;1;0.838837518;14532860;1;1;1207.0;340.0;21.0;22.0;3.0659;5.28276;17325000.0;singleobj-mzn-gurobi-LB-noUB;39;tardiness
591;~/minizinc-executables/mzn-gurobi.sh $file ~/oven-scheduling-problem/solution-methods/minizinc-models/withLowerBounds/direct-batch-pos-warmstart-noUB-tardiness-objective.mzn $1 -d $2 --time-limit 3600000 -v;../../instancesUC1withLB/mzn/39_oven_scheduling.minizinc_instance_1212-10.33.51.dzn ../../instancesUC1withLB/mzn/warmstart/39_warm_start_39RandomOvenSchedulingInstance-n25-k5-a5-WithInitialStates.dzn;1;0.840978644;14569955;1;1;1286.0;337.0;21.0;22.0;2.4679;4.71592;17325000.0;singleobj-mzn-gurobiWS-LB-noUB;39;tardiness
592;~/opl-executable/opl.sh ~/oven-scheduling-problem/solution-methods/cp-optimizer-models/withLB/interval-repr-jobs-noUB-tardiness.mod $file;../../instancesUC1withLB/opl/39_oven_scheduling.cpoptimizer_instance_1212-10.33.51.dat;1;1.21e-06;21;-1;1;1357.0;398.0;21.0;25.0;3599.84;3600.0;17325000.0;singleobj-opl-reprjob-LB-noUB;39;tardiness
593;~/opl-executable/opl.sh ~/oven-scheduling-problem/solution-methods/cp-optimizer-models/withLB/interval-repr-jobs-warmstart-noUB-tardiness.mod $file;../../instancesUC1withLB/opl/warmstartDataOplDec24/39_warm_start_39RandomOvenSchedulingInstance-n25-k5-a5-WithInitialStates.dat;1;1.21e-06;21;-1;1;1235.0;343.0;21.0;22.0;3599.84;3600.0;17325000.0;singleobj-opl-reprjob-LB-WS-noUB;39;tardiness
594;~/minizinc-executables/mzn-gurobi.sh ~/oven-scheduling-problem/solution-methods/minizinc-models/withLowerBounds/direct-batch-pos-batchcount-objective.mzn $file --time-limit 3600000 -v;../../instancesUC1withLB/mzn/40_oven_scheduling.minizinc_instance_1212-10.33.53.dzn;1;0.613141099;2092344;1;1;1282.0;272.0;15.0;16.0;9.4539;11.55878;3412500.0;singleobj-mzn-gurobi-LB-noUB;40;batchcount
595;~/minizinc-executables/mzn-gurobi.sh $file ~/oven-scheduling-problem/solution-methods/minizinc-models/withLowerBounds/direct-batch-pos-warmstart-noUB-batchcount-objective.mzn $1 -d $2 --time-limit 3600000 -v;../../instancesUC1withLB/mzn/40_oven_scheduling.minizinc_instance_1212-10.33.53.dzn ../../instancesUC1withLB/mzn/warmstart/40_warm_start_40RandomOvenSchedulingInstance-n25-k5-a5-WithInitialStates.dzn;1;0.717421245;2448200;1;1;939.0;275.0;18.0;16.0;4.8455;6.97465;3412500.0;singleobj-mzn-gurobiWS-LB-noUB;40;batchcount
596;~/opl-executable/opl.sh ~/oven-scheduling-problem/solution-methods/cp-optimizer-models/withLB/interval-repr-jobs-noUB-batchcount.mod $file;../../instancesUC1withLB/opl/40_oven_scheduling.cpoptimizer_instance_1212-10.33.53.dat;1;4.69e-06;16;1;1;933.0;301.0;23.0;16.0;3.95;4.11;3412500.0;singleobj-opl-reprjob-LB-noUB;40;batchcount
597;~/opl-executable/opl.sh ~/oven-scheduling-problem/solution-methods/cp-optimizer-models/withLB/interval-repr-jobs-warmstart-noUB-batchcount.mod $file;../../instancesUC1withLB/opl/warmstartDataOplDec24/40_warm_start_40RandomOvenSchedulingInstance-n25-k5-a5-WithInitialStates.dat;1;4.69e-06;16;1;1;939.0;283.0;18.0;16.0;4.13;4.3;3412500.0;singleobj-opl-reprjob-LB-WS-noUB;40;batchcount
598;~/minizinc-executables/mzn-gurobi.sh ~/oven-scheduling-problem/solution-methods/minizinc-models/withLowerBounds/direct-batch-pos-ovenruntime-objective.mzn $file --time-limit 3600000 -v;../../instancesUC1withLB/mzn/40_oven_scheduling.minizinc_instance_1212-10.33.53.dzn;1;0.602087619;2054624;1;1;884.0;312.0;15.0;16.0;1172.1634;1174.35284;3412500.0;singleobj-mzn-gurobi-LB-noUB;40;ovenruntime
599;~/minizinc-executables/mzn-gurobi.sh $file ~/oven-scheduling-problem/solution-methods/minizinc-models/withLowerBounds/direct-batch-pos-warmstart-noUB-ovenruntime-objective.mzn $1 -d $2 --time-limit 3600000 -v;../../instancesUC1withLB/mzn/40_oven_scheduling.minizinc_instance_1212-10.33.53.dzn ../../instancesUC1withLB/mzn/warmstart/40_warm_start_40RandomOvenSchedulingInstance-n25-k5-a5-WithInitialStates.dzn;1;0.753493333;2571296;1;1;884.0;248.0;19.0;16.0;395.6167;398.05884;3412500.0;singleobj-mzn-gurobiWS-LB-noUB;40;ovenruntime
600;~/opl-executable/opl.sh ~/oven-scheduling-problem/solution-methods/cp-optimizer-models/withLB/interval-repr-jobs-noUB-ovenruntime.mod $file;../../instancesUC1withLB/opl/40_oven_scheduling.cpoptimizer_instance_1212-10.33.53.dat;1;0.000259048;884;1;1;884.0;261.0;23.0;16.0;7.02;7.2;3412500.0;singleobj-opl-reprjob-LB-noUB;40;ovenruntime
601;~/opl-executable/opl.sh ~/oven-scheduling-problem/solution-methods/cp-optimizer-models/withLB/interval-repr-jobs-warmstart-noUB-ovenruntime.mod $file;../../instancesUC1withLB/opl/warmstartDataOplDec24/40_warm_start_40RandomOvenSchedulingInstance-n25-k5-a5-WithInitialStates.dat;1;0.000259048;884;1;1;884.0;314.0;20.0;16.0;5.16;5.33;3412500.0;singleobj-opl-reprjob-LB-WS-noUB;40;ovenruntime
602;~/minizinc-executables/mzn-gurobi.sh ~/oven-scheduling-problem/solution-methods/minizinc-models/withLowerBounds/direct-batch-pos-setupcosts-objective.mzn $file --time-limit 3600000 -v;../../instancesUC1withLB/mzn/40_oven_scheduling.minizinc_instance_1212-10.33.53.dzn;1;0.607449084;2072920;-1;1;1120.0;210.0;15.0;17.0;3609.3117;3611.46727;3412500.0;singleobj-mzn-gurobi-LB-noUB;40;setupcosts
603;~/minizinc-executables/mzn-gurobi.sh $file ~/oven-scheduling-problem/solution-methods/minizinc-models/withLowerBounds/direct-batch-pos-warmstart-noUB-setupcosts-objective.mzn $1 -d $2 --time-limit 3600000 -v;../../instancesUC1withLB/mzn/40_oven_scheduling.minizinc_instance_1212-10.33.53.dzn ../../instancesUC1withLB/mzn/warmstart/40_warm_start_40RandomOvenSchedulingInstance-n25-k5-a5-WithInitialStates.dzn;1;0.757479853;2584900;1;1;1045.0;200.0;19.0;16.0;1175.1567;1177.27504;3412500.0;singleobj-mzn-gurobiWS-LB-noUB;40;setupcosts
604;~/opl-executable/opl.sh ~/oven-scheduling-problem/solution-methods/cp-optimizer-models/withLB/interval-repr-jobs-noUB-setupcosts.mod $file;../../instancesUC1withLB/opl/40_oven_scheduling.cpoptimizer_instance_1212-10.33.53.dat;1;5.86e-05;200;-1;1;890.0;200.0;18.0;16.0;3600.04;3600.22;3412500.0;singleobj-opl-reprjob-LB-noUB;40;setupcosts
605;~/opl-executable/opl.sh ~/oven-scheduling-problem/solution-methods/cp-optimizer-models/withLB/interval-repr-jobs-warmstart-noUB-setupcosts.mod $file;../../instancesUC1withLB/opl/warmstartDataOplDec24/40_warm_start_40RandomOvenSchedulingInstance-n25-k5-a5-WithInitialStates.dat;1;6.01e-05;205;-1;1;961.0;205.0;21.0;16.0;3600.06;3600.22;3412500.0;singleobj-opl-reprjob-LB-WS-noUB;40;setupcosts
606;~/minizinc-executables/mzn-gurobi.sh ~/oven-scheduling-problem/solution-methods/minizinc-models/withLowerBounds/direct-batch-pos-tardiness-objective.mzn $file --time-limit 3600000 -v;../../instancesUC1withLB/mzn/40_oven_scheduling.minizinc_instance_1212-10.33.53.dzn;1;0.424706813;1449312;1;1;1282.0;406.0;10.0;24.0;59.7248;61.82246;3412500.0;singleobj-mzn-gurobi-LB-noUB;40;tardiness
607;~/minizinc-executables/mzn-gurobi.sh $file ~/oven-scheduling-problem/solution-methods/minizinc-models/withLowerBounds/direct-batch-pos-warmstart-noUB-tardiness-objective.mzn $1 -d $2 --time-limit 3600000 -v;../../instancesUC1withLB/mzn/40_oven_scheduling.minizinc_instance_1212-10.33.53.dzn ../../instancesUC1withLB/mzn/warmstart/40_warm_start_40RandomOvenSchedulingInstance-n25-k5-a5-WithInitialStates.dzn;1;0.424904908;1449988;1;1;1282.0;419.0;10.0;24.0;16.4617;18.59145;3412500.0;singleobj-mzn-gurobiWS-LB-noUB;40;tardiness
608;~/opl-executable/opl.sh ~/oven-scheduling-problem/solution-methods/cp-optimizer-models/withLB/interval-repr-jobs-noUB-tardiness.mod $file;../../instancesUC1withLB/opl/40_oven_scheduling.cpoptimizer_instance_1212-10.33.53.dat;1;2.93e-06;10;1;1;1282.0;433.0;10.0;25.0;3.8;3.99;3412500.0;singleobj-opl-reprjob-LB-noUB;40;tardiness
609;~/opl-executable/opl.sh ~/oven-scheduling-problem/solution-methods/cp-optimizer-models/withLB/interval-repr-jobs-warmstart-noUB-tardiness.mod $file;../../instancesUC1withLB/opl/warmstartDataOplDec24/40_warm_start_40RandomOvenSchedulingInstance-n25-k5-a5-WithInitialStates.dat;1;2.93e-06;10;1;1;1198.0;410.0;10.0;23.0;4.45;4.64;3412500.0;singleobj-opl-reprjob-LB-WS-noUB;40;tardiness
610;~/minizinc-executables/mzn-gurobi.sh ~/oven-scheduling-problem/solution-methods/minizinc-models/withLowerBounds/direct-batch-pos-batchcount-objective.mzn $file --time-limit 3600000 -v;../../instancesUC1withLB/mzn/41_oven_scheduling.minizinc_instance_1212-10.33.55.dzn;1;0.963945578;35425;1;1;87.0;11.0;50.0;12.0;322.1613;324.72594;36750.0;singleobj-mzn-gurobi-LB-noUB;41;batchcount
611;~/minizinc-executables/mzn-gurobi.sh $file ~/oven-scheduling-problem/solution-methods/minizinc-models/withLowerBounds/direct-batch-pos-warmstart-noUB-batchcount-objective.mzn $1 -d $2 --time-limit 3600000 -v;../../instancesUC1withLB/mzn/41_oven_scheduling.minizinc_instance_1212-10.33.55.dzn ../../instancesUC1withLB/mzn/warmstart/41_warm_start_41RandomOvenSchedulingInstance-n50-k2-a2-WithInitialStates.dzn;1;0.963102041;35394;1;1;81.0;10.0;50.0;12.0;958.4203;960.99054;36750.0;singleobj-mzn-gurobiWS-LB-noUB;41;batchcount
612;~/opl-executable/opl.sh ~/oven-scheduling-problem/solution-methods/cp-optimizer-models/withLB/interval-repr-jobs-noUB-batchcount.mod $file;../../instancesUC1withLB/opl/41_oven_scheduling.cpoptimizer_instance_1212-10.33.55.dat;1;0.000326531;12;1;1;81.0;11.0;50.0;12.0;7.77;8.31;36750.0;singleobj-opl-reprjob-LB-noUB;41;batchcount
613;~/opl-executable/opl.sh ~/oven-scheduling-problem/solution-methods/cp-optimizer-models/withLB/interval-repr-jobs-warmstart-noUB-batchcount.mod $file;../../instancesUC1withLB/opl/warmstartDataOplDec24/41_warm_start_41RandomOvenSchedulingInstance-n50-k2-a2-WithInitialStates.dat;1;0.000326531;12;1;1;80.0;9.0;50.0;12.0;8.88;9.42;36750.0;singleobj-opl-reprjob-LB-WS-noUB;41;batchcount
614;~/minizinc-executables/mzn-gurobi.sh ~/oven-scheduling-problem/solution-methods/minizinc-models/withLowerBounds/direct-batch-pos-ovenruntime-objective.mzn $file --time-limit 3600000 -v;../../instancesUC1withLB/mzn/41_oven_scheduling.minizinc_instance_1212-10.33.55.dzn;1;0.962176871;35360;-1;1;76.0;8.0;50.0;12.0;3609.6342;3612.17699;36750.0;singleobj-mzn-gurobi-LB-noUB;41;ovenruntime
615;~/minizinc-executables/mzn-gurobi.sh $file ~/oven-scheduling-problem/solution-methods/minizinc-models/withLowerBounds/direct-batch-pos-warmstart-noUB-ovenruntime-objective.mzn $1 -d $2 --time-limit 3600000 -v;../../instancesUC1withLB/mzn/41_oven_scheduling.minizinc_instance_1212-10.33.55.dzn ../../instancesUC1withLB/mzn/warmstart/41_warm_start_41RandomOvenSchedulingInstance-n50-k2-a2-WithInitialStates.dzn;1;0.962367347;35367;-1;1;76.0;9.0;50.0;12.0;3609.3289;3612.08358;36750.0;singleobj-mzn-gurobiWS-LB-noUB;41;ovenruntime
616;~/opl-executable/opl.sh ~/oven-scheduling-problem/solution-methods/cp-optimizer-models/withLB/interval-repr-jobs-noUB-ovenruntime.mod $file;../../instancesUC1withLB/opl/41_oven_scheduling.cpoptimizer_instance_1212-10.33.55.dat;1;0.002068027;76;1;1;76.0;10.0;50.0;12.0;51.02;51.56;36750.0;singleobj-opl-reprjob-LB-noUB;41;ovenruntime
617;~/opl-executable/opl.sh ~/oven-scheduling-problem/solution-methods/cp-optimizer-models/withLB/interval-repr-jobs-warmstart-noUB-ovenruntime.mod $file;../../instancesUC1withLB/opl/warmstartDataOplDec24/41_warm_start_41RandomOvenSchedulingInstance-n50-k2-a2-WithInitialStates.dat;1;0.002068027;76;1;1;76.0;9.0;50.0;12.0;53.58;54.15;36750.0;singleobj-opl-reprjob-LB-WS-noUB;41;ovenruntime
618;~/minizinc-executables/mzn-gurobi.sh ~/oven-scheduling-problem/solution-methods/minizinc-models/withLowerBounds/direct-batch-pos-setupcosts-objective.mzn $file --time-limit 3600000 -v;../../instancesUC1withLB/mzn/41_oven_scheduling.minizinc_instance_1212-10.33.55.dzn;1;0.964707483;35453;-1;1;101.0;7.0;50.0;17.0;3609.646;3612.48831;36750.0;singleobj-mzn-gurobi-LB-noUB;41;setupcosts
619;~/minizinc-executables/mzn-gurobi.sh $file ~/oven-scheduling-problem/solution-methods/minizinc-models/withLowerBounds/direct-batch-pos-warmstart-noUB-setupcosts-objective.mzn $1 -d $2 --time-limit 3600000 -v;../../instancesUC1withLB/mzn/41_oven_scheduling.minizinc_instance_1212-10.33.55.dzn ../../instancesUC1withLB/mzn/warmstart/41_warm_start_41RandomOvenSchedulingInstance-n50-k2-a2-WithInitialStates.dzn;1;0.965251701;35473;-1;1;106.0;7.0;50.0;18.0;3609.936;3612.4869;36750.0;singleobj-mzn-gurobiWS-LB-noUB;41;setupcosts
620;~/opl-executable/opl.sh ~/oven-scheduling-problem/solution-methods/cp-optimizer-models/withLB/interval-repr-jobs-noUB-setupcosts.mod $file;../../instancesUC1withLB/opl/41_oven_scheduling.cpoptimizer_instance_1212-10.33.55.dat;1;0.000190476;7;-1;1;116.0;7.0;50.0;17.0;3599.54;3600.06;36750.0;singleobj-opl-reprjob-LB-noUB;41;setupcosts
621;~/opl-executable/opl.sh ~/oven-scheduling-problem/solution-methods/cp-optimizer-models/withLB/interval-repr-jobs-warmstart-noUB-setupcosts.mod $file;../../instancesUC1withLB/opl/warmstartDataOplDec24/41_warm_start_41RandomOvenSchedulingInstance-n50-k2-a2-WithInitialStates.dat;1;0.000190476;7;-1;1;86.0;7.0;50.0;13.0;3599.54;3600.06;36750.0;singleobj-opl-reprjob-LB-WS-noUB;41;setupcosts
622;~/minizinc-executables/mzn-gurobi.sh ~/oven-scheduling-problem/solution-methods/minizinc-models/withLowerBounds/direct-batch-pos-tardiness-objective.mzn $file --time-limit 3600000 -v;../../instancesUC1withLB/mzn/41_oven_scheduling.minizinc_instance_1212-10.33.55.dzn;1;-1.0;-1;-1;-1;;;;;3606.586;;;singleobj-mzn-gurobi-LB-noUB;41;tardiness
623;~/minizinc-executables/mzn-gurobi.sh $file ~/oven-scheduling-problem/solution-methods/minizinc-models/withLowerBounds/direct-batch-pos-warmstart-noUB-tardiness-objective.mzn $1 -d $2 --time-limit 3600000 -v;../../instancesUC1withLB/mzn/41_oven_scheduling.minizinc_instance_1212-10.33.55.dzn ../../instancesUC1withLB/mzn/warmstart/41_warm_start_41RandomOvenSchedulingInstance-n50-k2-a2-WithInitialStates.dzn;1;0.965823129;35494;1;1;106.0;10.0;50.0;18.0;2.9278;5.4877;36750.0;singleobj-mzn-gurobiWS-LB-noUB;41;tardiness
624;~/opl-executable/opl.sh ~/oven-scheduling-problem/solution-methods/cp-optimizer-models/withLB/interval-repr-jobs-noUB-tardiness.mod $file;../../instancesUC1withLB/opl/41_oven_scheduling.cpoptimizer_instance_1212-10.33.55.dat;1;0.001360544;50;1;1;108.0;14.0;50.0;17.0;0.02;0.58;36750.0;singleobj-opl-reprjob-LB-noUB;41;tardiness
625;~/opl-executable/opl.sh ~/oven-scheduling-problem/solution-methods/cp-optimizer-models/withLB/interval-repr-jobs-warmstart-noUB-tardiness.mod $file;../../instancesUC1withLB/opl/warmstartDataOplDec24/41_warm_start_41RandomOvenSchedulingInstance-n50-k2-a2-WithInitialStates.dat;1;0.001360544;50;1;1;123.0;15.0;50.0;18.0;0.02;0.52;36750.0;singleobj-opl-reprjob-LB-WS-noUB;41;tardiness
626;~/minizinc-executables/mzn-gurobi.sh ~/oven-scheduling-problem/solution-methods/minizinc-models/withLowerBounds/direct-batch-pos-batchcount-objective.mzn $file --time-limit 3600000 -v;../../instancesUC1withLB/mzn/42_oven_scheduling.minizinc_instance_3012-13.22.43.dzn;1;0.977587302;30794;1;1;183.0;31.0;50.0;28.0;53.1096;55.75908;31500.0;singleobj-mzn-gurobi-LB-noUB;42;batchcount
627;~/minizinc-executables/mzn-gurobi.sh $file ~/oven-scheduling-problem/solution-methods/minizinc-models/withLowerBounds/direct-batch-pos-warmstart-noUB-batchcount-objective.mzn $1 -d $2 --time-limit 3600000 -v;../../instancesUC1withLB/mzn/42_oven_scheduling.minizinc_instance_3012-13.22.43.dzn ../../instancesUC1withLB/mzn/warmstart/42_warm_start_42RandomOvenSchedulingInstance-n50-k2-a2-WithInitialStates.dzn;1;0.977396825;30788;1;1;181.0;32.0;50.0;28.0;19.0222;21.65935;31500.0;singleobj-mzn-gurobiWS-LB-noUB;42;batchcount
628;~/opl-executable/opl.sh ~/oven-scheduling-problem/solution-methods/cp-optimizer-models/withLB/interval-repr-jobs-noUB-batchcount.mod $file;../../instancesUC1withLB/opl/42_oven_scheduling.cpoptimizer_instance_3012-13.22.42.dat;1;0.000888889;28;-1;1;182.0;54.0;50.0;28.0;3599.57;3600.09;31500.0;singleobj-opl-reprjob-LB-noUB;42;batchcount
629;~/opl-executable/opl.sh ~/oven-scheduling-problem/solution-methods/cp-optimizer-models/withLB/interval-repr-jobs-warmstart-noUB-batchcount.mod $file;../../instancesUC1withLB/opl/warmstartDataOplDec24/42_warm_start_42RandomOvenSchedulingInstance-n50-k2-a2-WithInitialStates.dat;1;0.000888889;28;-1;1;187.0;29.0;50.0;28.0;3599.48;3600.09;31500.0;singleobj-opl-reprjob-LB-WS-noUB;42;batchcount
630;~/minizinc-executables/mzn-gurobi.sh ~/oven-scheduling-problem/solution-methods/minizinc-models/withLowerBounds/direct-batch-pos-ovenruntime-objective.mzn $file --time-limit 3600000 -v;../../instancesUC1withLB/mzn/42_oven_scheduling.minizinc_instance_3012-13.22.43.dzn;1;0.978920635;30836;-1;1;176.0;66.0;50.0;28.0;3613.2675;3616.29276;31500.0;singleobj-mzn-gurobi-LB-noUB;42;ovenruntime
631;~/minizinc-executables/mzn-gurobi.sh $file ~/oven-scheduling-problem/solution-methods/minizinc-models/withLowerBounds/direct-batch-pos-warmstart-noUB-ovenruntime-objective.mzn $1 -d $2 --time-limit 3600000 -v;../../instancesUC1withLB/mzn/42_oven_scheduling.minizinc_instance_3012-13.22.43.dzn ../../instancesUC1withLB/mzn/warmstart/42_warm_start_42RandomOvenSchedulingInstance-n50-k2-a2-WithInitialStates.dzn;1;0.976698413;30766;-1;1;176.0;31.0;50.0;28.0;3609.2792;3612.0362;31500.0;singleobj-mzn-gurobiWS-LB-noUB;42;ovenruntime
632;~/opl-executable/opl.sh ~/oven-scheduling-problem/solution-methods/cp-optimizer-models/withLB/interval-repr-jobs-noUB-ovenruntime.mod $file;../../instancesUC1withLB/opl/42_oven_scheduling.cpoptimizer_instance_3012-13.22.42.dat;1;0.005619048;177;-1;1;177.0;64.0;50.0;28.0;3599.53;3600.08;31500.0;singleobj-opl-reprjob-LB-noUB;42;ovenruntime
633;~/opl-executable/opl.sh ~/oven-scheduling-problem/solution-methods/cp-optimizer-models/withLB/interval-repr-jobs-warmstart-noUB-ovenruntime.mod $file;../../instancesUC1withLB/opl/warmstartDataOplDec24/42_warm_start_42RandomOvenSchedulingInstance-n50-k2-a2-WithInitialStates.dat;1;0.005619048;177;-1;1;177.0;51.0;50.0;28.0;3599.56;3600.09;31500.0;singleobj-opl-reprjob-LB-WS-noUB;42;ovenruntime
634;~/minizinc-executables/mzn-gurobi.sh ~/oven-scheduling-problem/solution-methods/minizinc-models/withLowerBounds/direct-batch-pos-setupcosts-objective.mzn $file --time-limit 3600000 -v;../../instancesUC1withLB/mzn/42_oven_scheduling.minizinc_instance_3012-13.22.43.dzn;1;0.978857143;30834;1;1;199.0;19.0;50.0;32.0;260.3409;263.2475;31500.0;singleobj-mzn-gurobi-LB-noUB;42;setupcosts
635;~/minizinc-executables/mzn-gurobi.sh $file ~/oven-scheduling-problem/solution-methods/minizinc-models/withLowerBounds/direct-batch-pos-warmstart-noUB-setupcosts-objective.mzn $1 -d $2 --time-limit 3600000 -v;../../instancesUC1withLB/mzn/42_oven_scheduling.minizinc_instance_3012-13.22.43.dzn ../../instancesUC1withLB/mzn/warmstart/42_warm_start_42RandomOvenSchedulingInstance-n50-k2-a2-WithInitialStates.dzn;1;0.979619048;30858;1;1;205.0;19.0;50.0;30.0;40.3451;42.9845;31500.0;singleobj-mzn-gurobiWS-LB-noUB;42;setupcosts
636;~/opl-executable/opl.sh ~/oven-scheduling-problem/solution-methods/cp-optimizer-models/withLB/interval-repr-jobs-noUB-setupcosts.mod $file;../../instancesUC1withLB/opl/42_oven_scheduling.cpoptimizer_instance_3012-13.22.42.dat;1;0.000603175;19;1;1;215.0;19.0;50.0;35.0;3104.88;3105.5;31500.0;singleobj-opl-reprjob-LB-noUB;42;setupcosts
637;~/opl-executable/opl.sh ~/oven-scheduling-problem/solution-methods/cp-optimizer-models/withLB/interval-repr-jobs-warmstart-noUB-setupcosts.mod $file;../../instancesUC1withLB/opl/warmstartDataOplDec24/42_warm_start_42RandomOvenSchedulingInstance-n50-k2-a2-WithInitialStates.dat;1;0.000634921;20;-1;1;189.0;20.0;50.0;30.0;3599.54;3600.09;31500.0;singleobj-opl-reprjob-LB-WS-noUB;42;setupcosts
638;~/minizinc-executables/mzn-gurobi.sh ~/oven-scheduling-problem/solution-methods/minizinc-models/withLowerBounds/direct-batch-pos-tardiness-objective.mzn $file --time-limit 3600000 -v;../../instancesUC1withLB/mzn/42_oven_scheduling.minizinc_instance_3012-13.22.43.dzn;1;0.979365079;30850;1;1;196.0;33.0;50.0;35.0;1620.0378;1622.95602;31500.0;singleobj-mzn-gurobi-LB-noUB;42;tardiness
639;~/minizinc-executables/mzn-gurobi.sh $file ~/oven-scheduling-problem/solution-methods/minizinc-models/withLowerBounds/direct-batch-pos-warmstart-noUB-tardiness-objective.mzn $1 -d $2 --time-limit 3600000 -v;../../instancesUC1withLB/mzn/42_oven_scheduling.minizinc_instance_3012-13.22.43.dzn ../../instancesUC1withLB/mzn/warmstart/42_warm_start_42RandomOvenSchedulingInstance-n50-k2-a2-WithInitialStates.dzn;1;0.978412698;30820;1;1;186.0;38.0;50.0;30.0;3.3402;6.0457;31500.0;singleobj-mzn-gurobiWS-LB-noUB;42;tardiness
640;~/opl-executable/opl.sh ~/oven-scheduling-problem/solution-methods/cp-optimizer-models/withLB/interval-repr-jobs-noUB-tardiness.mod $file;../../instancesUC1withLB/opl/42_oven_scheduling.cpoptimizer_instance_3012-13.22.42.dat;1;0.001587302;50;1;1;284.0;75.0;50.0;50.0;0.13;0.68;31500.0;singleobj-opl-reprjob-LB-noUB;42;tardiness
641;~/opl-executable/opl.sh ~/oven-scheduling-problem/solution-methods/cp-optimizer-models/withLB/interval-repr-jobs-warmstart-noUB-tardiness.mod $file;../../instancesUC1withLB/opl/warmstartDataOplDec24/42_warm_start_42RandomOvenSchedulingInstance-n50-k2-a2-WithInitialStates.dat;1;0.001587302;50;1;1;190.0;45.0;50.0;30.0;0.02;0.56;31500.0;singleobj-opl-reprjob-LB-WS-noUB;42;tardiness
642;~/minizinc-executables/mzn-gurobi.sh ~/oven-scheduling-problem/solution-methods/minizinc-models/withLowerBounds/direct-batch-pos-batchcount-objective.mzn $file --time-limit 3600000 -v;../../instancesUC1withLB/mzn/43_oven_scheduling.minizinc_instance_1212-10.33.59.dzn;1;0.965333333;30408;1;1;84.0;12.0;50.0;12.0;196.3255;198.87099;31500.0;singleobj-mzn-gurobi-LB-noUB;43;batchcount
643;~/minizinc-executables/mzn-gurobi.sh $file ~/oven-scheduling-problem/solution-methods/minizinc-models/withLowerBounds/direct-batch-pos-warmstart-noUB-batchcount-objective.mzn $1 -d $2 --time-limit 3600000 -v;../../instancesUC1withLB/mzn/43_oven_scheduling.minizinc_instance_1212-10.33.59.dzn ../../instancesUC1withLB/mzn/warmstart/43_warm_start_43RandomOvenSchedulingInstance-n50-k2-a2-WithInitialStates.dzn;1;0.965333333;30408;1;1;84.0;12.0;50.0;12.0;150.0092;152.57531;31500.0;singleobj-mzn-gurobiWS-LB-noUB;43;batchcount
644;~/opl-executable/opl.sh ~/oven-scheduling-problem/solution-methods/cp-optimizer-models/withLB/interval-repr-jobs-noUB-batchcount.mod $file;../../instancesUC1withLB/opl/43_oven_scheduling.cpoptimizer_instance_1212-10.33.59.dat;1;0.000380952;12;1;1;84.0;12.0;50.0;12.0;6.25;6.77;31500.0;singleobj-opl-reprjob-LB-noUB;43;batchcount
645;~/opl-executable/opl.sh ~/oven-scheduling-problem/solution-methods/cp-optimizer-models/withLB/interval-repr-jobs-warmstart-noUB-batchcount.mod $file;../../instancesUC1withLB/opl/warmstartDataOplDec24/43_warm_start_43RandomOvenSchedulingInstance-n50-k2-a2-WithInitialStates.dat;1;0.000380952;12;1;1;84.0;12.0;50.0;12.0;5.86;6.47;31500.0;singleobj-opl-reprjob-LB-WS-noUB;43;batchcount
646;~/minizinc-executables/mzn-gurobi.sh ~/oven-scheduling-problem/solution-methods/minizinc-models/withLowerBounds/direct-batch-pos-ovenruntime-objective.mzn $file --time-limit 3600000 -v;../../instancesUC1withLB/mzn/43_oven_scheduling.minizinc_instance_1212-10.33.59.dzn;1;0.965333333;30408;-1;1;84.0;12.0;50.0;12.0;3609.6049;3612.30036;31500.0;singleobj-mzn-gurobi-LB-noUB;43;ovenruntime
647;~/minizinc-executables/mzn-gurobi.sh $file ~/oven-scheduling-problem/solution-methods/minizinc-models/withLowerBounds/direct-batch-pos-warmstart-noUB-ovenruntime-objective.mzn $1 -d $2 --time-limit 3600000 -v;../../instancesUC1withLB/mzn/43_oven_scheduling.minizinc_instance_1212-10.33.59.dzn ../../instancesUC1withLB/mzn/warmstart/43_warm_start_43RandomOvenSchedulingInstance-n50-k2-a2-WithInitialStates.dzn;1;0.965333333;30408;-1;1;84.0;12.0;50.0;12.0;3610.053;3612.65164;31500.0;singleobj-mzn-gurobiWS-LB-noUB;43;ovenruntime
648;~/opl-executable/opl.sh ~/oven-scheduling-problem/solution-methods/cp-optimizer-models/withLB/interval-repr-jobs-noUB-ovenruntime.mod $file;../../instancesUC1withLB/opl/43_oven_scheduling.cpoptimizer_instance_1212-10.33.59.dat;1;0.002666667;84;1;1;84.0;12.0;50.0;12.0;68.65;69.2;31500.0;singleobj-opl-reprjob-LB-noUB;43;ovenruntime
649;~/opl-executable/opl.sh ~/oven-scheduling-problem/solution-methods/cp-optimizer-models/withLB/interval-repr-jobs-warmstart-noUB-ovenruntime.mod $file;../../instancesUC1withLB/opl/warmstartDataOplDec24/43_warm_start_43RandomOvenSchedulingInstance-n50-k2-a2-WithInitialStates.dat;1;0.002666667;84;1;1;84.0;12.0;50.0;12.0;71.81;72.31;31500.0;singleobj-opl-reprjob-LB-WS-noUB;43;ovenruntime
650;~/minizinc-executables/mzn-gurobi.sh ~/oven-scheduling-problem/solution-methods/minizinc-models/withLowerBounds/direct-batch-pos-setupcosts-objective.mzn $file --time-limit 3600000 -v;../../instancesUC1withLB/mzn/43_oven_scheduling.minizinc_instance_1212-10.33.59.dzn;1;0.965333333;30408;1;1;84.0;12.0;50.0;12.0;313.0412;315.75369;31500.0;singleobj-mzn-gurobi-LB-noUB;43;setupcosts
651;~/minizinc-executables/mzn-gurobi.sh $file ~/oven-scheduling-problem/solution-methods/minizinc-models/withLowerBounds/direct-batch-pos-warmstart-noUB-setupcosts-objective.mzn $1 -d $2 --time-limit 3600000 -v;../../instancesUC1withLB/mzn/43_oven_scheduling.minizinc_instance_1212-10.33.59.dzn ../../instancesUC1withLB/mzn/warmstart/43_warm_start_43RandomOvenSchedulingInstance-n50-k2-a2-WithInitialStates.dzn;1;0.965333333;30408;1;1;84.0;12.0;50.0;12.0;449.133;451.65891;31500.0;singleobj-mzn-gurobiWS-LB-noUB;43;setupcosts
652;~/opl-executable/opl.sh ~/oven-scheduling-problem/solution-methods/cp-optimizer-models/withLB/interval-repr-jobs-noUB-setupcosts.mod $file;../../instancesUC1withLB/opl/43_oven_scheduling.cpoptimizer_instance_1212-10.33.59.dat;1;0.000380952;12;1;1;84.0;12.0;50.0;12.0;39.7;40.27;31500.0;singleobj-opl-reprjob-LB-noUB;43;setupcosts
653;~/opl-executable/opl.sh ~/oven-scheduling-problem/solution-methods/cp-optimizer-models/withLB/interval-repr-jobs-warmstart-noUB-setupcosts.mod $file;../../instancesUC1withLB/opl/warmstartDataOplDec24/43_warm_start_43RandomOvenSchedulingInstance-n50-k2-a2-WithInitialStates.dat;1;0.000380952;12;1;1;84.0;12.0;50.0;12.0;52.14;52.74;31500.0;singleobj-opl-reprjob-LB-WS-noUB;43;setupcosts
654;~/minizinc-executables/mzn-gurobi.sh ~/oven-scheduling-problem/solution-methods/minizinc-models/withLowerBounds/direct-batch-pos-tardiness-objective.mzn $file --time-limit 3600000 -v;../../instancesUC1withLB/mzn/43_oven_scheduling.minizinc_instance_1212-10.33.59.dzn;1;0.994285714;31320;1;1;261.0;46.0;50.0;46.0;9.3061;11.83678;31500.0;singleobj-mzn-gurobi-LB-noUB;43;tardiness
655;~/minizinc-executables/mzn-gurobi.sh $file ~/oven-scheduling-problem/solution-methods/minizinc-models/withLowerBounds/direct-batch-pos-warmstart-noUB-tardiness-objective.mzn $1 -d $2 --time-limit 3600000 -v;../../instancesUC1withLB/mzn/43_oven_scheduling.minizinc_instance_1212-10.33.59.dzn ../../instancesUC1withLB/mzn/warmstart/43_warm_start_43RandomOvenSchedulingInstance-n50-k2-a2-WithInitialStates.dzn;1;0.966793651;30454;1;1;91.0;15.0;50.0;15.0;2.8915;5.46807;31500.0;singleobj-mzn-gurobiWS-LB-noUB;43;tardiness
656;~/opl-executable/opl.sh ~/oven-scheduling-problem/solution-methods/cp-optimizer-models/withLB/interval-repr-jobs-noUB-tardiness.mod $file;../../instancesUC1withLB/opl/43_oven_scheduling.cpoptimizer_instance_1212-10.33.59.dat;1;0.001587302;50;1;1;105.0;17.0;50.0;17.0;0.02;0.55;31500.0;singleobj-opl-reprjob-LB-noUB;43;tardiness
657;~/opl-executable/opl.sh ~/oven-scheduling-problem/solution-methods/cp-optimizer-models/withLB/interval-repr-jobs-warmstart-noUB-tardiness.mod $file;../../instancesUC1withLB/opl/warmstartDataOplDec24/43_warm_start_43RandomOvenSchedulingInstance-n50-k2-a2-WithInitialStates.dat;1;0.001587302;50;1;1;104.0;15.0;50.0;15.0;0.02;0.52;31500.0;singleobj-opl-reprjob-LB-WS-noUB;43;tardiness
658;~/minizinc-executables/mzn-gurobi.sh ~/oven-scheduling-problem/solution-methods/minizinc-models/withLowerBounds/direct-batch-pos-batchcount-objective.mzn $file --time-limit 3600000 -v;../../instancesUC1withLB/mzn/44_oven_scheduling.minizinc_instance_1212-10.34.01.dzn;1;0.965025397;139832180;1;1;703.0;195.0;50.0;11.0;26.5263;29.18926;144900000.0;singleobj-mzn-gurobi-LB-noUB;44;batchcount
659;~/minizinc-executables/mzn-gurobi.sh $file ~/oven-scheduling-problem/solution-methods/minizinc-models/withLowerBounds/direct-batch-pos-warmstart-noUB-batchcount-objective.mzn $1 -d $2 --time-limit 3600000 -v;../../instancesUC1withLB/mzn/44_oven_scheduling.minizinc_instance_1212-10.34.01.dzn ../../instancesUC1withLB/mzn/warmstart/44_warm_start_44RandomOvenSchedulingInstance-n50-k2-a2-WithInitialStates.dzn;1;0.965247619;139864380;1;1;717.0;195.0;50.0;11.0;7.9892;10.63143;144900000.0;singleobj-mzn-gurobiWS-LB-noUB;44;batchcount
660;~/opl-executable/opl.sh ~/oven-scheduling-problem/solution-methods/cp-optimizer-models/withLB/interval-repr-jobs-noUB-batchcount.mod $file;../../instancesUC1withLB/opl/44_oven_scheduling.cpoptimizer_instance_1212-10.34.01.dat;1;7.59e-08;11;-1;1;703.0;216.0;50.0;11.0;3599.48;3600.0;144900000.0;singleobj-opl-reprjob-LB-noUB;44;batchcount
661;~/opl-executable/opl.sh ~/oven-scheduling-problem/solution-methods/cp-optimizer-models/withLB/interval-repr-jobs-warmstart-noUB-batchcount.mod $file;../../instancesUC1withLB/opl/warmstartDataOplDec24/44_warm_start_44RandomOvenSchedulingInstance-n50-k2-a2-WithInitialStates.dat;1;7.59e-08;11;-1;1;703.0;195.0;50.0;11.0;3599.46;3600.0;144900000.0;singleobj-opl-reprjob-LB-WS-noUB;44;batchcount
662;~/minizinc-executables/mzn-gurobi.sh ~/oven-scheduling-problem/solution-methods/minizinc-models/withLowerBounds/direct-batch-pos-ovenruntime-objective.mzn $file --time-limit 3600000 -v;../../instancesUC1withLB/mzn/44_oven_scheduling.minizinc_instance_1212-10.34.01.dzn;1;0.965185397;139855364;-1;1;703.0;216.0;50.0;11.0;3609.6277;3612.3901;144900000.0;singleobj-mzn-gurobi-LB-noUB;44;ovenruntime
663;~/minizinc-executables/mzn-gurobi.sh $file ~/oven-scheduling-problem/solution-methods/minizinc-models/withLowerBounds/direct-batch-pos-warmstart-noUB-ovenruntime-objective.mzn $1 -d $2 --time-limit 3600000 -v;../../instancesUC1withLB/mzn/44_oven_scheduling.minizinc_instance_1212-10.34.01.dzn ../../instancesUC1withLB/mzn/warmstart/44_warm_start_44RandomOvenSchedulingInstance-n50-k2-a2-WithInitialStates.dzn;1;0.965177778;139854260;-1;1;703.0;215.0;50.0;11.0;3610.2888;3612.92753;144900000.0;singleobj-mzn-gurobiWS-LB-noUB;44;ovenruntime
664;~/opl-executable/opl.sh ~/oven-scheduling-problem/solution-methods/cp-optimizer-models/withLB/interval-repr-jobs-noUB-ovenruntime.mod $file;../../instancesUC1withLB/opl/44_oven_scheduling.cpoptimizer_instance_1212-10.34.01.dat;1;4.85e-06;703;-1;1;703.0;205.0;50.0;11.0;3599.42;3600.0;144900000.0;singleobj-opl-reprjob-LB-noUB;44;ovenruntime
665;~/opl-executable/opl.sh ~/oven-scheduling-problem/solution-methods/cp-optimizer-models/withLB/interval-repr-jobs-warmstart-noUB-ovenruntime.mod $file;../../instancesUC1withLB/opl/warmstartDataOplDec24/44_warm_start_44RandomOvenSchedulingInstance-n50-k2-a2-WithInitialStates.dat;1;4.85e-06;703;-1;1;703.0;205.0;50.0;11.0;3599.45;3600.0;144900000.0;singleobj-opl-reprjob-LB-WS-noUB;44;ovenruntime
666;~/minizinc-executables/mzn-gurobi.sh ~/oven-scheduling-problem/solution-methods/minizinc-models/withLowerBounds/direct-batch-pos-setupcosts-objective.mzn $file --time-limit 3600000 -v;../../instancesUC1withLB/mzn/44_oven_scheduling.minizinc_instance_1212-10.34.01.dzn;1;0.965166984;139852696;1;1;722.0;174.0;50.0;11.0;34.9346;37.60076;144900000.0;singleobj-mzn-gurobi-LB-noUB;44;setupcosts
667;~/minizinc-executables/mzn-gurobi.sh $file ~/oven-scheduling-problem/solution-methods/minizinc-models/withLowerBounds/direct-batch-pos-warmstart-noUB-setupcosts-objective.mzn $1 -d $2 --time-limit 3600000 -v;../../instancesUC1withLB/mzn/44_oven_scheduling.minizinc_instance_1212-10.34.01.dzn ../../instancesUC1withLB/mzn/warmstart/44_warm_start_44RandomOvenSchedulingInstance-n50-k2-a2-WithInitialStates.dzn;1;0.965087619;139841196;1;1;717.0;174.0;50.0;11.0;31.106;33.87584;144900000.0;singleobj-mzn-gurobiWS-LB-noUB;44;setupcosts
668;~/opl-executable/opl.sh ~/oven-scheduling-problem/solution-methods/cp-optimizer-models/withLB/interval-repr-jobs-noUB-setupcosts.mod $file;../../instancesUC1withLB/opl/44_oven_scheduling.cpoptimizer_instance_1212-10.34.01.dat;1;1.2e-06;174;1;1;703.0;174.0;50.0;11.0;17.68;18.31;144900000.0;singleobj-opl-reprjob-LB-noUB;44;setupcosts
669;~/opl-executable/opl.sh ~/oven-scheduling-problem/solution-methods/cp-optimizer-models/withLB/interval-repr-jobs-warmstart-noUB-setupcosts.mod $file;../../instancesUC1withLB/opl/warmstartDataOplDec24/44_warm_start_44RandomOvenSchedulingInstance-n50-k2-a2-WithInitialStates.dat;1;1.2e-06;174;1;1;703.0;174.0;50.0;11.0;7.9;8.42;144900000.0;singleobj-opl-reprjob-LB-WS-noUB;44;setupcosts
670;~/minizinc-executables/mzn-gurobi.sh ~/oven-scheduling-problem/solution-methods/minizinc-models/withLowerBounds/direct-batch-pos-tardiness-objective.mzn $file --time-limit 3600000 -v;../../instancesUC1withLB/mzn/44_oven_scheduling.minizinc_instance_1212-10.34.01.dzn;1;0.968276825;140303312;1;1;832.0;353.0;50.0;20.0;700.7743;703.35388;144900000.0;singleobj-mzn-gurobi-LB-noUB;44;tardiness
671;~/minizinc-executables/mzn-gurobi.sh $file ~/oven-scheduling-problem/solution-methods/minizinc-models/withLowerBounds/direct-batch-pos-warmstart-noUB-tardiness-objective.mzn $1 -d $2 --time-limit 3600000 -v;../../instancesUC1withLB/mzn/44_oven_scheduling.minizinc_instance_1212-10.34.01.dzn ../../instancesUC1withLB/mzn/warmstart/44_warm_start_44RandomOvenSchedulingInstance-n50-k2-a2-WithInitialStates.dzn;1;0.967005079;140119036;1;1;809.0;234.0;50.0;13.0;3.0357;5.68731;144900000.0;singleobj-mzn-gurobiWS-LB-noUB;44;tardiness
672;~/opl-executable/opl.sh ~/oven-scheduling-problem/solution-methods/cp-optimizer-models/withLB/interval-repr-jobs-noUB-tardiness.mod $file;../../instancesUC1withLB/opl/44_oven_scheduling.cpoptimizer_instance_1212-10.34.01.dat;1;3.45e-07;50;1;1;1740.0;620.0;50.0;36.0;0.24;0.75;144900000.0;singleobj-opl-reprjob-LB-noUB;44;tardiness
673;~/opl-executable/opl.sh ~/oven-scheduling-problem/solution-methods/cp-optimizer-models/withLB/interval-repr-jobs-warmstart-noUB-tardiness.mod $file;../../instancesUC1withLB/opl/warmstartDataOplDec24/44_warm_start_44RandomOvenSchedulingInstance-n50-k2-a2-WithInitialStates.dat;1;3.45e-07;50;1;1;880.0;255.0;50.0;13.0;0.04;0.58;144900000.0;singleobj-opl-reprjob-LB-WS-noUB;44;tardiness
674;~/minizinc-executables/mzn-gurobi.sh ~/oven-scheduling-problem/solution-methods/minizinc-models/withLowerBounds/direct-batch-pos-batchcount-objective.mzn $file --time-limit 3600000 -v;../../instancesUC1withLB/mzn/45_oven_scheduling.minizinc_instance_3012-13.22.48.dzn;1;0.983193977;137122377;1;1;1981.0;407.0;50.0;30.0;16.3398;19.20077;139466250.0;singleobj-mzn-gurobi-LB-noUB;45;batchcount
675;~/minizinc-executables/mzn-gurobi.sh $file ~/oven-scheduling-problem/solution-methods/minizinc-models/withLowerBounds/direct-batch-pos-warmstart-noUB-batchcount-objective.mzn $1 -d $2 --time-limit 3600000 -v;../../instancesUC1withLB/mzn/45_oven_scheduling.minizinc_instance_3012-13.22.48.dzn ../../instancesUC1withLB/mzn/warmstart/45_warm_start_45RandomOvenSchedulingInstance-n50-k2-a2-WithInitialStates.dzn;1;0.981277169;136855047;1;1;1796.0;485.0;50.0;30.0;8.0244;10.65574;139466250.0;singleobj-mzn-gurobiWS-LB-noUB;45;batchcount
676;~/opl-executable/opl.sh ~/oven-scheduling-problem/solution-methods/cp-optimizer-models/withLB/interval-repr-jobs-noUB-batchcount.mod $file;../../instancesUC1withLB/opl/45_oven_scheduling.cpoptimizer_instance_3012-13.22.48.dat;1;2.15e-07;30;-1;1;1897.0;377.0;50.0;30.0;3599.36;3600.0;139466250.0;singleobj-opl-reprjob-LB-noUB;45;batchcount
677;~/opl-executable/opl.sh ~/oven-scheduling-problem/solution-methods/cp-optimizer-models/withLB/interval-repr-jobs-warmstart-noUB-batchcount.mod $file;../../instancesUC1withLB/opl/warmstartDataOplDec24/45_warm_start_45RandomOvenSchedulingInstance-n50-k2-a2-WithInitialStates.dat;1;2.15e-07;30;-1;1;1840.0;400.0;50.0;30.0;3599.47;3600.0;139466250.0;singleobj-opl-reprjob-LB-WS-noUB;45;batchcount
678;~/minizinc-executables/mzn-gurobi.sh ~/oven-scheduling-problem/solution-methods/minizinc-models/withLowerBounds/direct-batch-pos-ovenruntime-objective.mzn $file --time-limit 3600000 -v;../../instancesUC1withLB/mzn/45_oven_scheduling.minizinc_instance_3012-13.22.48.dzn;1;0.978266742;136435194;-1;1;1602.0;446.0;50.0;30.0;3616.027;3619.04678;139466250.0;singleobj-mzn-gurobi-LB-noUB;45;ovenruntime
679;~/minizinc-executables/mzn-gurobi.sh $file ~/oven-scheduling-problem/solution-methods/minizinc-models/withLowerBounds/direct-batch-pos-warmstart-noUB-ovenruntime-objective.mzn $1 -d $2 --time-limit 3600000 -v;../../instancesUC1withLB/mzn/45_oven_scheduling.minizinc_instance_3012-13.22.48.dzn ../../instancesUC1withLB/mzn/warmstart/45_warm_start_45RandomOvenSchedulingInstance-n50-k2-a2-WithInitialStates.dzn;1;0.97892731;136527321;-1;1;1618.0;499.0;50.0;31.0;3609.0781;3611.84327;139466250.0;singleobj-mzn-gurobiWS-LB-noUB;45;ovenruntime
680;~/opl-executable/opl.sh ~/oven-scheduling-problem/solution-methods/cp-optimizer-models/withLB/interval-repr-jobs-noUB-ovenruntime.mod $file;../../instancesUC1withLB/opl/45_oven_scheduling.cpoptimizer_instance_3012-13.22.48.dat;1;1.15e-05;1606;-1;1;1606.0;393.0;50.0;30.0;3599.45;3600.0;139466250.0;singleobj-opl-reprjob-LB-noUB;45;ovenruntime
681;~/opl-executable/opl.sh ~/oven-scheduling-problem/solution-methods/cp-optimizer-models/withLB/interval-repr-jobs-warmstart-noUB-ovenruntime.mod $file;../../instancesUC1withLB/opl/warmstartDataOplDec24/45_warm_start_45RandomOvenSchedulingInstance-n50-k2-a2-WithInitialStates.dat;1;1.16e-05;1612;-1;1;1612.0;469.0;50.0;30.0;3599.44;3600.0;139466250.0;singleobj-opl-reprjob-LB-WS-noUB;45;ovenruntime
682;~/minizinc-executables/mzn-gurobi.sh ~/oven-scheduling-problem/solution-methods/minizinc-models/withLowerBounds/direct-batch-pos-setupcosts-objective.mzn $file --time-limit 3600000 -v;../../instancesUC1withLB/mzn/45_oven_scheduling.minizinc_instance_3012-13.22.48.dzn;1;0.982831244;137071788;1;1;2014.0;308.0;50.0;30.0;90.9454;93.89421;139466250.0;singleobj-mzn-gurobi-LB-noUB;45;setupcosts
683;~/minizinc-executables/mzn-gurobi.sh $file ~/oven-scheduling-problem/solution-methods/minizinc-models/withLowerBounds/direct-batch-pos-warmstart-noUB-setupcosts-objective.mzn $1 -d $2 --time-limit 3600000 -v;../../instancesUC1withLB/mzn/45_oven_scheduling.minizinc_instance_3012-13.22.48.dzn ../../instancesUC1withLB/mzn/warmstart/45_warm_start_45RandomOvenSchedulingInstance-n50-k2-a2-WithInitialStates.dzn;1;0.986169772;137537400;1;1;2255.0;308.0;50.0;30.0;154.4414;157.35683;139466250.0;singleobj-mzn-gurobiWS-LB-noUB;45;setupcosts
684;~/opl-executable/opl.sh ~/oven-scheduling-problem/solution-methods/cp-optimizer-models/withLB/interval-repr-jobs-noUB-setupcosts.mod $file;../../instancesUC1withLB/opl/45_oven_scheduling.cpoptimizer_instance_3012-13.22.48.dat;1;2.21e-06;308;1;1;1849.0;308.0;50.0;30.0;58.95;59.49;139466250.0;singleobj-opl-reprjob-LB-noUB;45;setupcosts
685;~/opl-executable/opl.sh ~/oven-scheduling-problem/solution-methods/cp-optimizer-models/withLB/interval-repr-jobs-warmstart-noUB-setupcosts.mod $file;../../instancesUC1withLB/opl/warmstartDataOplDec24/45_warm_start_45RandomOvenSchedulingInstance-n50-k2-a2-WithInitialStates.dat;1;2.21e-06;308;1;1;1798.0;308.0;50.0;30.0;255.84;256.48;139466250.0;singleobj-opl-reprjob-LB-WS-noUB;45;setupcosts
686;~/minizinc-executables/mzn-gurobi.sh ~/oven-scheduling-problem/solution-methods/minizinc-models/withLowerBounds/direct-batch-pos-tardiness-objective.mzn $file --time-limit 3600000 -v;../../instancesUC1withLB/mzn/45_oven_scheduling.minizinc_instance_3012-13.22.48.dzn;1;0.983172144;137119332;1;1;1931.0;488.0;50.0;39.0;3078.1755;3081.15289;139466250.0;singleobj-mzn-gurobi-LB-noUB;45;tardiness
687;~/minizinc-executables/mzn-gurobi.sh $file ~/oven-scheduling-problem/solution-methods/minizinc-models/withLowerBounds/direct-batch-pos-warmstart-noUB-tardiness-objective.mzn $1 -d $2 --time-limit 3600000 -v;../../instancesUC1withLB/mzn/45_oven_scheduling.minizinc_instance_3012-13.22.48.dzn ../../instancesUC1withLB/mzn/warmstart/45_warm_start_45RandomOvenSchedulingInstance-n50-k2-a2-WithInitialStates.dzn;1;0.983422398;137154234;1;1;1967.0;458.0;50.0;32.0;3.162;5.87349;139466250.0;singleobj-mzn-gurobiWS-LB-noUB;45;tardiness
688;~/opl-executable/opl.sh ~/oven-scheduling-problem/solution-methods/cp-optimizer-models/withLB/interval-repr-jobs-noUB-tardiness.mod $file;../../instancesUC1withLB/opl/45_oven_scheduling.cpoptimizer_instance_3012-13.22.48.dat;1;3.59e-07;50;1;1;2733.0;797.0;50.0;50.0;0.06;0.68;139466250.0;singleobj-opl-reprjob-LB-noUB;45;tardiness
689;~/opl-executable/opl.sh ~/oven-scheduling-problem/solution-methods/cp-optimizer-models/withLB/interval-repr-jobs-warmstart-noUB-tardiness.mod $file;../../instancesUC1withLB/opl/warmstartDataOplDec24/45_warm_start_45RandomOvenSchedulingInstance-n50-k2-a2-WithInitialStates.dat;1;3.59e-07;50;1;1;1919.0;511.0;50.0;32.0;0.04;0.68;139466250.0;singleobj-opl-reprjob-LB-WS-noUB;45;tardiness
690;~/minizinc-executables/mzn-gurobi.sh ~/oven-scheduling-problem/solution-methods/minizinc-models/withLowerBounds/direct-batch-pos-batchcount-objective.mzn $file --time-limit 3600000 -v;../../instancesUC1withLB/mzn/46_oven_scheduling.minizinc_instance_1212-10.34.05.dzn;1;0.955784127;75268;-1;1;124.0;56.0;49.0;22.0;3609.855;3612.66319;78750.0;singleobj-mzn-gurobi-LB-noUB;46;batchcount
691;~/minizinc-executables/mzn-gurobi.sh $file ~/oven-scheduling-problem/solution-methods/minizinc-models/withLowerBounds/direct-batch-pos-warmstart-noUB-batchcount-objective.mzn $1 -d $2 --time-limit 3600000 -v;../../instancesUC1withLB/mzn/46_oven_scheduling.minizinc_instance_1212-10.34.05.dzn ../../instancesUC1withLB/mzn/warmstart/46_warm_start_46RandomOvenSchedulingInstance-n50-k2-a5-WithInitialStates.dzn;1;0.955390476;75237;-1;1;126.0;45.0;49.0;22.0;3609.2573;3612.75833;78750.0;singleobj-mzn-gurobiWS-LB-noUB;46;batchcount
692;~/opl-executable/opl.sh ~/oven-scheduling-problem/solution-methods/cp-optimizer-models/withLB/interval-repr-jobs-noUB-batchcount.mod $file;../../instancesUC1withLB/opl/46_oven_scheduling.cpoptimizer_instance_1212-10.34.05.dat;1;0.000279365;22;1;1;125.0;58.0;49.0;22.0;45.41;45.93;78750.0;singleobj-opl-reprjob-LB-noUB;46;batchcount
693;~/opl-executable/opl.sh ~/oven-scheduling-problem/solution-methods/cp-optimizer-models/withLB/interval-repr-jobs-warmstart-noUB-batchcount.mod $file;../../instancesUC1withLB/opl/warmstartDataOplDec24/46_warm_start_46RandomOvenSchedulingInstance-n50-k2-a5-WithInitialStates.dat;1;0.000279365;22;1;1;123.0;56.0;49.0;22.0;46.07;46.62;78750.0;singleobj-opl-reprjob-LB-WS-noUB;46;batchcount
694;~/minizinc-executables/mzn-gurobi.sh ~/oven-scheduling-problem/solution-methods/minizinc-models/withLowerBounds/direct-batch-pos-ovenruntime-objective.mzn $file --time-limit 3600000 -v;../../instancesUC1withLB/mzn/46_oven_scheduling.minizinc_instance_1212-10.34.05.dzn;1;0.936203175;73726;-1;1;123.0;50.0;48.0;22.0;3610.7447;3613.54973;78750.0;singleobj-mzn-gurobi-LB-noUB;46;ovenruntime
695;~/minizinc-executables/mzn-gurobi.sh $file ~/oven-scheduling-problem/solution-methods/minizinc-models/withLowerBounds/direct-batch-pos-warmstart-noUB-ovenruntime-objective.mzn $1 -d $2 --time-limit 3600000 -v;../../instancesUC1withLB/mzn/46_oven_scheduling.minizinc_instance_1212-10.34.05.dzn ../../instancesUC1withLB/mzn/warmstart/46_warm_start_46RandomOvenSchedulingInstance-n50-k2-a5-WithInitialStates.dzn;1;0.974234921;76721;-1;1;123.0;49.0;50.0;22.0;3610.338;3613.14111;78750.0;singleobj-mzn-gurobiWS-LB-noUB;46;ovenruntime
696;~/opl-executable/opl.sh ~/oven-scheduling-problem/solution-methods/cp-optimizer-models/withLB/interval-repr-jobs-noUB-ovenruntime.mod $file;../../instancesUC1withLB/opl/46_oven_scheduling.cpoptimizer_instance_1212-10.34.05.dat;1;0.001561905;123;-1;1;123.0;46.0;46.0;22.0;3599.56;3600.06;78750.0;singleobj-opl-reprjob-LB-noUB;46;ovenruntime
697;~/opl-executable/opl.sh ~/oven-scheduling-problem/solution-methods/cp-optimizer-models/withLB/interval-repr-jobs-warmstart-noUB-ovenruntime.mod $file;../../instancesUC1withLB/opl/warmstartDataOplDec24/46_warm_start_46RandomOvenSchedulingInstance-n50-k2-a5-WithInitialStates.dat;1;0.001561905;123;1;1;123.0;53.0;47.0;22.0;792.52;793.04;78750.0;singleobj-opl-reprjob-LB-WS-noUB;46;ovenruntime
698;~/minizinc-executables/mzn-gurobi.sh ~/oven-scheduling-problem/solution-methods/minizinc-models/withLowerBounds/direct-batch-pos-setupcosts-objective.mzn $file --time-limit 3600000 -v;../../instancesUC1withLB/mzn/46_oven_scheduling.minizinc_instance_1212-10.34.05.dzn;1;0.95895873;75518;-1;1;159.0;22.0;49.0;32.0;3610.0686;3612.87271;78750.0;singleobj-mzn-gurobi-LB-noUB;46;setupcosts
699;~/minizinc-executables/mzn-gurobi.sh $file ~/oven-scheduling-problem/solution-methods/minizinc-models/withLowerBounds/direct-batch-pos-warmstart-noUB-setupcosts-objective.mzn $1 -d $2 --time-limit 3600000 -v;../../instancesUC1withLB/mzn/46_oven_scheduling.minizinc_instance_1212-10.34.05.dzn ../../instancesUC1withLB/mzn/warmstart/46_warm_start_46RandomOvenSchedulingInstance-n50-k2-a5-WithInitialStates.dzn;1;0.964444444;75950;-1;1;195.0;22.0;49.0;39.0;3609.3428;3612.30221;78750.0;singleobj-mzn-gurobiWS-LB-noUB;46;setupcosts
700;~/opl-executable/opl.sh ~/oven-scheduling-problem/solution-methods/cp-optimizer-models/withLB/interval-repr-jobs-noUB-setupcosts.mod $file;../../instancesUC1withLB/opl/46_oven_scheduling.cpoptimizer_instance_1212-10.34.05.dat;1;0.000279365;22;-1;1;162.0;22.0;49.0;30.0;3599.55;3600.06;78750.0;singleobj-opl-reprjob-LB-noUB;46;setupcosts
701;~/opl-executable/opl.sh ~/oven-scheduling-problem/solution-methods/cp-optimizer-models/withLB/interval-repr-jobs-warmstart-noUB-setupcosts.mod $file;../../instancesUC1withLB/opl/warmstartDataOplDec24/46_warm_start_46RandomOvenSchedulingInstance-n50-k2-a5-WithInitialStates.dat;1;0.000279365;22;-1;1;134.0;22.0;50.0;23.0;3599.49;3600.07;78750.0;singleobj-opl-reprjob-LB-WS-noUB;46;setupcosts
702;~/minizinc-executables/mzn-gurobi.sh ~/oven-scheduling-problem/solution-methods/minizinc-models/withLowerBounds/direct-batch-pos-tardiness-objective.mzn $file --time-limit 3600000 -v;../../instancesUC1withLB/mzn/46_oven_scheduling.minizinc_instance_1212-10.34.05.dzn;1;0.871479365;68629;-1;1;187.0;77.0;44.0;38.0;3609.9623;3612.82776;78750.0;singleobj-mzn-gurobi-LB-noUB;46;tardiness
703;~/minizinc-executables/mzn-gurobi.sh $file ~/oven-scheduling-problem/solution-methods/minizinc-models/withLowerBounds/direct-batch-pos-warmstart-noUB-tardiness-objective.mzn $1 -d $2 --time-limit 3600000 -v;../../instancesUC1withLB/mzn/46_oven_scheduling.minizinc_instance_1212-10.34.05.dzn ../../instancesUC1withLB/mzn/warmstart/46_warm_start_46RandomOvenSchedulingInstance-n50-k2-a5-WithInitialStates.dzn;1;0.877320635;69089;-1;1;217.0;97.0;44.0;40.0;3609.848;3612.68444;78750.0;singleobj-mzn-gurobiWS-LB-noUB;46;tardiness
704;~/opl-executable/opl.sh ~/oven-scheduling-problem/solution-methods/cp-optimizer-models/withLB/interval-repr-jobs-noUB-tardiness.mod $file;../../instancesUC1withLB/opl/46_oven_scheduling.cpoptimizer_instance_1212-10.34.05.dat;1;0.00055873;44;-1;1;156.0;53.0;44.0;29.0;3599.49;3600.06;78750.0;singleobj-opl-reprjob-LB-noUB;46;tardiness
705;~/opl-executable/opl.sh ~/oven-scheduling-problem/solution-methods/cp-optimizer-models/withLB/interval-repr-jobs-warmstart-noUB-tardiness.mod $file;../../instancesUC1withLB/opl/warmstartDataOplDec24/46_warm_start_46RandomOvenSchedulingInstance-n50-k2-a5-WithInitialStates.dat;1;0.00055873;44;-1;1;221.0;103.0;44.0;46.0;3599.49;3600.06;78750.0;singleobj-opl-reprjob-LB-WS-noUB;46;tardiness
706;~/minizinc-executables/mzn-gurobi.sh ~/oven-scheduling-problem/solution-methods/minizinc-models/withLowerBounds/direct-batch-pos-batchcount-objective.mzn $file --time-limit 3600000 -v;../../instancesUC1withLB/mzn/47_oven_scheduling.minizinc_instance_1212-10.34.07.dzn;1;0.975111909;132334875;1;1;1297.0;197.0;50.0;23.0;3389.3972;3392.26811;135712500.0;singleobj-mzn-gurobi-LB-noUB;47;batchcount
707;~/minizinc-executables/mzn-gurobi.sh $file ~/oven-scheduling-problem/solution-methods/minizinc-models/withLowerBounds/direct-batch-pos-warmstart-noUB-batchcount-objective.mzn $1 -d $2 --time-limit 3600000 -v;../../instancesUC1withLB/mzn/47_oven_scheduling.minizinc_instance_1212-10.34.07.dzn ../../instancesUC1withLB/mzn/warmstart/47_warm_start_47RandomOvenSchedulingInstance-n50-k2-a5-WithInitialStates.dzn;1;0.976871696;132573700;1;1;1389.0;228.0;50.0;23.0;720.1054;723.56437;135712500.0;singleobj-mzn-gurobiWS-LB-noUB;47;batchcount
708;~/opl-executable/opl.sh ~/oven-scheduling-problem/solution-methods/cp-optimizer-models/withLB/interval-repr-jobs-noUB-batchcount.mod $file;../../instancesUC1withLB/opl/47_oven_scheduling.cpoptimizer_instance_1212-10.34.07.dat;1;1.69e-07;23;-1;1;1343.0;183.0;50.0;23.0;3599.5;3600.0;135712500.0;singleobj-opl-reprjob-LB-noUB;47;batchcount
709;~/opl-executable/opl.sh ~/oven-scheduling-problem/solution-methods/cp-optimizer-models/withLB/interval-repr-jobs-warmstart-noUB-batchcount.mod $file;../../instancesUC1withLB/opl/warmstartDataOplDec24/47_warm_start_47RandomOvenSchedulingInstance-n50-k2-a5-WithInitialStates.dat;1;1.69e-07;23;-1;1;1374.0;215.0;50.0;23.0;3599.49;3600.0;135712500.0;singleobj-opl-reprjob-LB-WS-noUB;47;batchcount
710;~/minizinc-executables/mzn-gurobi.sh ~/oven-scheduling-problem/solution-methods/minizinc-models/withLowerBounds/direct-batch-pos-ovenruntime-objective.mzn $file --time-limit 3600000 -v;../../instancesUC1withLB/mzn/47_oven_scheduling.minizinc_instance_1212-10.34.07.dzn;1;-1.0;-1;-1;-1;;;;;3606.3302;;;singleobj-mzn-gurobi-LB-noUB;47;ovenruntime
711;~/minizinc-executables/mzn-gurobi.sh $file ~/oven-scheduling-problem/solution-methods/minizinc-models/withLowerBounds/direct-batch-pos-warmstart-noUB-ovenruntime-objective.mzn $1 -d $2 --time-limit 3600000 -v;../../instancesUC1withLB/mzn/47_oven_scheduling.minizinc_instance_1212-10.34.07.dzn ../../instancesUC1withLB/mzn/warmstart/47_warm_start_47RandomOvenSchedulingInstance-n50-k2-a5-WithInitialStates.dzn;1;0.97418016;132208425;-1;1;1247.0;183.0;50.0;23.0;3609.1178;3612.30663;135712500.0;singleobj-mzn-gurobiWS-LB-noUB;47;ovenruntime
712;~/opl-executable/opl.sh ~/oven-scheduling-problem/solution-methods/cp-optimizer-models/withLB/interval-repr-jobs-noUB-ovenruntime.mod $file;../../instancesUC1withLB/opl/47_oven_scheduling.cpoptimizer_instance_1212-10.34.07.dat;1;9.19e-06;1247;-1;1;1247.0;205.0;50.0;23.0;3599.49;3600.0;135712500.0;singleobj-opl-reprjob-LB-noUB;47;ovenruntime
713;~/opl-executable/opl.sh ~/oven-scheduling-problem/solution-methods/cp-optimizer-models/withLB/interval-repr-jobs-warmstart-noUB-ovenruntime.mod $file;../../instancesUC1withLB/opl/warmstartDataOplDec24/47_warm_start_47RandomOvenSchedulingInstance-n50-k2-a5-WithInitialStates.dat;1;9.19e-06;1247;-1;1;1247.0;186.0;50.0;23.0;3599.49;3600.0;135712500.0;singleobj-opl-reprjob-LB-WS-noUB;47;ovenruntime
714;~/minizinc-executables/mzn-gurobi.sh ~/oven-scheduling-problem/solution-methods/minizinc-models/withLowerBounds/direct-batch-pos-setupcosts-objective.mzn $file --time-limit 3600000 -v;../../instancesUC1withLB/mzn/47_oven_scheduling.minizinc_instance_1212-10.34.07.dzn;1;0.977018145;132593575;-1;1;1468.0;97.0;50.0;31.0;3609.7467;3612.66721;135712500.0;singleobj-mzn-gurobi-LB-noUB;47;setupcosts
715;~/minizinc-executables/mzn-gurobi.sh $file ~/oven-scheduling-problem/solution-methods/minizinc-models/withLowerBounds/direct-batch-pos-warmstart-noUB-setupcosts-objective.mzn $1 -d $2 --time-limit 3600000 -v;../../instancesUC1withLB/mzn/47_oven_scheduling.minizinc_instance_1212-10.34.07.dzn ../../instancesUC1withLB/mzn/warmstart/47_warm_start_47RandomOvenSchedulingInstance-n50-k2-a5-WithInitialStates.dzn;1;0.981668417;133224675;-1;1;1757.0;93.0;50.0;32.0;3609.3123;3612.53149;135712500.0;singleobj-mzn-gurobiWS-LB-noUB;47;setupcosts
716;~/opl-executable/opl.sh ~/oven-scheduling-problem/solution-methods/cp-optimizer-models/withLB/interval-repr-jobs-noUB-setupcosts.mod $file;../../instancesUC1withLB/opl/47_oven_scheduling.cpoptimizer_instance_1212-10.34.07.dat;1;6.56e-07;89;-1;1;1633.0;89.0;50.0;31.0;3599.5;3600.0;135712500.0;singleobj-opl-reprjob-LB-noUB;47;setupcosts
717;~/opl-executable/opl.sh ~/oven-scheduling-problem/solution-methods/cp-optimizer-models/withLB/interval-repr-jobs-warmstart-noUB-setupcosts.mod $file;../../instancesUC1withLB/opl/warmstartDataOplDec24/47_warm_start_47RandomOvenSchedulingInstance-n50-k2-a5-WithInitialStates.dat;1;6.56e-07;89;-1;1;1700.0;89.0;50.0;31.0;3599.5;3600.0;135712500.0;singleobj-opl-reprjob-LB-WS-noUB;47;setupcosts
718;~/minizinc-executables/mzn-gurobi.sh ~/oven-scheduling-problem/solution-methods/minizinc-models/withLowerBounds/direct-batch-pos-tardiness-objective.mzn $file --time-limit 3600000 -v;../../instancesUC1withLB/mzn/47_oven_scheduling.minizinc_instance_1212-10.34.07.dzn;1;-1.0;-1;-1;-1;;;;;3607.6572;;;singleobj-mzn-gurobi-LB-noUB;47;tardiness
719;~/minizinc-executables/mzn-gurobi.sh $file ~/oven-scheduling-problem/solution-methods/minizinc-models/withLowerBounds/direct-batch-pos-warmstart-noUB-tardiness-objective.mzn $1 -d $2 --time-limit 3600000 -v;../../instancesUC1withLB/mzn/47_oven_scheduling.minizinc_instance_1212-10.34.07.dzn ../../instancesUC1withLB/mzn/warmstart/47_warm_start_47RandomOvenSchedulingInstance-n50-k2-a5-WithInitialStates.dzn;1;0.982988302;133403800;1;1;1730.0;296.0;50.0;32.0;11.1376;14.17132;135712500.0;singleobj-mzn-gurobiWS-LB-noUB;47;tardiness
720;~/opl-executable/opl.sh ~/oven-scheduling-problem/solution-methods/cp-optimizer-models/withLB/interval-repr-jobs-noUB-tardiness.mod $file;../../instancesUC1withLB/opl/47_oven_scheduling.cpoptimizer_instance_1212-10.34.07.dat;1;3.68e-07;50;1;1;1955.0;251.0;50.0;35.0;0.88;1.38;135712500.0;singleobj-opl-reprjob-LB-noUB;47;tardiness
721;~/opl-executable/opl.sh ~/oven-scheduling-problem/solution-methods/cp-optimizer-models/withLB/interval-repr-jobs-warmstart-noUB-tardiness.mod $file;../../instancesUC1withLB/opl/warmstartDataOplDec24/47_warm_start_47RandomOvenSchedulingInstance-n50-k2-a5-WithInitialStates.dat;1;3.68e-07;50;1;1;1404.0;217.0;50.0;24.0;0.04;0.56;135712500.0;singleobj-opl-reprjob-LB-WS-noUB;47;tardiness
722;~/minizinc-executables/mzn-gurobi.sh ~/oven-scheduling-problem/solution-methods/minizinc-models/withLowerBounds/direct-batch-pos-batchcount-objective.mzn $file --time-limit 3600000 -v;../../instancesUC1withLB/mzn/48_oven_scheduling.minizinc_instance_1212-10.34.09.dzn;1;0.885810224;131027941;-1;1;1656.0;383.0;45.0;26.0;3610.2889;3613.14745;147918750.0;singleobj-mzn-gurobi-LB-noUB;48;batchcount
723;~/minizinc-executables/mzn-gurobi.sh $file ~/oven-scheduling-problem/solution-methods/minizinc-models/withLowerBounds/direct-batch-pos-warmstart-noUB-batchcount-objective.mzn $1 -d $2 --time-limit 3600000 -v;../../instancesUC1withLB/mzn/48_oven_scheduling.minizinc_instance_1212-10.34.09.dzn ../../instancesUC1withLB/mzn/warmstart/48_warm_start_48RandomOvenSchedulingInstance-n50-k2-a5-WithInitialStates.dzn;1;0.86600723;128098707;-1;1;1628.0;341.0;44.0;26.0;3609.1103;3612.54708;147918750.0;singleobj-mzn-gurobiWS-LB-noUB;48;batchcount
724;~/opl-executable/opl.sh ~/oven-scheduling-problem/solution-methods/cp-optimizer-models/withLB/interval-repr-jobs-noUB-batchcount.mod $file;../../instancesUC1withLB/opl/48_oven_scheduling.cpoptimizer_instance_1212-10.34.09.dat;1;1.76e-07;26;-1;1;1555.0;373.0;39.0;26.0;3599.46;3600.0;147918750.0;singleobj-opl-reprjob-LB-noUB;48;batchcount
725;~/opl-executable/opl.sh ~/oven-scheduling-problem/solution-methods/cp-optimizer-models/withLB/interval-repr-jobs-warmstart-noUB-batchcount.mod $file;../../instancesUC1withLB/opl/warmstartDataOplDec24/48_warm_start_48RandomOvenSchedulingInstance-n50-k2-a5-WithInitialStates.dat;1;1.76e-07;26;-1;1;1618.0;408.0;47.0;26.0;3599.47;3600.0;147918750.0;singleobj-opl-reprjob-LB-WS-noUB;48;batchcount
726;~/minizinc-executables/mzn-gurobi.sh ~/oven-scheduling-problem/solution-methods/minizinc-models/withLowerBounds/direct-batch-pos-ovenruntime-objective.mzn $file --time-limit 3600000 -v;../../instancesUC1withLB/mzn/48_oven_scheduling.minizinc_instance_1212-10.34.09.dzn;1;0.826858853;122307928;-1;1;1549.0;364.0;42.0;26.0;3607.2127;3610.29852;147918750.0;singleobj-mzn-gurobi-LB-noUB;48;ovenruntime
727;~/minizinc-executables/mzn-gurobi.sh $file ~/oven-scheduling-problem/solution-methods/minizinc-models/withLowerBounds/direct-batch-pos-warmstart-noUB-ovenruntime-objective.mzn $1 -d $2 --time-limit 3600000 -v;../../instancesUC1withLB/mzn/48_oven_scheduling.minizinc_instance_1212-10.34.09.dzn ../../instancesUC1withLB/mzn/warmstart/48_warm_start_48RandomOvenSchedulingInstance-n50-k2-a5-WithInitialStates.dzn;1;0.903079806;133582436;-1;1;1549.0;368.0;46.0;26.0;3609.5173;3612.64643;147918750.0;singleobj-mzn-gurobiWS-LB-noUB;48;ovenruntime
728;~/opl-executable/opl.sh ~/oven-scheduling-problem/solution-methods/cp-optimizer-models/withLB/interval-repr-jobs-noUB-ovenruntime.mod $file;../../instancesUC1withLB/opl/48_oven_scheduling.cpoptimizer_instance_1212-10.34.09.dat;1;1.05e-05;1549;-1;1;1549.0;348.0;44.0;26.0;3599.47;3600.0;147918750.0;singleobj-opl-reprjob-LB-noUB;48;ovenruntime
729;~/opl-executable/opl.sh ~/oven-scheduling-problem/solution-methods/cp-optimizer-models/withLB/interval-repr-jobs-warmstart-noUB-ovenruntime.mod $file;../../instancesUC1withLB/opl/warmstartDataOplDec24/48_warm_start_48RandomOvenSchedulingInstance-n50-k2-a5-WithInitialStates.dat;1;1.05e-05;1549;-1;1;1549.0;339.0;49.0;26.0;3599.47;3600.0;147918750.0;singleobj-opl-reprjob-LB-WS-noUB;48;ovenruntime
730;~/minizinc-executables/mzn-gurobi.sh ~/oven-scheduling-problem/solution-methods/minizinc-models/withLowerBounds/direct-batch-pos-setupcosts-objective.mzn $file --time-limit 3600000 -v;../../instancesUC1withLB/mzn/48_oven_scheduling.minizinc_instance_1212-10.34.09.dzn;1;0.905750826;133977530;-1;1;1759.0;290.0;46.0;27.0;3609.7699;3612.93904;147918750.0;singleobj-mzn-gurobi-LB-noUB;48;setupcosts
731;~/minizinc-executables/mzn-gurobi.sh $file ~/oven-scheduling-problem/solution-methods/minizinc-models/withLowerBounds/direct-batch-pos-warmstart-noUB-setupcosts-objective.mzn $1 -d $2 --time-limit 3600000 -v;../../instancesUC1withLB/mzn/48_oven_scheduling.minizinc_instance_1212-10.34.09.dzn ../../instancesUC1withLB/mzn/warmstart/48_warm_start_48RandomOvenSchedulingInstance-n50-k2-a5-WithInitialStates.dzn;1;0.904927347;133855722;-1;1;1708.0;286.0;46.0;28.0;3609.556;3612.74812;147918750.0;singleobj-mzn-gurobiWS-LB-noUB;48;setupcosts
732;~/opl-executable/opl.sh ~/oven-scheduling-problem/solution-methods/cp-optimizer-models/withLB/interval-repr-jobs-noUB-setupcosts.mod $file;../../instancesUC1withLB/opl/48_oven_scheduling.cpoptimizer_instance_1212-10.34.09.dat;1;1.94e-06;287;-1;1;1612.0;287.0;47.0;26.0;3599.43;3600.0;147918750.0;singleobj-opl-reprjob-LB-noUB;48;setupcosts
733;~/opl-executable/opl.sh ~/oven-scheduling-problem/solution-methods/cp-optimizer-models/withLB/interval-repr-jobs-warmstart-noUB-setupcosts.mod $file;../../instancesUC1withLB/opl/warmstartDataOplDec24/48_warm_start_48RandomOvenSchedulingInstance-n50-k2-a5-WithInitialStates.dat;1;1.94e-06;287;-1;1;1618.0;287.0;38.0;26.0;3599.49;3600.0;147918750.0;singleobj-opl-reprjob-LB-WS-noUB;48;setupcosts
734;~/minizinc-executables/mzn-gurobi.sh ~/oven-scheduling-problem/solution-methods/minizinc-models/withLowerBounds/direct-batch-pos-tardiness-objective.mzn $file --time-limit 3600000 -v;../../instancesUC1withLB/mzn/48_oven_scheduling.minizinc_instance_1212-10.34.09.dzn;1;0.535208707;79167403;-1;1;2282.0;589.0;26.0;43.0;3610.1356;3613.33012;147918750.0;singleobj-mzn-gurobi-LB-noUB;48;tardiness
735;~/minizinc-executables/mzn-gurobi.sh $file ~/oven-scheduling-problem/solution-methods/minizinc-models/withLowerBounds/direct-batch-pos-warmstart-noUB-tardiness-objective.mzn $1 -d $2 --time-limit 3600000 -v;../../instancesUC1withLB/mzn/48_oven_scheduling.minizinc_instance_1212-10.34.09.dzn ../../instancesUC1withLB/mzn/warmstart/48_warm_start_48RandomOvenSchedulingInstance-n50-k2-a5-WithInitialStates.dzn;1;0.569143946;84187061;-1;1;2037.0;543.0;28.0;39.0;3609.9863;3612.88369;147918750.0;singleobj-mzn-gurobiWS-LB-noUB;48;tardiness
736;~/opl-executable/opl.sh ~/oven-scheduling-problem/solution-methods/cp-optimizer-models/withLB/interval-repr-jobs-noUB-tardiness.mod $file;../../instancesUC1withLB/opl/48_oven_scheduling.cpoptimizer_instance_1212-10.34.09.dat;1;1.62e-07;24;-1;1;2188.0;609.0;24.0;43.0;3599.38;3600.0;147918750.0;singleobj-opl-reprjob-LB-noUB;48;tardiness
737;~/opl-executable/opl.sh ~/oven-scheduling-problem/solution-methods/cp-optimizer-models/withLB/interval-repr-jobs-warmstart-noUB-tardiness.mod $file;../../instancesUC1withLB/opl/warmstartDataOplDec24/48_warm_start_48RandomOvenSchedulingInstance-n50-k2-a5-WithInitialStates.dat;1;1.62e-07;24;-1;1;2277.0;598.0;24.0;45.0;3599.38;3600.0;147918750.0;singleobj-opl-reprjob-LB-WS-noUB;48;tardiness
738;~/minizinc-executables/mzn-gurobi.sh ~/oven-scheduling-problem/solution-methods/minizinc-models/withLowerBounds/direct-batch-pos-batchcount-objective.mzn $file --time-limit 3600000 -v;../../instancesUC1withLB/mzn/49_oven_scheduling.minizinc_instance_1212-10.34.11.dzn;1;0.97207619;765510;1;1;1080.0;425.0;50.0;17.0;807.0929;809.96786;787500.0;singleobj-mzn-gurobi-LB-noUB;49;batchcount
739;~/minizinc-executables/mzn-gurobi.sh $file ~/oven-scheduling-problem/solution-methods/minizinc-models/withLowerBounds/direct-batch-pos-warmstart-noUB-batchcount-objective.mzn $1 -d $2 --time-limit 3600000 -v;../../instancesUC1withLB/mzn/49_oven_scheduling.minizinc_instance_1212-10.34.11.dzn ../../instancesUC1withLB/mzn/warmstart/49_warm_start_49RandomOvenSchedulingInstance-n50-k2-a5-WithInitialStates.dzn;1;0.973295238;766470;1;1;1160.0;425.0;50.0;17.0;1361.6068;1364.47892;787500.0;singleobj-mzn-gurobiWS-LB-noUB;49;batchcount
740;~/opl-executable/opl.sh ~/oven-scheduling-problem/solution-methods/cp-optimizer-models/withLB/interval-repr-jobs-noUB-batchcount.mod $file;../../instancesUC1withLB/opl/49_oven_scheduling.cpoptimizer_instance_1212-10.34.11.dat;1;2.16e-05;17;-1;1;1122.0;425.0;50.0;17.0;3599.48;3600.0;787500.0;singleobj-opl-reprjob-LB-noUB;49;batchcount
741;~/opl-executable/opl.sh ~/oven-scheduling-problem/solution-methods/cp-optimizer-models/withLB/interval-repr-jobs-warmstart-noUB-batchcount.mod $file;../../instancesUC1withLB/opl/warmstartDataOplDec24/49_warm_start_49RandomOvenSchedulingInstance-n50-k2-a5-WithInitialStates.dat;1;2.16e-05;17;-1;1;1103.0;425.0;50.0;17.0;3599.49;3600.0;787500.0;singleobj-opl-reprjob-LB-WS-noUB;49;batchcount
742;~/minizinc-executables/mzn-gurobi.sh ~/oven-scheduling-problem/solution-methods/minizinc-models/withLowerBounds/direct-batch-pos-ovenruntime-objective.mzn $file --time-limit 3600000 -v;../../instancesUC1withLB/mzn/49_oven_scheduling.minizinc_instance_1212-10.34.11.dzn;1;-1.0;-1;-1;-1;;;;;3605.5652;;;singleobj-mzn-gurobi-LB-noUB;49;ovenruntime
743;~/minizinc-executables/mzn-gurobi.sh $file ~/oven-scheduling-problem/solution-methods/minizinc-models/withLowerBounds/direct-batch-pos-warmstart-noUB-ovenruntime-objective.mzn $1 -d $2 --time-limit 3600000 -v;../../instancesUC1withLB/mzn/49_oven_scheduling.minizinc_instance_1212-10.34.11.dzn ../../instancesUC1withLB/mzn/warmstart/49_warm_start_49RandomOvenSchedulingInstance-n50-k2-a5-WithInitialStates.dzn;1;0.97056;764316;-1;1;968.0;450.0;50.0;18.0;3609.2802;3612.58152;787500.0;singleobj-mzn-gurobiWS-LB-noUB;49;ovenruntime
744;~/opl-executable/opl.sh ~/oven-scheduling-problem/solution-methods/cp-optimizer-models/withLB/interval-repr-jobs-noUB-ovenruntime.mod $file;../../instancesUC1withLB/opl/49_oven_scheduling.cpoptimizer_instance_1212-10.34.11.dat;1;0.001229206;968;-1;1;968.0;450.0;50.0;18.0;3599.49;3600.0;787500.0;singleobj-opl-reprjob-LB-noUB;49;ovenruntime
745;~/opl-executable/opl.sh ~/oven-scheduling-problem/solution-methods/cp-optimizer-models/withLB/interval-repr-jobs-warmstart-noUB-ovenruntime.mod $file;../../instancesUC1withLB/opl/warmstartDataOplDec24/49_warm_start_49RandomOvenSchedulingInstance-n50-k2-a5-WithInitialStates.dat;1;0.001229206;968;-1;1;968.0;450.0;50.0;18.0;3599.49;3600.0;787500.0;singleobj-opl-reprjob-LB-WS-noUB;49;ovenruntime
746;~/minizinc-executables/mzn-gurobi.sh ~/oven-scheduling-problem/solution-methods/minizinc-models/withLowerBounds/direct-batch-pos-setupcosts-objective.mzn $file --time-limit 3600000 -v;../../instancesUC1withLB/mzn/49_oven_scheduling.minizinc_instance_1212-10.34.11.dzn;1;0.971801905;765294;1;1;1062.0;425.0;50.0;17.0;835.6239;838.7925;787500.0;singleobj-mzn-gurobi-LB-noUB;49;setupcosts
747;~/minizinc-executables/mzn-gurobi.sh $file ~/oven-scheduling-problem/solution-methods/minizinc-models/withLowerBounds/direct-batch-pos-warmstart-noUB-setupcosts-objective.mzn $1 -d $2 --time-limit 3600000 -v;../../instancesUC1withLB/mzn/49_oven_scheduling.minizinc_instance_1212-10.34.11.dzn ../../instancesUC1withLB/mzn/warmstart/49_warm_start_49RandomOvenSchedulingInstance-n50-k2-a5-WithInitialStates.dzn;1;0.972457143;765810;1;1;1105.0;425.0;50.0;17.0;631.5423;634.65862;787500.0;singleobj-mzn-gurobiWS-LB-noUB;49;setupcosts
748;~/opl-executable/opl.sh ~/oven-scheduling-problem/solution-methods/cp-optimizer-models/withLB/interval-repr-jobs-noUB-setupcosts.mod $file;../../instancesUC1withLB/opl/49_oven_scheduling.cpoptimizer_instance_1212-10.34.11.dat;1;0.000539683;425;-1;1;989.0;425.0;50.0;17.0;3599.49;3600.0;787500.0;singleobj-opl-reprjob-LB-noUB;49;setupcosts
749;~/opl-executable/opl.sh ~/oven-scheduling-problem/solution-methods/cp-optimizer-models/withLB/interval-repr-jobs-warmstart-noUB-setupcosts.mod $file;../../instancesUC1withLB/opl/warmstartDataOplDec24/49_warm_start_49RandomOvenSchedulingInstance-n50-k2-a5-WithInitialStates.dat;1;0.000539683;425;-1;1;1122.0;425.0;50.0;17.0;3599.49;3600.0;787500.0;singleobj-opl-reprjob-LB-WS-noUB;49;setupcosts
750;~/minizinc-executables/mzn-gurobi.sh ~/oven-scheduling-problem/solution-methods/minizinc-models/withLowerBounds/direct-batch-pos-tardiness-objective.mzn $file --time-limit 3600000 -v;../../instancesUC1withLB/mzn/49_oven_scheduling.minizinc_instance_1212-10.34.11.dzn;1;0.972906667;766164;1;1;1072.0;550.0;50.0;22.0;76.7657;79.91827;787500.0;singleobj-mzn-gurobi-LB-noUB;49;tardiness
751;~/minizinc-executables/mzn-gurobi.sh $file ~/oven-scheduling-problem/solution-methods/minizinc-models/withLowerBounds/direct-batch-pos-warmstart-noUB-tardiness-objective.mzn $1 -d $2 --time-limit 3600000 -v;../../instancesUC1withLB/mzn/49_oven_scheduling.minizinc_instance_1212-10.34.11.dzn ../../instancesUC1withLB/mzn/warmstart/49_warm_start_49RandomOvenSchedulingInstance-n50-k2-a5-WithInitialStates.dzn;1;0.974339048;767292;1;1;1216.0;450.0;50.0;18.0;3.5494;6.68094;787500.0;singleobj-mzn-gurobiWS-LB-noUB;49;tardiness
752;~/opl-executable/opl.sh ~/oven-scheduling-problem/solution-methods/cp-optimizer-models/withLB/interval-repr-jobs-noUB-tardiness.mod $file;../../instancesUC1withLB/opl/49_oven_scheduling.cpoptimizer_instance_1212-10.34.11.dat;1;6.35e-05;50;1;1;2486.0;1250.0;50.0;50.0;0.12;0.63;787500.0;singleobj-opl-reprjob-LB-noUB;49;tardiness
753;~/opl-executable/opl.sh ~/oven-scheduling-problem/solution-methods/cp-optimizer-models/withLB/interval-repr-jobs-warmstart-noUB-tardiness.mod $file;../../instancesUC1withLB/opl/warmstartDataOplDec24/49_warm_start_49RandomOvenSchedulingInstance-n50-k2-a5-WithInitialStates.dat;1;6.35e-05;50;1;1;1138.0;450.0;50.0;18.0;0.04;0.56;787500.0;singleobj-opl-reprjob-LB-WS-noUB;49;tardiness
754;~/minizinc-executables/mzn-gurobi.sh ~/oven-scheduling-problem/solution-methods/minizinc-models/withLowerBounds/direct-batch-pos-batchcount-objective.mzn $file --time-limit 3600000 -v;../../instancesUC1withLB/mzn/50_oven_scheduling.minizinc_instance_1212-10.34.13.dzn;1;0.881063492;2442308;1;1;1279.0;209.0;45.0;19.0;59.8029;62.58178;2772000.0;singleobj-mzn-gurobi-LB-noUB;50;batchcount
755;~/minizinc-executables/mzn-gurobi.sh $file ~/oven-scheduling-problem/solution-methods/minizinc-models/withLowerBounds/direct-batch-pos-warmstart-noUB-batchcount-objective.mzn $1 -d $2 --time-limit 3600000 -v;../../instancesUC1withLB/mzn/50_oven_scheduling.minizinc_instance_1212-10.34.13.dzn ../../instancesUC1withLB/mzn/warmstart/50_warm_start_50RandomOvenSchedulingInstance-n50-k2-a5-WithInitialStates.dzn;1;0.883396825;2448776;1;1;1426.0;209.0;45.0;19.0;30.6929;33.63382;2772000.0;singleobj-mzn-gurobiWS-LB-noUB;50;batchcount
756;~/opl-executable/opl.sh ~/oven-scheduling-problem/solution-methods/cp-optimizer-models/withLB/interval-repr-jobs-noUB-batchcount.mod $file;../../instancesUC1withLB/opl/50_oven_scheduling.cpoptimizer_instance_1212-10.34.13.dat;1;6.85e-06;19;-1;1;1253.0;209.0;45.0;19.0;3599.59;3600.11;2772000.0;singleobj-opl-reprjob-LB-noUB;50;batchcount
757;~/opl-executable/opl.sh ~/oven-scheduling-problem/solution-methods/cp-optimizer-models/withLB/interval-repr-jobs-warmstart-noUB-batchcount.mod $file;../../instancesUC1withLB/opl/warmstartDataOplDec24/50_warm_start_50RandomOvenSchedulingInstance-n50-k2-a5-WithInitialStates.dat;1;6.85e-06;19;-1;1;1264.0;209.0;46.0;19.0;3599.58;3600.11;2772000.0;singleobj-opl-reprjob-LB-WS-noUB;50;batchcount
758;~/minizinc-executables/mzn-gurobi.sh ~/oven-scheduling-problem/solution-methods/minizinc-models/withLowerBounds/direct-batch-pos-ovenruntime-objective.mzn $file --time-limit 3600000 -v;../../instancesUC1withLB/mzn/50_oven_scheduling.minizinc_instance_1212-10.34.13.dzn;1;0.839142857;2326104;-1;1;1002.0;242.0;43.0;22.0;3609.2961;3612.29058;2772000.0;singleobj-mzn-gurobi-LB-noUB;50;ovenruntime
759;~/minizinc-executables/mzn-gurobi.sh $file ~/oven-scheduling-problem/solution-methods/minizinc-models/withLowerBounds/direct-batch-pos-warmstart-noUB-ovenruntime-objective.mzn $1 -d $2 --time-limit 3600000 -v;../../instancesUC1withLB/mzn/50_oven_scheduling.minizinc_instance_1212-10.34.13.dzn ../../instancesUC1withLB/mzn/warmstart/50_warm_start_50RandomOvenSchedulingInstance-n50-k2-a5-WithInitialStates.dzn;1;0.857857143;2377980;-1;1;993.0;231.0;44.0;21.0;3609.2522;3612.52671;2772000.0;singleobj-mzn-gurobiWS-LB-noUB;50;ovenruntime
760;~/opl-executable/opl.sh ~/oven-scheduling-problem/solution-methods/cp-optimizer-models/withLB/interval-repr-jobs-noUB-ovenruntime.mod $file;../../instancesUC1withLB/opl/50_oven_scheduling.cpoptimizer_instance_1212-10.34.13.dat;1;0.000357864;992;-1;1;992.0;220.0;47.0;20.0;3599.58;3600.11;2772000.0;singleobj-opl-reprjob-LB-noUB;50;ovenruntime
761;~/opl-executable/opl.sh ~/oven-scheduling-problem/solution-methods/cp-optimizer-models/withLB/interval-repr-jobs-warmstart-noUB-ovenruntime.mod $file;../../instancesUC1withLB/opl/warmstartDataOplDec24/50_warm_start_50RandomOvenSchedulingInstance-n50-k2-a5-WithInitialStates.dat;1;0.000357864;992;-1;1;992.0;220.0;46.0;20.0;3599.49;3600.11;2772000.0;singleobj-opl-reprjob-LB-WS-noUB;50;ovenruntime
762;~/minizinc-executables/mzn-gurobi.sh ~/oven-scheduling-problem/solution-methods/minizinc-models/withLowerBounds/direct-batch-pos-setupcosts-objective.mzn $file --time-limit 3600000 -v;../../instancesUC1withLB/mzn/50_oven_scheduling.minizinc_instance_1212-10.34.13.dzn;1;0.866333333;2401476;1;1;1551.0;209.0;44.0;19.0;159.925;162.93753;2772000.0;singleobj-mzn-gurobi-LB-noUB;50;setupcosts
763;~/minizinc-executables/mzn-gurobi.sh $file ~/oven-scheduling-problem/solution-methods/minizinc-models/withLowerBounds/direct-batch-pos-warmstart-noUB-setupcosts-objective.mzn $1 -d $2 --time-limit 3600000 -v;../../instancesUC1withLB/mzn/50_oven_scheduling.minizinc_instance_1212-10.34.13.dzn ../../instancesUC1withLB/mzn/warmstart/50_warm_start_50RandomOvenSchedulingInstance-n50-k2-a5-WithInitialStates.dzn;1;0.961904762;2666400;1;1;1572.0;209.0;49.0;19.0;184.7603;187.71926;2772000.0;singleobj-mzn-gurobiWS-LB-noUB;50;setupcosts
764;~/opl-executable/opl.sh ~/oven-scheduling-problem/solution-methods/cp-optimizer-models/withLB/interval-repr-jobs-noUB-setupcosts.mod $file;../../instancesUC1withLB/opl/50_oven_scheduling.cpoptimizer_instance_1212-10.34.13.dat;1;7.54e-05;209;-1;1;1297.0;209.0;45.0;19.0;3599.6;3600.12;2772000.0;singleobj-opl-reprjob-LB-noUB;50;setupcosts
765;~/opl-executable/opl.sh ~/oven-scheduling-problem/solution-methods/cp-optimizer-models/withLB/interval-repr-jobs-warmstart-noUB-setupcosts.mod $file;../../instancesUC1withLB/opl/warmstartDataOplDec24/50_warm_start_50RandomOvenSchedulingInstance-n50-k2-a5-WithInitialStates.dat;1;7.54e-05;209;-1;1;1291.0;209.0;46.0;19.0;3599.62;3600.12;2772000.0;singleobj-opl-reprjob-LB-WS-noUB;50;setupcosts
766;~/minizinc-executables/mzn-gurobi.sh ~/oven-scheduling-problem/solution-methods/minizinc-models/withLowerBounds/direct-batch-pos-tardiness-objective.mzn $file --time-limit 3600000 -v;../../instancesUC1withLB/mzn/50_oven_scheduling.minizinc_instance_1212-10.34.13.dzn;1;0.703111111;1949024;-1;1;1840.0;418.0;35.0;38.0;3609.8015;3612.59286;2772000.0;singleobj-mzn-gurobi-LB-noUB;50;tardiness
767;~/minizinc-executables/mzn-gurobi.sh $file ~/oven-scheduling-problem/solution-methods/minizinc-models/withLowerBounds/direct-batch-pos-warmstart-noUB-tardiness-objective.mzn $1 -d $2 --time-limit 3600000 -v;../../instancesUC1withLB/mzn/50_oven_scheduling.minizinc_instance_1212-10.34.13.dzn ../../instancesUC1withLB/mzn/warmstart/50_warm_start_50RandomOvenSchedulingInstance-n50-k2-a5-WithInitialStates.dzn;1;0.717047619;1987656;-1;1;1614.0;330.0;36.0;30.0;3610.125;3612.93569;2772000.0;singleobj-mzn-gurobiWS-LB-noUB;50;tardiness
768;~/opl-executable/opl.sh ~/oven-scheduling-problem/solution-methods/cp-optimizer-models/withLB/interval-repr-jobs-noUB-tardiness.mod $file;../../instancesUC1withLB/opl/50_oven_scheduling.cpoptimizer_instance_1212-10.34.13.dat;1;1.19e-05;33;-1;1;1616.0;352.0;33.0;32.0;3599.59;3600.11;2772000.0;singleobj-opl-reprjob-LB-noUB;50;tardiness
769;~/opl-executable/opl.sh ~/oven-scheduling-problem/solution-methods/cp-optimizer-models/withLB/interval-repr-jobs-warmstart-noUB-tardiness.mod $file;../../instancesUC1withLB/opl/warmstartDataOplDec24/50_warm_start_50RandomOvenSchedulingInstance-n50-k2-a5-WithInitialStates.dat;1;1.19e-05;33;-1;1;1838.0;429.0;33.0;39.0;3599.5;3600.12;2772000.0;singleobj-opl-reprjob-LB-WS-noUB;50;tardiness
770;~/minizinc-executables/mzn-gurobi.sh ~/oven-scheduling-problem/solution-methods/minizinc-models/withLowerBounds/direct-batch-pos-batchcount-objective.mzn $file --time-limit 3600000 -v;../../instancesUC1withLB/mzn/51_oven_scheduling.minizinc_instance_1212-10.34.15.dzn;1;0.971537415;107112;1;1;148.0;48.0;50.0;22.0;3193.625;3200.0322;110250.0;singleobj-mzn-gurobi-LB-noUB;51;batchcount
771;~/minizinc-executables/mzn-gurobi.sh $file ~/oven-scheduling-problem/solution-methods/minizinc-models/withLowerBounds/direct-batch-pos-warmstart-noUB-batchcount-objective.mzn $1 -d $2 --time-limit 3600000 -v;../../instancesUC1withLB/mzn/51_oven_scheduling.minizinc_instance_1212-10.34.15.dzn ../../instancesUC1withLB/mzn/warmstart/51_warm_start_51RandomOvenSchedulingInstance-n50-k5-a2-WithInitialStates.dzn;1;0.971664399;107126;1;1;148.0;50.0;50.0;22.0;2549.7114;2556.16666;110250.0;singleobj-mzn-gurobiWS-LB-noUB;51;batchcount
772;~/opl-executable/opl.sh ~/oven-scheduling-problem/solution-methods/cp-optimizer-models/withLB/interval-repr-jobs-noUB-batchcount.mod $file;../../instancesUC1withLB/opl/51_oven_scheduling.cpoptimizer_instance_1212-10.34.15.dat;1;0.000199546;22;1;1;151.0;52.0;50.0;22.0;1165.91;1166.58;110250.0;singleobj-opl-reprjob-LB-noUB;51;batchcount
773;~/opl-executable/opl.sh ~/oven-scheduling-problem/solution-methods/cp-optimizer-models/withLB/interval-repr-jobs-warmstart-noUB-batchcount.mod $file;../../instancesUC1withLB/opl/warmstartDataOplDec24/51_warm_start_51RandomOvenSchedulingInstance-n50-k5-a2-WithInitialStates.dat;1;0.000199546;22;1;1;151.0;48.0;50.0;22.0;870.61;871.28;110250.0;singleobj-opl-reprjob-LB-WS-noUB;51;batchcount
774;~/minizinc-executables/mzn-gurobi.sh ~/oven-scheduling-problem/solution-methods/minizinc-models/withLowerBounds/direct-batch-pos-ovenruntime-objective.mzn $file --time-limit 3600000 -v;../../instancesUC1withLB/mzn/51_oven_scheduling.minizinc_instance_1212-10.34.15.dzn;1;0.971229025;107078;-1;1;144.0;50.0;50.0;22.0;3609.5414;3616.16487;110250.0;singleobj-mzn-gurobi-LB-noUB;51;ovenruntime
775;~/minizinc-executables/mzn-gurobi.sh $file ~/oven-scheduling-problem/solution-methods/minizinc-models/withLowerBounds/direct-batch-pos-warmstart-noUB-ovenruntime-objective.mzn $1 -d $2 --time-limit 3600000 -v;../../instancesUC1withLB/mzn/51_oven_scheduling.minizinc_instance_1212-10.34.15.dzn ../../instancesUC1withLB/mzn/warmstart/51_warm_start_51RandomOvenSchedulingInstance-n50-k5-a2-WithInitialStates.dzn;1;0.971292517;107085;-1;1;144.0;51.0;50.0;22.0;3609.2971;3616.30178;110250.0;singleobj-mzn-gurobiWS-LB-noUB;51;ovenruntime
776;~/opl-executable/opl.sh ~/oven-scheduling-problem/solution-methods/cp-optimizer-models/withLB/interval-repr-jobs-noUB-ovenruntime.mod $file;../../instancesUC1withLB/opl/51_oven_scheduling.cpoptimizer_instance_1212-10.34.15.dat;1;0.001306122;144;-1;1;144.0;44.0;50.0;22.0;3599.49;3600.17;110250.0;singleobj-opl-reprjob-LB-noUB;51;ovenruntime
777;~/opl-executable/opl.sh ~/oven-scheduling-problem/solution-methods/cp-optimizer-models/withLB/interval-repr-jobs-warmstart-noUB-ovenruntime.mod $file;../../instancesUC1withLB/opl/warmstartDataOplDec24/51_warm_start_51RandomOvenSchedulingInstance-n50-k5-a2-WithInitialStates.dat;1;0.001306122;144;-1;1;144.0;45.0;50.0;22.0;3599.48;3600.17;110250.0;singleobj-opl-reprjob-LB-WS-noUB;51;ovenruntime
778;~/minizinc-executables/mzn-gurobi.sh ~/oven-scheduling-problem/solution-methods/minizinc-models/withLowerBounds/direct-batch-pos-setupcosts-objective.mzn $file --time-limit 3600000 -v;../../instancesUC1withLB/mzn/51_oven_scheduling.minizinc_instance_1212-10.34.15.dzn;1;0.971836735;107145;1;1;156.0;39.0;50.0;22.0;2458.2497;2464.9665;110250.0;singleobj-mzn-gurobi-LB-noUB;51;setupcosts
779;~/minizinc-executables/mzn-gurobi.sh $file ~/oven-scheduling-problem/solution-methods/minizinc-models/withLowerBounds/direct-batch-pos-warmstart-noUB-setupcosts-objective.mzn $1 -d $2 --time-limit 3600000 -v;../../instancesUC1withLB/mzn/51_oven_scheduling.minizinc_instance_1212-10.34.15.dzn ../../instancesUC1withLB/mzn/warmstart/51_warm_start_51RandomOvenSchedulingInstance-n50-k5-a2-WithInitialStates.dzn;1;0.971183673;107073;1;1;150.0;39.0;50.0;22.0;2737.4755;2744.51543;110250.0;singleobj-mzn-gurobiWS-LB-noUB;51;setupcosts
780;~/opl-executable/opl.sh ~/oven-scheduling-problem/solution-methods/cp-optimizer-models/withLB/interval-repr-jobs-noUB-setupcosts.mod $file;../../instancesUC1withLB/opl/51_oven_scheduling.cpoptimizer_instance_1212-10.34.15.dat;1;0.000353741;39;-1;1;151.0;39.0;50.0;22.0;3599.47;3600.17;110250.0;singleobj-opl-reprjob-LB-noUB;51;setupcosts
781;~/opl-executable/opl.sh ~/oven-scheduling-problem/solution-methods/cp-optimizer-models/withLB/interval-repr-jobs-warmstart-noUB-setupcosts.mod $file;../../instancesUC1withLB/opl/warmstartDataOplDec24/51_warm_start_51RandomOvenSchedulingInstance-n50-k5-a2-WithInitialStates.dat;1;0.000353741;39;-1;1;151.0;39.0;50.0;22.0;3599.42;3600.18;110250.0;singleobj-opl-reprjob-LB-WS-noUB;51;setupcosts
782;~/minizinc-executables/mzn-gurobi.sh ~/oven-scheduling-problem/solution-methods/minizinc-models/withLowerBounds/direct-batch-pos-tardiness-objective.mzn $file --time-limit 3600000 -v;../../instancesUC1withLB/mzn/51_oven_scheduling.minizinc_instance_1212-10.34.15.dzn;1;0.982285714;108297;1;1;231.0;75.0;50.0;37.0;10.7208;17.23979;110250.0;singleobj-mzn-gurobi-LB-noUB;51;tardiness
783;~/minizinc-executables/mzn-gurobi.sh $file ~/oven-scheduling-problem/solution-methods/minizinc-models/withLowerBounds/direct-batch-pos-warmstart-noUB-tardiness-objective.mzn $1 -d $2 --time-limit 3600000 -v;../../instancesUC1withLB/mzn/51_oven_scheduling.minizinc_instance_1212-10.34.15.dzn ../../instancesUC1withLB/mzn/warmstart/51_warm_start_51RandomOvenSchedulingInstance-n50-k5-a2-WithInitialStates.dzn;1;0.972689342;107239;1;1;158.0;49.0;50.0;24.0;7.0269;13.7337;110250.0;singleobj-mzn-gurobiWS-LB-noUB;51;tardiness
784;~/opl-executable/opl.sh ~/oven-scheduling-problem/solution-methods/cp-optimizer-models/withLB/interval-repr-jobs-noUB-tardiness.mod $file;../../instancesUC1withLB/opl/51_oven_scheduling.cpoptimizer_instance_1212-10.34.15.dat;1;0.000453515;50;1;1;223.0;79.0;50.0;36.0;0.09;0.77;110250.0;singleobj-opl-reprjob-LB-noUB;51;tardiness
785;~/opl-executable/opl.sh ~/oven-scheduling-problem/solution-methods/cp-optimizer-models/withLB/interval-repr-jobs-warmstart-noUB-tardiness.mod $file;../../instancesUC1withLB/opl/warmstartDataOplDec24/51_warm_start_51RandomOvenSchedulingInstance-n50-k5-a2-WithInitialStates.dat;1;0.000453515;50;1;1;159.0;58.0;50.0;24.0;0.04;0.68;110250.0;singleobj-opl-reprjob-LB-WS-noUB;51;tardiness
786;~/minizinc-executables/mzn-gurobi.sh ~/oven-scheduling-problem/solution-methods/minizinc-models/withLowerBounds/direct-batch-pos-batchcount-objective.mzn $file --time-limit 3600000 -v;../../instancesUC1withLB/mzn/52_oven_scheduling.minizinc_instance_1212-10.34.17.dzn;1;0.97047619;30570;1;1;124.0;37.0;50.0;19.0;526.6741;533.16537;31500.0;singleobj-mzn-gurobi-LB-noUB;52;batchcount
787;~/minizinc-executables/mzn-gurobi.sh $file ~/oven-scheduling-problem/solution-methods/minizinc-models/withLowerBounds/direct-batch-pos-warmstart-noUB-batchcount-objective.mzn $1 -d $2 --time-limit 3600000 -v;../../instancesUC1withLB/mzn/52_oven_scheduling.minizinc_instance_1212-10.34.17.dzn ../../instancesUC1withLB/mzn/warmstart/52_warm_start_52RandomOvenSchedulingInstance-n50-k5-a2-WithInitialStates.dzn;1;0.969904762;30552;1;1;123.0;30.0;50.0;19.0;988.4323;994.76141;31500.0;singleobj-mzn-gurobiWS-LB-noUB;52;batchcount
788;~/opl-executable/opl.sh ~/oven-scheduling-problem/solution-methods/cp-optimizer-models/withLB/interval-repr-jobs-noUB-batchcount.mod $file;../../instancesUC1withLB/opl/52_oven_scheduling.cpoptimizer_instance_1212-10.34.17.dat;1;0.000603175;19;1;1;124.0;38.0;50.0;19.0;2997.17;2997.88;31500.0;singleobj-opl-reprjob-LB-noUB;52;batchcount
789;~/opl-executable/opl.sh ~/oven-scheduling-problem/solution-methods/cp-optimizer-models/withLB/interval-repr-jobs-warmstart-noUB-batchcount.mod $file;../../instancesUC1withLB/opl/warmstartDataOplDec24/52_warm_start_52RandomOvenSchedulingInstance-n50-k5-a2-WithInitialStates.dat;1;0.000603175;19;1;1;123.0;35.0;50.0;19.0;1185.42;1186.16;31500.0;singleobj-opl-reprjob-LB-WS-noUB;52;batchcount
790;~/minizinc-executables/mzn-gurobi.sh ~/oven-scheduling-problem/solution-methods/minizinc-models/withLowerBounds/direct-batch-pos-ovenruntime-objective.mzn $file --time-limit 3600000 -v;../../instancesUC1withLB/mzn/52_oven_scheduling.minizinc_instance_1212-10.34.17.dzn;1;0.96952381;30540;-1;1;118.0;34.0;50.0;19.0;3609.6623;3616.26081;31500.0;singleobj-mzn-gurobi-LB-noUB;52;ovenruntime
791;~/minizinc-executables/mzn-gurobi.sh $file ~/oven-scheduling-problem/solution-methods/minizinc-models/withLowerBounds/direct-batch-pos-warmstart-noUB-ovenruntime-objective.mzn $1 -d $2 --time-limit 3600000 -v;../../instancesUC1withLB/mzn/52_oven_scheduling.minizinc_instance_1212-10.34.17.dzn ../../instancesUC1withLB/mzn/warmstart/52_warm_start_52RandomOvenSchedulingInstance-n50-k5-a2-WithInitialStates.dzn;1;0.969650794;30544;-1;1;118.0;36.0;50.0;19.0;3607.5101;3614.15908;31500.0;singleobj-mzn-gurobiWS-LB-noUB;52;ovenruntime
792;~/opl-executable/opl.sh ~/oven-scheduling-problem/solution-methods/cp-optimizer-models/withLB/interval-repr-jobs-noUB-ovenruntime.mod $file;../../instancesUC1withLB/opl/52_oven_scheduling.cpoptimizer_instance_1212-10.34.17.dat;1;0.003746032;118;-1;1;118.0;31.0;50.0;19.0;3599.56;3600.27;31500.0;singleobj-opl-reprjob-LB-noUB;52;ovenruntime
793;~/opl-executable/opl.sh ~/oven-scheduling-problem/solution-methods/cp-optimizer-models/withLB/interval-repr-jobs-warmstart-noUB-ovenruntime.mod $file;../../instancesUC1withLB/opl/warmstartDataOplDec24/52_warm_start_52RandomOvenSchedulingInstance-n50-k5-a2-WithInitialStates.dat;1;0.003746032;118;-1;1;118.0;35.0;50.0;19.0;3599.45;3600.24;31500.0;singleobj-opl-reprjob-LB-WS-noUB;52;ovenruntime
794;~/minizinc-executables/mzn-gurobi.sh ~/oven-scheduling-problem/solution-methods/minizinc-models/withLowerBounds/direct-batch-pos-setupcosts-objective.mzn $file --time-limit 3600000 -v;../../instancesUC1withLB/mzn/52_oven_scheduling.minizinc_instance_1212-10.34.17.dzn;1;0.973015873;30650;-1;1;151.0;23.0;50.0;25.0;3609.0952;3615.71095;31500.0;singleobj-mzn-gurobi-LB-noUB;52;setupcosts
795;~/minizinc-executables/mzn-gurobi.sh $file ~/oven-scheduling-problem/solution-methods/minizinc-models/withLowerBounds/direct-batch-pos-warmstart-noUB-setupcosts-objective.mzn $1 -d $2 --time-limit 3600000 -v;../../instancesUC1withLB/mzn/52_oven_scheduling.minizinc_instance_1212-10.34.17.dzn ../../instancesUC1withLB/mzn/warmstart/52_warm_start_52RandomOvenSchedulingInstance-n50-k5-a2-WithInitialStates.dzn;1;0.974539683;30698;-1;1;163.0;23.0;50.0;27.0;3608.9193;3615.56201;31500.0;singleobj-mzn-gurobiWS-LB-noUB;52;setupcosts
796;~/opl-executable/opl.sh ~/oven-scheduling-problem/solution-methods/cp-optimizer-models/withLB/interval-repr-jobs-noUB-setupcosts.mod $file;../../instancesUC1withLB/opl/52_oven_scheduling.cpoptimizer_instance_1212-10.34.17.dat;1;0.000730159;23;-1;1;147.0;23.0;50.0;24.0;3599.52;3600.24;31500.0;singleobj-opl-reprjob-LB-noUB;52;setupcosts
797;~/opl-executable/opl.sh ~/oven-scheduling-problem/solution-methods/cp-optimizer-models/withLB/interval-repr-jobs-warmstart-noUB-setupcosts.mod $file;../../instancesUC1withLB/opl/warmstartDataOplDec24/52_warm_start_52RandomOvenSchedulingInstance-n50-k5-a2-WithInitialStates.dat;1;0.000952381;30;-1;1;153.0;30.0;50.0;24.0;3599.54;3600.24;31500.0;singleobj-opl-reprjob-LB-WS-noUB;52;setupcosts
798;~/minizinc-executables/mzn-gurobi.sh ~/oven-scheduling-problem/solution-methods/minizinc-models/withLowerBounds/direct-batch-pos-tardiness-objective.mzn $file --time-limit 3600000 -v;../../instancesUC1withLB/mzn/52_oven_scheduling.minizinc_instance_1212-10.34.17.dzn;1;0.924952381;29136;1;1;202.0;64.0;47.0;38.0;17.4632;23.99582;31500.0;singleobj-mzn-gurobi-LB-noUB;52;tardiness
799;~/minizinc-executables/mzn-gurobi.sh $file ~/oven-scheduling-problem/solution-methods/minizinc-models/withLowerBounds/direct-batch-pos-warmstart-noUB-tardiness-objective.mzn $1 -d $2 --time-limit 3600000 -v;../../instancesUC1withLB/mzn/52_oven_scheduling.minizinc_instance_1212-10.34.17.dzn ../../instancesUC1withLB/mzn/warmstart/52_warm_start_52RandomOvenSchedulingInstance-n50-k5-a2-WithInitialStates.dzn;1;0.931555556;29344;1;1;242.0;88.0;47.0;43.0;13.4031;19.83571;31500.0;singleobj-mzn-gurobiWS-LB-noUB;52;tardiness
800;~/opl-executable/opl.sh ~/oven-scheduling-problem/solution-methods/cp-optimizer-models/withLB/interval-repr-jobs-noUB-tardiness.mod $file;../../instancesUC1withLB/opl/52_oven_scheduling.cpoptimizer_instance_1212-10.34.17.dat;1;0.001492063;47;-1;1;271.0;92.0;47.0;50.0;3599.52;3600.24;31500.0;singleobj-opl-reprjob-LB-noUB;52;tardiness
801;~/opl-executable/opl.sh ~/oven-scheduling-problem/solution-methods/cp-optimizer-models/withLB/interval-repr-jobs-warmstart-noUB-tardiness.mod $file;../../instancesUC1withLB/opl/warmstartDataOplDec24/52_warm_start_52RandomOvenSchedulingInstance-n50-k5-a2-WithInitialStates.dat;1;0.001492063;47;-1;1;181.0;48.0;47.0;31.0;3599.48;3600.27;31500.0;singleobj-opl-reprjob-LB-WS-noUB;52;tardiness
802;~/minizinc-executables/mzn-gurobi.sh $file ~/oven-scheduling-problem/solution-methods/minizinc-models/withLowerBounds/direct-batch-pos-warmstart-noUB-batchcount-objective.mzn $1 -d $2 --time-limit 3600000 -v;../../instancesUC1withLB/mzn/53_oven_scheduling.minizinc_instance_1212-10.34.19.dzn ../../instancesUC1withLB/mzn/warmstart/53_warm_start_53RandomOvenSchedulingInstance-n50-k5-a2-WithInitialStates.dzn;1;0.974984127;30712;1;1;160.0;36.0;50.0;16.0;13.2511;19.23386;31500.0;singleobj-mzn-gurobiWS-LB-noUB;53;batchcount
803;~/opl-executable/opl.sh ~/oven-scheduling-problem/solution-methods/cp-optimizer-models/withLB/interval-repr-jobs-noUB-batchcount.mod $file;../../instancesUC1withLB/opl/53_oven_scheduling.cpoptimizer_instance_1212-10.34.19.dat;1;0.000507937;16;1;1;115.0;35.0;49.0;16.0;74.3;74.98;31500.0;singleobj-opl-reprjob-LB-noUB;53;batchcount
804;~/opl-executable/opl.sh ~/oven-scheduling-problem/solution-methods/cp-optimizer-models/withLB/interval-repr-jobs-warmstart-noUB-batchcount.mod $file;../../instancesUC1withLB/opl/warmstartDataOplDec24/53_warm_start_53RandomOvenSchedulingInstance-n50-k5-a2-WithInitialStates.dat;1;0.000507937;16;1;1;116.0;39.0;50.0;16.0;150.81;151.48;31500.0;singleobj-opl-reprjob-LB-WS-noUB;53;batchcount
805;~/minizinc-executables/mzn-gurobi.sh $file ~/oven-scheduling-problem/solution-methods/minizinc-models/withLowerBounds/direct-batch-pos-warmstart-noUB-ovenruntime-objective.mzn $1 -d $2 --time-limit 3600000 -v;../../instancesUC1withLB/mzn/53_oven_scheduling.minizinc_instance_1212-10.34.19.dzn ../../instancesUC1withLB/mzn/warmstart/53_warm_start_53RandomOvenSchedulingInstance-n50-k5-a2-WithInitialStates.dzn;1;0.968063492;30494;-1;1;105.0;37.0;50.0;18.0;3609.4323;3615.66231;31500.0;singleobj-mzn-gurobiWS-LB-noUB;53;ovenruntime
806;~/opl-executable/opl.sh ~/oven-scheduling-problem/solution-methods/cp-optimizer-models/withLB/interval-repr-jobs-noUB-ovenruntime.mod $file;../../instancesUC1withLB/opl/53_oven_scheduling.cpoptimizer_instance_1212-10.34.19.dat;1;0.003396825;107;-1;1;107.0;34.0;50.0;17.0;3599.43;3600.13;31500.0;singleobj-opl-reprjob-LB-noUB;53;ovenruntime
807;~/opl-executable/opl.sh ~/oven-scheduling-problem/solution-methods/cp-optimizer-models/withLB/interval-repr-jobs-warmstart-noUB-ovenruntime.mod $file;../../instancesUC1withLB/opl/warmstartDataOplDec24/53_warm_start_53RandomOvenSchedulingInstance-n50-k5-a2-WithInitialStates.dat;1;0.003333333;105;-1;1;105.0;35.0;49.0;18.0;3599.43;3600.12;31500.0;singleobj-opl-reprjob-LB-WS-noUB;53;ovenruntime
808;~/minizinc-executables/mzn-gurobi.sh $file ~/oven-scheduling-problem/solution-methods/minizinc-models/withLowerBounds/direct-batch-pos-warmstart-noUB-setupcosts-objective.mzn $1 -d $2 --time-limit 3600000 -v;../../instancesUC1withLB/mzn/53_oven_scheduling.minizinc_instance_1212-10.34.19.dzn ../../instancesUC1withLB/mzn/warmstart/53_warm_start_53RandomOvenSchedulingInstance-n50-k5-a2-WithInitialStates.dzn;1;0.985206349;31034;-1;1;244.0;29.0;50.0;27.0;3608.804;3615.06693;31500.0;singleobj-mzn-gurobiWS-LB-noUB;53;setupcosts
809;~/opl-executable/opl.sh ~/oven-scheduling-problem/solution-methods/cp-optimizer-models/withLB/interval-repr-jobs-noUB-setupcosts.mod $file;../../instancesUC1withLB/opl/53_oven_scheduling.cpoptimizer_instance_1212-10.34.19.dat;1;0.000920635;29;-1;1;130.0;29.0;50.0;19.0;3599.47;3600.14;31500.0;singleobj-opl-reprjob-LB-noUB;53;setupcosts
810;~/opl-executable/opl.sh ~/oven-scheduling-problem/solution-methods/cp-optimizer-models/withLB/interval-repr-jobs-warmstart-noUB-setupcosts.mod $file;../../instancesUC1withLB/opl/warmstartDataOplDec24/53_warm_start_53RandomOvenSchedulingInstance-n50-k5-a2-WithInitialStates.dat;1;0.000984127;31;-1;1;134.0;31.0;49.0;18.0;3599.44;3600.12;31500.0;singleobj-opl-reprjob-LB-WS-noUB;53;setupcosts
811;~/minizinc-executables/mzn-gurobi.sh ~/oven-scheduling-problem/solution-methods/minizinc-models/withLowerBounds/direct-batch-pos-tardiness-objective.mzn $file --time-limit 3600000 -v;../../instancesUC1withLB/mzn/53_oven_scheduling.minizinc_instance_1212-10.34.19.dzn;1;0.913904762;28788;1;1;247.0;100.0;46.0;43.0;179.3691;185.34071;31500.0;singleobj-mzn-gurobi-LB-noUB;53;tardiness
812;~/minizinc-executables/mzn-gurobi.sh $file ~/oven-scheduling-problem/solution-methods/minizinc-models/withLowerBounds/direct-batch-pos-warmstart-noUB-tardiness-objective.mzn $1 -d $2 --time-limit 3600000 -v;../../instancesUC1withLB/mzn/53_oven_scheduling.minizinc_instance_1212-10.34.19.dzn ../../instancesUC1withLB/mzn/warmstart/53_warm_start_53RandomOvenSchedulingInstance-n50-k5-a2-WithInitialStates.dzn;1;0.899174603;28324;1;1;157.0;48.0;46.0;23.0;100.8007;106.83188;31500.0;singleobj-mzn-gurobiWS-LB-noUB;53;tardiness
813;~/opl-executable/opl.sh ~/oven-scheduling-problem/solution-methods/cp-optimizer-models/withLB/interval-repr-jobs-noUB-tardiness.mod $file;../../instancesUC1withLB/opl/53_oven_scheduling.cpoptimizer_instance_1212-10.34.19.dat;1;0.001460317;46;-1;1;154.0;53.0;46.0;25.0;3599.45;3600.13;31500.0;singleobj-opl-reprjob-LB-noUB;53;tardiness
814;~/opl-executable/opl.sh ~/oven-scheduling-problem/solution-methods/cp-optimizer-models/withLB/interval-repr-jobs-warmstart-noUB-tardiness.mod $file;../../instancesUC1withLB/opl/warmstartDataOplDec24/53_warm_start_53RandomOvenSchedulingInstance-n50-k5-a2-WithInitialStates.dat;1;0.001460317;46;-1;1;153.0;57.0;46.0;25.0;3599.43;3600.12;31500.0;singleobj-opl-reprjob-LB-WS-noUB;53;tardiness
815;~/minizinc-executables/mzn-gurobi.sh ~/oven-scheduling-problem/solution-methods/minizinc-models/withLowerBounds/direct-batch-pos-batchcount-objective.mzn $file --time-limit 3600000 -v;../../instancesUC1withLB/mzn/54_oven_scheduling.minizinc_instance_1212-10.34.21.dzn;1;0.959746032;30232;1;1;58.0;0.0;50.0;7.0;17.3799;23.48979;31500.0;singleobj-mzn-gurobi-LB-noUB;54;batchcount
816;~/minizinc-executables/mzn-gurobi.sh $file ~/oven-scheduling-problem/solution-methods/minizinc-models/withLowerBounds/direct-batch-pos-warmstart-noUB-batchcount-objective.mzn $1 -d $2 --time-limit 3600000 -v;../../instancesUC1withLB/mzn/54_oven_scheduling.minizinc_instance_1212-10.34.21.dzn ../../instancesUC1withLB/mzn/warmstart/54_warm_start_54RandomOvenSchedulingInstance-n50-k5-a2-WithInitialStates.dzn;1;0.960888889;30268;1;1;67.0;0.0;50.0;7.0;8.4263;14.56107;31500.0;singleobj-mzn-gurobiWS-LB-noUB;54;batchcount
817;~/opl-executable/opl.sh ~/oven-scheduling-problem/solution-methods/cp-optimizer-models/withLB/interval-repr-jobs-noUB-batchcount.mod $file;../../instancesUC1withLB/opl/54_oven_scheduling.cpoptimizer_instance_1212-10.34.21.dat;1;0.000222222;7;1;1;56.0;0.0;50.0;7.0;21.65;22.61;31500.0;singleobj-opl-reprjob-LB-noUB;54;batchcount
818;~/opl-executable/opl.sh ~/oven-scheduling-problem/solution-methods/cp-optimizer-models/withLB/interval-repr-jobs-warmstart-noUB-batchcount.mod $file;../../instancesUC1withLB/opl/warmstartDataOplDec24/54_warm_start_54RandomOvenSchedulingInstance-n50-k5-a2-WithInitialStates.dat;1;0.000222222;7;1;1;62.0;0.0;50.0;7.0;23.97;24.89;31500.0;singleobj-opl-reprjob-LB-WS-noUB;54;batchcount
819;~/minizinc-executables/mzn-gurobi.sh ~/oven-scheduling-problem/solution-methods/minizinc-models/withLowerBounds/direct-batch-pos-ovenruntime-objective.mzn $file --time-limit 3600000 -v;../../instancesUC1withLB/mzn/54_oven_scheduling.minizinc_instance_1212-10.34.21.dzn;1;0.958730159;30200;-1;1;50.0;0.0;50.0;7.0;3611.4519;3617.99711;31500.0;singleobj-mzn-gurobi-LB-noUB;54;ovenruntime
820;~/minizinc-executables/mzn-gurobi.sh $file ~/oven-scheduling-problem/solution-methods/minizinc-models/withLowerBounds/direct-batch-pos-warmstart-noUB-ovenruntime-objective.mzn $1 -d $2 --time-limit 3600000 -v;../../instancesUC1withLB/mzn/54_oven_scheduling.minizinc_instance_1212-10.34.21.dzn ../../instancesUC1withLB/mzn/warmstart/54_warm_start_54RandomOvenSchedulingInstance-n50-k5-a2-WithInitialStates.dzn;1;0.958730159;30200;-1;1;50.0;0.0;50.0;7.0;3610.38;3616.68863;31500.0;singleobj-mzn-gurobiWS-LB-noUB;54;ovenruntime
821;~/opl-executable/opl.sh ~/oven-scheduling-problem/solution-methods/cp-optimizer-models/withLB/interval-repr-jobs-noUB-ovenruntime.mod $file;../../instancesUC1withLB/opl/54_oven_scheduling.cpoptimizer_instance_1212-10.34.21.dat;1;0.001587302;50;1;1;50.0;0.0;50.0;7.0;1554.1;1555.03;31500.0;singleobj-opl-reprjob-LB-noUB;54;ovenruntime
822;~/opl-executable/opl.sh ~/oven-scheduling-problem/solution-methods/cp-optimizer-models/withLB/interval-repr-jobs-warmstart-noUB-ovenruntime.mod $file;../../instancesUC1withLB/opl/warmstartDataOplDec24/54_warm_start_54RandomOvenSchedulingInstance-n50-k5-a2-WithInitialStates.dat;1;0.001587302;50;1;1;50.0;0.0;50.0;7.0;1452.74;1453.61;31500.0;singleobj-opl-reprjob-LB-WS-noUB;54;ovenruntime
823;~/minizinc-executables/mzn-gurobi.sh ~/oven-scheduling-problem/solution-methods/minizinc-models/withLowerBounds/direct-batch-pos-setupcosts-objective.mzn $file --time-limit 3600000 -v;../../instancesUC1withLB/mzn/54_oven_scheduling.minizinc_instance_1212-10.34.21.dzn;1;0.964825397;30392;1;1;98.0;0.0;50.0;16.0;16.8993;23.30209;31500.0;singleobj-mzn-gurobi-LB-noUB;54;setupcosts
824;~/minizinc-executables/mzn-gurobi.sh $file ~/oven-scheduling-problem/solution-methods/minizinc-models/withLowerBounds/direct-batch-pos-warmstart-noUB-setupcosts-objective.mzn $1 -d $2 --time-limit 3600000 -v;../../instancesUC1withLB/mzn/54_oven_scheduling.minizinc_instance_1212-10.34.21.dzn ../../instancesUC1withLB/mzn/warmstart/54_warm_start_54RandomOvenSchedulingInstance-n50-k5-a2-WithInitialStates.dzn;1;0.966984127;30460;1;1;115.0;0.0;50.0;12.0;6.8516;13.35794;31500.0;singleobj-mzn-gurobiWS-LB-noUB;54;setupcosts
825;~/opl-executable/opl.sh ~/oven-scheduling-problem/solution-methods/cp-optimizer-models/withLB/interval-repr-jobs-noUB-setupcosts.mod $file;../../instancesUC1withLB/opl/54_oven_scheduling.cpoptimizer_instance_1212-10.34.21.dat;1;0.0;0;1;1;285.0;0.0;50.0;50.0;0.27;1.09;31500.0;singleobj-opl-reprjob-LB-noUB;54;setupcosts
826;~/opl-executable/opl.sh ~/oven-scheduling-problem/solution-methods/cp-optimizer-models/withLB/interval-repr-jobs-warmstart-noUB-setupcosts.mod $file;../../instancesUC1withLB/opl/warmstartDataOplDec24/54_warm_start_54RandomOvenSchedulingInstance-n50-k5-a2-WithInitialStates.dat;1;0.0;0;1;1;99.0;0.0;50.0;12.0;0.12;0.95;31500.0;singleobj-opl-reprjob-LB-WS-noUB;54;setupcosts
827;~/minizinc-executables/mzn-gurobi.sh ~/oven-scheduling-problem/solution-methods/minizinc-models/withLowerBounds/direct-batch-pos-tardiness-objective.mzn $file --time-limit 3600000 -v;../../instancesUC1withLB/mzn/54_oven_scheduling.minizinc_instance_1212-10.34.21.dzn;1;-1.0;-1;-1;-1;;;;;3604.9367;;;singleobj-mzn-gurobi-LB-noUB;54;tardiness
828;~/minizinc-executables/mzn-gurobi.sh $file ~/oven-scheduling-problem/solution-methods/minizinc-models/withLowerBounds/direct-batch-pos-warmstart-noUB-tardiness-objective.mzn $1 -d $2 --time-limit 3600000 -v;../../instancesUC1withLB/mzn/54_oven_scheduling.minizinc_instance_1212-10.34.21.dzn ../../instancesUC1withLB/mzn/warmstart/54_warm_start_54RandomOvenSchedulingInstance-n50-k5-a2-WithInitialStates.dzn;1;0.966984127;30460;1;1;115.0;0.0;50.0;12.0;7.1166;13.57411;31500.0;singleobj-mzn-gurobiWS-LB-noUB;54;tardiness
829;~/opl-executable/opl.sh ~/oven-scheduling-problem/solution-methods/cp-optimizer-models/withLB/interval-repr-jobs-noUB-tardiness.mod $file;../../instancesUC1withLB/opl/54_oven_scheduling.cpoptimizer_instance_1212-10.34.21.dat;1;0.001587302;50;1;1;245.0;0.0;50.0;43.0;0.32;1.25;31500.0;singleobj-opl-reprjob-LB-noUB;54;tardiness
830;~/opl-executable/opl.sh ~/oven-scheduling-problem/solution-methods/cp-optimizer-models/withLB/interval-repr-jobs-warmstart-noUB-tardiness.mod $file;../../instancesUC1withLB/opl/warmstartDataOplDec24/54_warm_start_54RandomOvenSchedulingInstance-n50-k5-a2-WithInitialStates.dat;1;0.001587302;50;1;1;99.0;0.0;50.0;12.0;0.15;1.06;31500.0;singleobj-opl-reprjob-LB-WS-noUB;54;tardiness
831;~/minizinc-executables/mzn-gurobi.sh ~/oven-scheduling-problem/solution-methods/minizinc-models/withLowerBounds/direct-batch-pos-batchcount-objective.mzn $file --time-limit 3600000 -v;../../instancesUC1withLB/mzn/55_oven_scheduling.minizinc_instance_3012-13.23.06.dzn;1;0.985976853;139503400;-1;1;1978.0;328.0;50.0;37.0;3609.1881;3616.0508;141487500.0;singleobj-mzn-gurobi-LB-noUB;55;batchcount
832;~/minizinc-executables/mzn-gurobi.sh $file ~/oven-scheduling-problem/solution-methods/minizinc-models/withLowerBounds/direct-batch-pos-warmstart-noUB-batchcount-objective.mzn $1 -d $2 --time-limit 3600000 -v;../../instancesUC1withLB/mzn/55_oven_scheduling.minizinc_instance_3012-13.23.06.dzn ../../instancesUC1withLB/mzn/warmstart/55_warm_start_55RandomOvenSchedulingInstance-n50-k5-a2-WithInitialStates.dzn;1;0.987105575;139663100;-1;1;2035.0;356.0;50.0;37.0;3610.3198;3616.85317;141487500.0;singleobj-mzn-gurobiWS-LB-noUB;55;batchcount
833;~/opl-executable/opl.sh ~/oven-scheduling-problem/solution-methods/cp-optimizer-models/withLB/interval-repr-jobs-noUB-batchcount.mod $file;../../instancesUC1withLB/opl/55_oven_scheduling.cpoptimizer_instance_3012-13.23.06.dat;1;2.62e-07;37;-1;1;1977.0;390.0;50.0;37.0;3599.24;3600.0;141487500.0;singleobj-opl-reprjob-LB-noUB;55;batchcount
834;~/opl-executable/opl.sh ~/oven-scheduling-problem/solution-methods/cp-optimizer-models/withLB/interval-repr-jobs-warmstart-noUB-batchcount.mod $file;../../instancesUC1withLB/opl/warmstartDataOplDec24/55_warm_start_55RandomOvenSchedulingInstance-n50-k5-a2-WithInitialStates.dat;1;2.62e-07;37;-1;1;1974.0;304.0;50.0;37.0;3599.33;3600.0;141487500.0;singleobj-opl-reprjob-LB-WS-noUB;55;batchcount
835;~/minizinc-executables/mzn-gurobi.sh ~/oven-scheduling-problem/solution-methods/minizinc-models/withLowerBounds/direct-batch-pos-ovenruntime-objective.mzn $file --time-limit 3600000 -v;../../instancesUC1withLB/mzn/55_oven_scheduling.minizinc_instance_3012-13.23.06.dzn;1;0.985472922;139432100;-1;1;1930.0;356.0;50.0;37.0;3609.5701;3616.46991;141487500.0;singleobj-mzn-gurobi-LB-noUB;55;ovenruntime
836;~/minizinc-executables/mzn-gurobi.sh $file ~/oven-scheduling-problem/solution-methods/minizinc-models/withLowerBounds/direct-batch-pos-warmstart-noUB-ovenruntime-objective.mzn $1 -d $2 --time-limit 3600000 -v;../../instancesUC1withLB/mzn/55_oven_scheduling.minizinc_instance_3012-13.23.06.dzn ../../instancesUC1withLB/mzn/warmstart/55_warm_start_55RandomOvenSchedulingInstance-n50-k5-a2-WithInitialStates.dzn;1;0.985213181;139395350;-1;1;1930.0;326.0;50.0;37.0;3619.5119;3626.89906;141487500.0;singleobj-mzn-gurobiWS-LB-noUB;55;ovenruntime
837;~/opl-executable/opl.sh ~/oven-scheduling-problem/solution-methods/cp-optimizer-models/withLB/interval-repr-jobs-noUB-ovenruntime.mod $file;../../instancesUC1withLB/opl/55_oven_scheduling.cpoptimizer_instance_3012-13.23.06.dat;1;1.36e-05;1930;-1;1;1930.0;319.0;50.0;37.0;3599.31;3600.0;141487500.0;singleobj-opl-reprjob-LB-noUB;55;ovenruntime
838;~/opl-executable/opl.sh ~/oven-scheduling-problem/solution-methods/cp-optimizer-models/withLB/interval-repr-jobs-warmstart-noUB-ovenruntime.mod $file;../../instancesUC1withLB/opl/warmstartDataOplDec24/55_warm_start_55RandomOvenSchedulingInstance-n50-k5-a2-WithInitialStates.dat;1;1.36e-05;1930;-1;1;1930.0;304.0;50.0;37.0;3599.24;3600.0;141487500.0;singleobj-opl-reprjob-LB-WS-noUB;55;ovenruntime
839;~/minizinc-executables/mzn-gurobi.sh ~/oven-scheduling-problem/solution-methods/minizinc-models/withLowerBounds/direct-batch-pos-setupcosts-objective.mzn $file --time-limit 3600000 -v;../../instancesUC1withLB/mzn/55_oven_scheduling.minizinc_instance_3012-13.23.06.dzn;1;0.986075802;139517400;-1;1;2020.0;264.0;50.0;37.0;3615.5848;3622.23965;141487500.0;singleobj-mzn-gurobi-LB-noUB;55;setupcosts
840;~/minizinc-executables/mzn-gurobi.sh $file ~/oven-scheduling-problem/solution-methods/minizinc-models/withLowerBounds/direct-batch-pos-warmstart-noUB-setupcosts-objective.mzn $1 -d $2 --time-limit 3600000 -v;../../instancesUC1withLB/mzn/55_oven_scheduling.minizinc_instance_3012-13.23.06.dzn ../../instancesUC1withLB/mzn/warmstart/55_warm_start_55RandomOvenSchedulingInstance-n50-k5-a2-WithInitialStates.dzn;1;0.990771623;140181800;-1;1;2322.0;264.0;50.0;37.0;3609.6732;3616.23233;141487500.0;singleobj-mzn-gurobiWS-LB-noUB;55;setupcosts
841;~/opl-executable/opl.sh ~/oven-scheduling-problem/solution-methods/cp-optimizer-models/withLB/interval-repr-jobs-noUB-setupcosts.mod $file;../../instancesUC1withLB/opl/55_oven_scheduling.cpoptimizer_instance_3012-13.23.06.dat;1;1.87e-06;264;-1;1;2014.0;264.0;50.0;37.0;3599.24;3600.0;141487500.0;singleobj-opl-reprjob-LB-noUB;55;setupcosts
842;~/opl-executable/opl.sh ~/oven-scheduling-problem/solution-methods/cp-optimizer-models/withLB/interval-repr-jobs-warmstart-noUB-setupcosts.mod $file;../../instancesUC1withLB/opl/warmstartDataOplDec24/55_warm_start_55RandomOvenSchedulingInstance-n50-k5-a2-WithInitialStates.dat;1;1.87e-06;264;-1;1;1948.0;264.0;50.0;37.0;3599.34;3600.0;141487500.0;singleobj-opl-reprjob-LB-WS-noUB;55;setupcosts
843;~/minizinc-executables/mzn-gurobi.sh ~/oven-scheduling-problem/solution-methods/minizinc-models/withLowerBounds/direct-batch-pos-tardiness-objective.mzn $file --time-limit 3600000 -v;../../instancesUC1withLB/mzn/55_oven_scheduling.minizinc_instance_3012-13.23.06.dzn;1;0.990945667;140206425;1;1;2248.0;417.0;50.0;45.0;11.8455;18.62247;141487500.0;singleobj-mzn-gurobi-LB-noUB;55;tardiness
844;~/minizinc-executables/mzn-gurobi.sh $file ~/oven-scheduling-problem/solution-methods/minizinc-models/withLowerBounds/direct-batch-pos-warmstart-noUB-tardiness-objective.mzn $1 -d $2 --time-limit 3600000 -v;../../instancesUC1withLB/mzn/55_oven_scheduling.minizinc_instance_3012-13.23.06.dzn ../../instancesUC1withLB/mzn/warmstart/55_warm_start_55RandomOvenSchedulingInstance-n50-k5-a2-WithInitialStates.dzn;1;0.990242248;140106900;1;1;2210.0;404.0;50.0;42.0;7.2971;14.13957;141487500.0;singleobj-mzn-gurobiWS-LB-noUB;55;tardiness
845;~/opl-executable/opl.sh ~/oven-scheduling-problem/solution-methods/cp-optimizer-models/withLB/interval-repr-jobs-noUB-tardiness.mod $file;../../instancesUC1withLB/opl/55_oven_scheduling.cpoptimizer_instance_3012-13.23.06.dat;1;3.53e-07;50;1;1;2445.0;512.0;50.0;50.0;0.08;0.75;141487500.0;singleobj-opl-reprjob-LB-noUB;55;tardiness
846;~/opl-executable/opl.sh ~/oven-scheduling-problem/solution-methods/cp-optimizer-models/withLB/interval-repr-jobs-warmstart-noUB-tardiness.mod $file;../../instancesUC1withLB/opl/warmstartDataOplDec24/55_warm_start_55RandomOvenSchedulingInstance-n50-k5-a2-WithInitialStates.dat;1;3.53e-07;50;1;1;2242.0;436.0;50.0;42.0;0.03;0.79;141487500.0;singleobj-opl-reprjob-LB-WS-noUB;55;tardiness
847;~/minizinc-executables/mzn-gurobi.sh ~/oven-scheduling-problem/solution-methods/minizinc-models/withLowerBounds/direct-batch-pos-batchcount-objective.mzn $file --time-limit 3600000 -v;../../instancesUC1withLB/mzn/56_oven_scheduling.minizinc_instance_1212-10.34.25.dzn;1;0.928825397;29258;1;1;106.0;17.0;48.0;11.0;321.4317;328.10679;31500.0;singleobj-mzn-gurobi-LB-noUB;56;batchcount
848;~/minizinc-executables/mzn-gurobi.sh $file ~/oven-scheduling-problem/solution-methods/minizinc-models/withLowerBounds/direct-batch-pos-warmstart-noUB-batchcount-objective.mzn $1 -d $2 --time-limit 3600000 -v;../../instancesUC1withLB/mzn/56_oven_scheduling.minizinc_instance_1212-10.34.25.dzn ../../instancesUC1withLB/mzn/warmstart/56_warm_start_56RandomOvenSchedulingInstance-n50-k5-a5-WithInitialStates.dzn;1;0.966666667;30450;1;1;104.0;17.0;50.0;11.0;329.6519;336.40527;31500.0;singleobj-mzn-gurobiWS-LB-noUB;56;batchcount
849;~/opl-executable/opl.sh ~/oven-scheduling-problem/solution-methods/cp-optimizer-models/withLB/interval-repr-jobs-noUB-batchcount.mod $file;../../instancesUC1withLB/opl/56_oven_scheduling.cpoptimizer_instance_1212-10.34.25.dat;1;0.000349206;11;1;1;92.0;17.0;47.0;11.0;12.44;13.2;31500.0;singleobj-opl-reprjob-LB-noUB;56;batchcount
850;~/opl-executable/opl.sh ~/oven-scheduling-problem/solution-methods/cp-optimizer-models/withLB/interval-repr-jobs-warmstart-noUB-batchcount.mod $file;../../instancesUC1withLB/opl/warmstartDataOplDec24/56_warm_start_56RandomOvenSchedulingInstance-n50-k5-a5-WithInitialStates.dat;1;0.000349206;11;1;1;89.0;21.0;49.0;11.0;11.86;12.65;31500.0;singleobj-opl-reprjob-LB-WS-noUB;56;batchcount
851;~/minizinc-executables/mzn-gurobi.sh ~/oven-scheduling-problem/solution-methods/minizinc-models/withLowerBounds/direct-batch-pos-ovenruntime-objective.mzn $file --time-limit 3600000 -v;../../instancesUC1withLB/mzn/56_oven_scheduling.minizinc_instance_1212-10.34.25.dzn;1;0.925904762;29166;-1;1;83.0;17.0;48.0;11.0;3610.3865;3617.60035;31500.0;singleobj-mzn-gurobi-LB-noUB;56;ovenruntime
852;~/minizinc-executables/mzn-gurobi.sh $file ~/oven-scheduling-problem/solution-methods/minizinc-models/withLowerBounds/direct-batch-pos-warmstart-noUB-ovenruntime-objective.mzn $1 -d $2 --time-limit 3600000 -v;../../instancesUC1withLB/mzn/56_oven_scheduling.minizinc_instance_1212-10.34.25.dzn ../../instancesUC1withLB/mzn/warmstart/56_warm_start_56RandomOvenSchedulingInstance-n50-k5-a5-WithInitialStates.dzn;1;0.96431746;30376;-1;1;83.0;22.0;50.0;11.0;3611.5012;3618.37664;31500.0;singleobj-mzn-gurobiWS-LB-noUB;56;ovenruntime
853;~/opl-executable/opl.sh ~/oven-scheduling-problem/solution-methods/cp-optimizer-models/withLB/interval-repr-jobs-noUB-ovenruntime.mod $file;../../instancesUC1withLB/opl/56_oven_scheduling.cpoptimizer_instance_1212-10.34.25.dat;1;0.002666667;84;-1;1;84.0;16.0;48.0;11.0;3599.5;3600.18;31500.0;singleobj-opl-reprjob-LB-noUB;56;ovenruntime
854;~/opl-executable/opl.sh ~/oven-scheduling-problem/solution-methods/cp-optimizer-models/withLB/interval-repr-jobs-warmstart-noUB-ovenruntime.mod $file;../../instancesUC1withLB/opl/warmstartDataOplDec24/56_warm_start_56RandomOvenSchedulingInstance-n50-k5-a5-WithInitialStates.dat;1;0.002666667;84;-1;1;84.0;16.0;47.0;11.0;3599.33;3600.15;31500.0;singleobj-opl-reprjob-LB-WS-noUB;56;ovenruntime
855;~/minizinc-executables/mzn-gurobi.sh ~/oven-scheduling-problem/solution-methods/minizinc-models/withLowerBounds/direct-batch-pos-setupcosts-objective.mzn $file --time-limit 3600000 -v;../../instancesUC1withLB/mzn/56_oven_scheduling.minizinc_instance_1212-10.34.25.dzn;1;0.932253968;29366;-1;1;137.0;9.0;48.0;18.0;3609.6414;3616.39511;31500.0;singleobj-mzn-gurobi-LB-noUB;56;setupcosts
856;~/minizinc-executables/mzn-gurobi.sh $file ~/oven-scheduling-problem/solution-methods/minizinc-models/withLowerBounds/direct-batch-pos-warmstart-noUB-setupcosts-objective.mzn $1 -d $2 --time-limit 3600000 -v;../../instancesUC1withLB/mzn/56_oven_scheduling.minizinc_instance_1212-10.34.25.dzn ../../instancesUC1withLB/mzn/warmstart/56_warm_start_56RandomOvenSchedulingInstance-n50-k5-a5-WithInitialStates.dzn;1;0.916634921;28874;-1;1;164.0;9.0;47.0;18.0;3610.6583;3617.42983;31500.0;singleobj-mzn-gurobiWS-LB-noUB;56;setupcosts
857;~/opl-executable/opl.sh ~/oven-scheduling-problem/solution-methods/cp-optimizer-models/withLB/interval-repr-jobs-noUB-setupcosts.mod $file;../../instancesUC1withLB/opl/56_oven_scheduling.cpoptimizer_instance_1212-10.34.25.dat;1;0.000349206;11;-1;1;126.0;11.0;49.0;16.0;3599.31;3600.15;31500.0;singleobj-opl-reprjob-LB-noUB;56;setupcosts
858;~/opl-executable/opl.sh ~/oven-scheduling-problem/solution-methods/cp-optimizer-models/withLB/interval-repr-jobs-warmstart-noUB-setupcosts.mod $file;../../instancesUC1withLB/opl/warmstartDataOplDec24/56_warm_start_56RandomOvenSchedulingInstance-n50-k5-a5-WithInitialStates.dat;1;0.000349206;11;-1;1;114.0;11.0;48.0;16.0;3599.42;3600.15;31500.0;singleobj-opl-reprjob-LB-WS-noUB;56;setupcosts
859;~/minizinc-executables/mzn-gurobi.sh ~/oven-scheduling-problem/solution-methods/minizinc-models/withLowerBounds/direct-batch-pos-tardiness-objective.mzn $file --time-limit 3600000 -v;../../instancesUC1withLB/mzn/56_oven_scheduling.minizinc_instance_1212-10.34.25.dzn;1;0.889587302;28022;-1;1;230.0;51.0;45.0;31.0;3610.1095;3616.82609;31500.0;singleobj-mzn-gurobi-LB-noUB;56;tardiness
860;~/minizinc-executables/mzn-gurobi.sh $file ~/oven-scheduling-problem/solution-methods/minizinc-models/withLowerBounds/direct-batch-pos-warmstart-noUB-tardiness-objective.mzn $1 -d $2 --time-limit 3600000 -v;../../instancesUC1withLB/mzn/56_oven_scheduling.minizinc_instance_1212-10.34.25.dzn ../../instancesUC1withLB/mzn/warmstart/56_warm_start_56RandomOvenSchedulingInstance-n50-k5-a5-WithInitialStates.dzn;1;0.876952381;27624;-1;1;143.0;26.0;45.0;18.0;3610.5775;3617.28885;31500.0;singleobj-mzn-gurobiWS-LB-noUB;56;tardiness
861;~/opl-executable/opl.sh ~/oven-scheduling-problem/solution-methods/cp-optimizer-models/withLB/interval-repr-jobs-noUB-tardiness.mod $file;../../instancesUC1withLB/opl/56_oven_scheduling.cpoptimizer_instance_1212-10.34.25.dat;1;0.001428571;45;-1;1;174.0;48.0;45.0;28.0;3599.41;3600.15;31500.0;singleobj-opl-reprjob-LB-noUB;56;tardiness
862;~/opl-executable/opl.sh ~/oven-scheduling-problem/solution-methods/cp-optimizer-models/withLB/interval-repr-jobs-warmstart-noUB-tardiness.mod $file;../../instancesUC1withLB/opl/warmstartDataOplDec24/56_warm_start_56RandomOvenSchedulingInstance-n50-k5-a5-WithInitialStates.dat;1;0.001428571;45;-1;1;232.0;75.0;45.0;41.0;3599.41;3600.15;31500.0;singleobj-opl-reprjob-LB-WS-noUB;56;tardiness
863;~/minizinc-executables/mzn-gurobi.sh ~/oven-scheduling-problem/solution-methods/minizinc-models/withLowerBounds/direct-batch-pos-batchcount-objective.mzn $file --time-limit 3600000 -v;../../instancesUC1withLB/mzn/57_oven_scheduling.minizinc_instance_1212-10.34.27.dzn;1;0.811860317;63934;-1;1;187.0;38.0;41.0;23.0;3610.6735;3617.48278;78750.0;singleobj-mzn-gurobi-LB-noUB;57;batchcount
864;~/minizinc-executables/mzn-gurobi.sh $file ~/oven-scheduling-problem/solution-methods/minizinc-models/withLowerBounds/direct-batch-pos-warmstart-noUB-batchcount-objective.mzn $1 -d $2 --time-limit 3600000 -v;../../instancesUC1withLB/mzn/57_oven_scheduling.minizinc_instance_1212-10.34.27.dzn ../../instancesUC1withLB/mzn/warmstart/57_warm_start_57RandomOvenSchedulingInstance-n50-k5-a5-WithInitialStates.dzn;1;0.927657143;73053;-1;1;199.0;33.0;47.0;23.0;3609.7518;3616.54191;78750.0;singleobj-mzn-gurobiWS-LB-noUB;57;batchcount
865;~/opl-executable/opl.sh ~/oven-scheduling-problem/solution-methods/cp-optimizer-models/withLB/interval-repr-jobs-noUB-batchcount.mod $file;../../instancesUC1withLB/opl/57_oven_scheduling.cpoptimizer_instance_1212-10.34.27.dat;1;0.000292063;23;1;1;156.0;35.0;45.0;23.0;629.0;629.65;78750.0;singleobj-opl-reprjob-LB-noUB;57;batchcount
866;~/opl-executable/opl.sh ~/oven-scheduling-problem/solution-methods/cp-optimizer-models/withLB/interval-repr-jobs-warmstart-noUB-batchcount.mod $file;../../instancesUC1withLB/opl/warmstartDataOplDec24/57_warm_start_57RandomOvenSchedulingInstance-n50-k5-a5-WithInitialStates.dat;1;0.000292063;23;1;1;161.0;35.0;47.0;23.0;467.43;468.11;78750.0;singleobj-opl-reprjob-LB-WS-noUB;57;batchcount
867;~/minizinc-executables/mzn-gurobi.sh ~/oven-scheduling-problem/solution-methods/minizinc-models/withLowerBounds/direct-batch-pos-ovenruntime-objective.mzn $file --time-limit 3600000 -v;../../instancesUC1withLB/mzn/57_oven_scheduling.minizinc_instance_1212-10.34.27.dzn;1;0.803695238;63291;-1;1;133.0;39.0;41.0;24.0;3608.7881;3616.36622;78750.0;singleobj-mzn-gurobi-LB-noUB;57;ovenruntime
868;~/minizinc-executables/mzn-gurobi.sh $file ~/oven-scheduling-problem/solution-methods/minizinc-models/withLowerBounds/direct-batch-pos-warmstart-noUB-ovenruntime-objective.mzn $1 -d $2 --time-limit 3600000 -v;../../instancesUC1withLB/mzn/57_oven_scheduling.minizinc_instance_1212-10.34.27.dzn ../../instancesUC1withLB/mzn/warmstart/57_warm_start_57RandomOvenSchedulingInstance-n50-k5-a5-WithInitialStates.dzn;1;0.937460317;73825;-1;1;135.0;41.0;48.0;24.0;3609.421;3616.47705;78750.0;singleobj-mzn-gurobiWS-LB-noUB;57;ovenruntime
869;~/opl-executable/opl.sh ~/oven-scheduling-problem/solution-methods/cp-optimizer-models/withLB/interval-repr-jobs-noUB-ovenruntime.mod $file;../../instancesUC1withLB/opl/57_oven_scheduling.cpoptimizer_instance_1212-10.34.27.dat;1;0.001663492;131;-1;1;131.0;40.0;48.0;23.0;3599.47;3600.13;78750.0;singleobj-opl-reprjob-LB-noUB;57;ovenruntime
870;~/opl-executable/opl.sh ~/oven-scheduling-problem/solution-methods/cp-optimizer-models/withLB/interval-repr-jobs-warmstart-noUB-ovenruntime.mod $file;../../instancesUC1withLB/opl/warmstartDataOplDec24/57_warm_start_57RandomOvenSchedulingInstance-n50-k5-a5-WithInitialStates.dat;1;0.001714286;135;-1;1;135.0;39.0;47.0;24.0;3599.36;3600.13;78750.0;singleobj-opl-reprjob-LB-WS-noUB;57;ovenruntime
871;~/minizinc-executables/mzn-gurobi.sh ~/oven-scheduling-problem/solution-methods/minizinc-models/withLowerBounds/direct-batch-pos-setupcosts-objective.mzn $file --time-limit 3600000 -v;../../instancesUC1withLB/mzn/57_oven_scheduling.minizinc_instance_1212-10.34.27.dzn;1;0.807149206;63563;-1;1;169.0;7.0;41.0;30.0;3609.4484;3616.9034;78750.0;singleobj-mzn-gurobi-LB-noUB;57;setupcosts
872;~/minizinc-executables/mzn-gurobi.sh $file ~/oven-scheduling-problem/solution-methods/minizinc-models/withLowerBounds/direct-batch-pos-warmstart-noUB-setupcosts-objective.mzn $1 -d $2 --time-limit 3600000 -v;../../instancesUC1withLB/mzn/57_oven_scheduling.minizinc_instance_1212-10.34.27.dzn ../../instancesUC1withLB/mzn/warmstart/57_warm_start_57RandomOvenSchedulingInstance-n50-k5-a5-WithInitialStates.dzn;1;0.944838095;74406;-1;1;198.0;6.0;48.0;31.0;3610.1457;3616.93042;78750.0;singleobj-mzn-gurobiWS-LB-noUB;57;setupcosts
873;~/opl-executable/opl.sh ~/oven-scheduling-problem/solution-methods/cp-optimizer-models/withLB/interval-repr-jobs-noUB-setupcosts.mod $file;../../instancesUC1withLB/opl/57_oven_scheduling.cpoptimizer_instance_1212-10.34.27.dat;1;7.62e-05;6;-1;1;164.0;6.0;48.0;27.0;3599.47;3600.12;78750.0;singleobj-opl-reprjob-LB-noUB;57;setupcosts
874;~/opl-executable/opl.sh ~/oven-scheduling-problem/solution-methods/cp-optimizer-models/withLB/interval-repr-jobs-warmstart-noUB-setupcosts.mod $file;../../instancesUC1withLB/opl/warmstartDataOplDec24/57_warm_start_57RandomOvenSchedulingInstance-n50-k5-a5-WithInitialStates.dat;1;7.62e-05;6;-1;1;174.0;6.0;50.0;29.0;3599.47;3600.13;78750.0;singleobj-opl-reprjob-LB-WS-noUB;57;setupcosts
875;~/minizinc-executables/mzn-gurobi.sh ~/oven-scheduling-problem/solution-methods/minizinc-models/withLowerBounds/direct-batch-pos-tardiness-objective.mzn $file --time-limit 3600000 -v;../../instancesUC1withLB/mzn/57_oven_scheduling.minizinc_instance_1212-10.34.27.dzn;1;0.652025397;51347;-1;1;246.0;79.0;32.0;46.0;3610.2209;3617.39604;78750.0;singleobj-mzn-gurobi-LB-noUB;57;tardiness
876;~/minizinc-executables/mzn-gurobi.sh $file ~/oven-scheduling-problem/solution-methods/minizinc-models/withLowerBounds/direct-batch-pos-warmstart-noUB-tardiness-objective.mzn $1 -d $2 --time-limit 3600000 -v;../../instancesUC1withLB/mzn/57_oven_scheduling.minizinc_instance_1212-10.34.27.dzn ../../instancesUC1withLB/mzn/warmstart/57_warm_start_57RandomOvenSchedulingInstance-n50-k5-a5-WithInitialStates.dzn;1;0.652342857;51372;-1;1;246.0;84.0;32.0;44.0;3610.4766;3617.30121;78750.0;singleobj-mzn-gurobiWS-LB-noUB;57;tardiness
877;~/opl-executable/opl.sh ~/oven-scheduling-problem/solution-methods/cp-optimizer-models/withLB/interval-repr-jobs-noUB-tardiness.mod $file;../../instancesUC1withLB/opl/57_oven_scheduling.cpoptimizer_instance_1212-10.34.27.dat;1;0.000406349;32;-1;1;240.0;78.0;32.0;49.0;3599.5;3600.14;78750.0;singleobj-opl-reprjob-LB-noUB;57;tardiness
878;~/opl-executable/opl.sh ~/oven-scheduling-problem/solution-methods/cp-optimizer-models/withLB/interval-repr-jobs-warmstart-noUB-tardiness.mod $file;../../instancesUC1withLB/opl/warmstartDataOplDec24/57_warm_start_57RandomOvenSchedulingInstance-n50-k5-a5-WithInitialStates.dat;1;0.000406349;32;-1;1;240.0;90.0;32.0;49.0;3599.49;3600.14;78750.0;singleobj-opl-reprjob-LB-WS-noUB;57;tardiness
879;~/minizinc-executables/mzn-gurobi.sh ~/oven-scheduling-problem/solution-methods/minizinc-models/withLowerBounds/direct-batch-pos-batchcount-objective.mzn $file --time-limit 3600000 -v;../../instancesUC1withLB/mzn/58_oven_scheduling.minizinc_instance_1212-10.34.29.dzn;1;0.963159134;1390561;-1;1;1850.0;551.0;49.0;30.0;3612.2655;3619.47037;1443750.0;singleobj-mzn-gurobi-LB-noUB;58;batchcount
880;~/minizinc-executables/mzn-gurobi.sh $file ~/oven-scheduling-problem/solution-methods/minizinc-models/withLowerBounds/direct-batch-pos-warmstart-noUB-batchcount-objective.mzn $1 -d $2 --time-limit 3600000 -v;../../instancesUC1withLB/mzn/58_oven_scheduling.minizinc_instance_1212-10.34.29.dzn ../../instancesUC1withLB/mzn/warmstart/58_warm_start_58RandomOvenSchedulingInstance-n50-k5-a5-WithInitialStates.dzn;1;0.945494026;1365057;-1;1;1963.0;527.0;48.0;30.0;3610.7453;3617.98995;1443750.0;singleobj-mzn-gurobiWS-LB-noUB;58;batchcount
881;~/opl-executable/opl.sh ~/oven-scheduling-problem/solution-methods/cp-optimizer-models/withLB/interval-repr-jobs-noUB-batchcount.mod $file;../../instancesUC1withLB/opl/58_oven_scheduling.cpoptimizer_instance_1212-10.34.29.dat;1;2.08e-05;30;-1;1;1747.0;560.0;49.0;30.0;3599.31;3600.0;1443750.0;singleobj-opl-reprjob-LB-noUB;58;batchcount
882;~/opl-executable/opl.sh ~/oven-scheduling-problem/solution-methods/cp-optimizer-models/withLB/interval-repr-jobs-warmstart-noUB-batchcount.mod $file;../../instancesUC1withLB/opl/warmstartDataOplDec24/58_warm_start_58RandomOvenSchedulingInstance-n50-k5-a5-WithInitialStates.dat;1;2.08e-05;30;-1;1;1771.0;448.0;49.0;30.0;3599.36;3600.0;1443750.0;singleobj-opl-reprjob-LB-WS-noUB;58;batchcount
883;~/minizinc-executables/mzn-gurobi.sh ~/oven-scheduling-problem/solution-methods/minizinc-models/withLowerBounds/direct-batch-pos-ovenruntime-objective.mzn $file --time-limit 3600000 -v;../../instancesUC1withLB/mzn/58_oven_scheduling.minizinc_instance_1212-10.34.29.dzn;1;0.961877056;1388710;-1;1;1747.0;570.0;49.0;30.0;3609.4972;3616.69774;1443750.0;singleobj-mzn-gurobi-LB-noUB;58;ovenruntime
884;~/minizinc-executables/mzn-gurobi.sh $file ~/oven-scheduling-problem/solution-methods/minizinc-models/withLowerBounds/direct-batch-pos-warmstart-noUB-ovenruntime-objective.mzn $1 -d $2 --time-limit 3600000 -v;../../instancesUC1withLB/mzn/58_oven_scheduling.minizinc_instance_1212-10.34.29.dzn ../../instancesUC1withLB/mzn/warmstart/58_warm_start_58RandomOvenSchedulingInstance-n50-k5-a5-WithInitialStates.dzn;1;0.923659913;1333534;-1;1;1747.0;554.0;47.0;30.0;3610.3851;3617.952;1443750.0;singleobj-mzn-gurobiWS-LB-noUB;58;ovenruntime
885;~/opl-executable/opl.sh ~/oven-scheduling-problem/solution-methods/cp-optimizer-models/withLB/interval-repr-jobs-noUB-ovenruntime.mod $file;../../instancesUC1withLB/opl/58_oven_scheduling.cpoptimizer_instance_1212-10.34.29.dat;1;0.001210043;1747;-1;1;1747.0;532.0;48.0;30.0;3599.33;3600.0;1443750.0;singleobj-opl-reprjob-LB-noUB;58;ovenruntime
886;~/opl-executable/opl.sh ~/oven-scheduling-problem/solution-methods/cp-optimizer-models/withLB/interval-repr-jobs-warmstart-noUB-ovenruntime.mod $file;../../instancesUC1withLB/opl/warmstartDataOplDec24/58_warm_start_58RandomOvenSchedulingInstance-n50-k5-a5-WithInitialStates.dat;1;0.001210043;1747;-1;1;1747.0;476.0;49.0;30.0;3599.33;3600.0;1443750.0;singleobj-opl-reprjob-LB-WS-noUB;58;ovenruntime
887;~/minizinc-executables/mzn-gurobi.sh ~/oven-scheduling-problem/solution-methods/minizinc-models/withLowerBounds/direct-batch-pos-setupcosts-objective.mzn $file --time-limit 3600000 -v;../../instancesUC1withLB/mzn/58_oven_scheduling.minizinc_instance_1212-10.34.29.dzn;1;0.943972987;1362861;-1;1;1961.0;331.0;48.0;30.0;3609.4543;3617.11434;1443750.0;singleobj-mzn-gurobi-LB-noUB;58;setupcosts
888;~/minizinc-executables/mzn-gurobi.sh $file ~/oven-scheduling-problem/solution-methods/minizinc-models/withLowerBounds/direct-batch-pos-warmstart-noUB-setupcosts-objective.mzn $1 -d $2 --time-limit 3600000 -v;../../instancesUC1withLB/mzn/58_oven_scheduling.minizinc_instance_1212-10.34.29.dzn ../../instancesUC1withLB/mzn/warmstart/58_warm_start_58RandomOvenSchedulingInstance-n50-k5-a5-WithInitialStates.dzn;1;0.961769697;1388555;-1;1;1874.0;325.0;49.0;30.0;3610.402;3617.90273;1443750.0;singleobj-mzn-gurobiWS-LB-noUB;58;setupcosts
889;~/opl-executable/opl.sh ~/oven-scheduling-problem/solution-methods/cp-optimizer-models/withLB/interval-repr-jobs-noUB-setupcosts.mod $file;../../instancesUC1withLB/opl/58_oven_scheduling.cpoptimizer_instance_1212-10.34.29.dat;1;0.000227186;328;-1;1;1839.0;328.0;50.0;31.0;3599.33;3600.0;1443750.0;singleobj-opl-reprjob-LB-noUB;58;setupcosts
890;~/opl-executable/opl.sh ~/oven-scheduling-problem/solution-methods/cp-optimizer-models/withLB/interval-repr-jobs-warmstart-noUB-setupcosts.mod $file;../../instancesUC1withLB/opl/warmstartDataOplDec24/58_warm_start_58RandomOvenSchedulingInstance-n50-k5-a5-WithInitialStates.dat;1;0.000227186;328;-1;1;1804.0;328.0;48.0;31.0;3599.39;3600.0;1443750.0;singleobj-opl-reprjob-LB-WS-noUB;58;setupcosts
891;~/minizinc-executables/mzn-gurobi.sh ~/oven-scheduling-problem/solution-methods/minizinc-models/withLowerBounds/direct-batch-pos-tardiness-objective.mzn $file --time-limit 3600000 -v;../../instancesUC1withLB/mzn/58_oven_scheduling.minizinc_instance_1212-10.34.29.dzn;1;0.881485714;1272645;-1;1;2717.0;755.0;44.0;46.0;3610.7323;3617.93802;1443750.0;singleobj-mzn-gurobi-LB-noUB;58;tardiness
892;~/minizinc-executables/mzn-gurobi.sh $file ~/oven-scheduling-problem/solution-methods/minizinc-models/withLowerBounds/direct-batch-pos-warmstart-noUB-tardiness-objective.mzn $1 -d $2 --time-limit 3600000 -v;../../instancesUC1withLB/mzn/58_oven_scheduling.minizinc_instance_1212-10.34.29.dzn ../../instancesUC1withLB/mzn/warmstart/58_warm_start_58RandomOvenSchedulingInstance-n50-k5-a5-WithInitialStates.dzn;1;0.878578701;1268448;-1;1;2511.0;748.0;44.0;45.0;3609.6368;3617.11307;1443750.0;singleobj-mzn-gurobiWS-LB-noUB;58;tardiness
893;~/opl-executable/opl.sh ~/oven-scheduling-problem/solution-methods/cp-optimizer-models/withLB/interval-repr-jobs-noUB-tardiness.mod $file;../../instancesUC1withLB/opl/58_oven_scheduling.cpoptimizer_instance_1212-10.34.29.dat;1;3.05e-05;44;-1;1;2454.0;794.0;44.0;45.0;3599.41;3600.0;1443750.0;singleobj-opl-reprjob-LB-noUB;58;tardiness
894;~/opl-executable/opl.sh ~/oven-scheduling-problem/solution-methods/cp-optimizer-models/withLB/interval-repr-jobs-warmstart-noUB-tardiness.mod $file;../../instancesUC1withLB/opl/warmstartDataOplDec24/58_warm_start_58RandomOvenSchedulingInstance-n50-k5-a5-WithInitialStates.dat;1;3.05e-05;44;-1;1;2358.0;627.0;44.0;43.0;3599.34;3600.0;1443750.0;singleobj-opl-reprjob-LB-WS-noUB;58;tardiness
895;~/minizinc-executables/mzn-gurobi.sh ~/oven-scheduling-problem/solution-methods/minizinc-models/withLowerBounds/direct-batch-pos-batchcount-objective.mzn $file --time-limit 3600000 -v;../../instancesUC1withLB/mzn/59_oven_scheduling.minizinc_instance_1212-10.34.31.dzn;1;0.960404762;6050550;-1;1;1593.0;225.0;49.0;17.0;3611.2008;3618.26536;6300000.0;singleobj-mzn-gurobi-LB-noUB;59;batchcount
896;~/minizinc-executables/mzn-gurobi.sh $file ~/oven-scheduling-problem/solution-methods/minizinc-models/withLowerBounds/direct-batch-pos-warmstart-noUB-batchcount-objective.mzn $1 -d $2 --time-limit 3600000 -v;../../instancesUC1withLB/mzn/59_oven_scheduling.minizinc_instance_1212-10.34.31.dzn ../../instancesUC1withLB/mzn/warmstart/59_warm_start_59RandomOvenSchedulingInstance-n50-k5-a5-WithInitialStates.dzn;1;0.957650794;6033200;-1;1;1413.0;238.0;49.0;17.0;3610.5918;3617.74999;6300000.0;singleobj-mzn-gurobiWS-LB-noUB;59;batchcount
897;~/opl-executable/opl.sh ~/oven-scheduling-problem/solution-methods/cp-optimizer-models/withLB/interval-repr-jobs-noUB-batchcount.mod $file;../../instancesUC1withLB/opl/59_oven_scheduling.cpoptimizer_instance_1212-10.34.31.dat;1;2.7e-06;17;-1;1;1113.0;266.0;47.0;17.0;3599.34;3600.0;6300000.0;singleobj-opl-reprjob-LB-noUB;59;batchcount
898;~/opl-executable/opl.sh ~/oven-scheduling-problem/solution-methods/cp-optimizer-models/withLB/interval-repr-jobs-warmstart-noUB-batchcount.mod $file;../../instancesUC1withLB/opl/warmstartDataOplDec24/59_warm_start_59RandomOvenSchedulingInstance-n50-k5-a5-WithInitialStates.dat;1;2.7e-06;17;-1;1;1090.0;246.0;49.0;17.0;3599.34;3600.0;6300000.0;singleobj-opl-reprjob-LB-WS-noUB;59;batchcount
899;~/minizinc-executables/mzn-gurobi.sh ~/oven-scheduling-problem/solution-methods/minizinc-models/withLowerBounds/direct-batch-pos-ovenruntime-objective.mzn $file --time-limit 3600000 -v;../../instancesUC1withLB/mzn/59_oven_scheduling.minizinc_instance_1212-10.34.31.dzn;1;0.95147619;5994300;-1;1;1016.0;254.0;49.0;18.0;3609.9207;3617.04148;6300000.0;singleobj-mzn-gurobi-LB-noUB;59;ovenruntime
900;~/minizinc-executables/mzn-gurobi.sh $file ~/oven-scheduling-problem/solution-methods/minizinc-models/withLowerBounds/direct-batch-pos-warmstart-noUB-ovenruntime-objective.mzn $1 -d $2 --time-limit 3600000 -v;../../instancesUC1withLB/mzn/59_oven_scheduling.minizinc_instance_1212-10.34.31.dzn ../../instancesUC1withLB/mzn/warmstart/59_warm_start_59RandomOvenSchedulingInstance-n50-k5-a5-WithInitialStates.dzn;1;0.951563492;5994850;-1;1;1016.0;265.0;49.0;18.0;3607.7751;3614.99887;6300000.0;singleobj-mzn-gurobiWS-LB-noUB;59;ovenruntime
901;~/opl-executable/opl.sh ~/oven-scheduling-problem/solution-methods/cp-optimizer-models/withLB/interval-repr-jobs-noUB-ovenruntime.mod $file;../../instancesUC1withLB/opl/59_oven_scheduling.cpoptimizer_instance_1212-10.34.31.dat;1;0.000161746;1019;-1;1;1019.0;247.0;50.0;17.0;3599.23;3600.0;6300000.0;singleobj-opl-reprjob-LB-noUB;59;ovenruntime
902;~/opl-executable/opl.sh ~/oven-scheduling-problem/solution-methods/cp-optimizer-models/withLB/interval-repr-jobs-warmstart-noUB-ovenruntime.mod $file;../../instancesUC1withLB/opl/warmstartDataOplDec24/59_warm_start_59RandomOvenSchedulingInstance-n50-k5-a5-WithInitialStates.dat;1;0.000161746;1019;-1;1;1019.0;262.0;49.0;17.0;3599.19;3600.0;6300000.0;singleobj-opl-reprjob-LB-WS-noUB;59;ovenruntime
903;~/minizinc-executables/mzn-gurobi.sh ~/oven-scheduling-problem/solution-methods/minizinc-models/withLowerBounds/direct-batch-pos-setupcosts-objective.mzn $file --time-limit 3600000 -v;../../instancesUC1withLB/mzn/59_oven_scheduling.minizinc_instance_1212-10.34.31.dzn;1;0.925888889;5833100;-1;1;1852.0;158.0;47.0;22.0;3610.0211;3617.4796;6300000.0;singleobj-mzn-gurobi-LB-noUB;59;setupcosts
904;~/minizinc-executables/mzn-gurobi.sh $file ~/oven-scheduling-problem/solution-methods/minizinc-models/withLowerBounds/direct-batch-pos-warmstart-noUB-setupcosts-objective.mzn $1 -d $2 --time-limit 3600000 -v;../../instancesUC1withLB/mzn/59_oven_scheduling.minizinc_instance_1212-10.34.31.dzn ../../instancesUC1withLB/mzn/warmstart/59_warm_start_59RandomOvenSchedulingInstance-n50-k5-a5-WithInitialStates.dzn;1;0.939269841;5917400;-1;1;1495.0;158.0;48.0;20.0;3610.1508;3617.73191;6300000.0;singleobj-mzn-gurobiWS-LB-noUB;59;setupcosts
905;~/opl-executable/opl.sh ~/oven-scheduling-problem/solution-methods/cp-optimizer-models/withLB/interval-repr-jobs-noUB-setupcosts.mod $file;../../instancesUC1withLB/opl/59_oven_scheduling.cpoptimizer_instance_1212-10.34.31.dat;1;2.51e-05;158;-1;1;1293.0;158.0;49.0;19.0;3599.34;3600.0;6300000.0;singleobj-opl-reprjob-LB-noUB;59;setupcosts
906;~/opl-executable/opl.sh ~/oven-scheduling-problem/solution-methods/cp-optimizer-models/withLB/interval-repr-jobs-warmstart-noUB-setupcosts.mod $file;../../instancesUC1withLB/opl/warmstartDataOplDec24/59_warm_start_59RandomOvenSchedulingInstance-n50-k5-a5-WithInitialStates.dat;1;2.51e-05;158;-1;1;1187.0;158.0;50.0;18.0;3599.33;3600.0;6300000.0;singleobj-opl-reprjob-LB-WS-noUB;59;setupcosts
907;~/minizinc-executables/mzn-gurobi.sh ~/oven-scheduling-problem/solution-methods/minizinc-models/withLowerBounds/direct-batch-pos-tardiness-objective.mzn $file --time-limit 3600000 -v;../../instancesUC1withLB/mzn/59_oven_scheduling.minizinc_instance_1212-10.34.31.dzn;1;0.914444444;5761000;-1;1;2150.0;520.0;46.0;33.0;3610.3851;3617.77283;6300000.0;singleobj-mzn-gurobi-LB-noUB;59;tardiness
908;~/minizinc-executables/mzn-gurobi.sh $file ~/oven-scheduling-problem/solution-methods/minizinc-models/withLowerBounds/direct-batch-pos-warmstart-noUB-tardiness-objective.mzn $1 -d $2 --time-limit 3600000 -v;../../instancesUC1withLB/mzn/59_oven_scheduling.minizinc_instance_1212-10.34.31.dzn ../../instancesUC1withLB/mzn/warmstart/59_warm_start_59RandomOvenSchedulingInstance-n50-k5-a5-WithInitialStates.dzn;1;0.917833333;5782350;-1;1;2356.0;535.0;46.0;39.0;3610.398;3617.86869;6300000.0;singleobj-mzn-gurobiWS-LB-noUB;59;tardiness
909;~/opl-executable/opl.sh ~/oven-scheduling-problem/solution-methods/cp-optimizer-models/withLB/interval-repr-jobs-noUB-tardiness.mod $file;../../instancesUC1withLB/opl/59_oven_scheduling.cpoptimizer_instance_1212-10.34.31.dat;1;7.3e-06;46;-1;1;1766.0;500.0;46.0;33.0;3599.33;3600.0;6300000.0;singleobj-opl-reprjob-LB-noUB;59;tardiness
910;~/opl-executable/opl.sh ~/oven-scheduling-problem/solution-methods/cp-optimizer-models/withLB/interval-repr-jobs-warmstart-noUB-tardiness.mod $file;../../instancesUC1withLB/opl/warmstartDataOplDec24/59_warm_start_59RandomOvenSchedulingInstance-n50-k5-a5-WithInitialStates.dat;1;7.3e-06;46;-1;1;1336.0;336.0;46.0;22.0;3599.34;3600.0;6300000.0;singleobj-opl-reprjob-LB-WS-noUB;59;tardiness
911;~/minizinc-executables/mzn-gurobi.sh ~/oven-scheduling-problem/solution-methods/minizinc-models/withLowerBounds/direct-batch-pos-batchcount-objective.mzn $file --time-limit 3600000 -v;../../instancesUC1withLB/mzn/60_oven_scheduling.minizinc_instance_3012-13.23.15.dzn;1;0.946241847;113116116;-1;1;1734.0;300.0;48.0;30.0;3609.4664;3616.25947;119542500.0;singleobj-mzn-gurobi-LB-noUB;60;batchcount
912;~/minizinc-executables/mzn-gurobi.sh $file ~/oven-scheduling-problem/solution-methods/minizinc-models/withLowerBounds/direct-batch-pos-warmstart-noUB-batchcount-objective.mzn $1 -d $2 --time-limit 3600000 -v;../../instancesUC1withLB/mzn/60_oven_scheduling.minizinc_instance_3012-13.23.15.dzn ../../instancesUC1withLB/mzn/warmstart/60_warm_start_60RandomOvenSchedulingInstance-n50-k5-a5-WithInitialStates.dzn;1;0.964491967;115297781;-1;1;1669.0;335.0;49.0;30.0;3609.6788;3616.50569;119542500.0;singleobj-mzn-gurobiWS-LB-noUB;60;batchcount
913;~/opl-executable/opl.sh ~/oven-scheduling-problem/solution-methods/cp-optimizer-models/withLB/interval-repr-jobs-noUB-batchcount.mod $file;../../instancesUC1withLB/opl/60_oven_scheduling.cpoptimizer_instance_3012-13.23.15.dat;1;2.51e-07;30;-1;1;1534.0;339.0;49.0;30.0;3599.33;3600.0;119542500.0;singleobj-opl-reprjob-LB-noUB;60;batchcount
914;~/opl-executable/opl.sh ~/oven-scheduling-problem/solution-methods/cp-optimizer-models/withLB/interval-repr-jobs-warmstart-noUB-batchcount.mod $file;../../instancesUC1withLB/opl/warmstartDataOplDec24/60_warm_start_60RandomOvenSchedulingInstance-n50-k5-a5-WithInitialStates.dat;1;2.51e-07;30;-1;1;1618.0;370.0;48.0;30.0;3599.29;3600.0;119542500.0;singleobj-opl-reprjob-LB-WS-noUB;60;batchcount
915;~/minizinc-executables/mzn-gurobi.sh ~/oven-scheduling-problem/solution-methods/minizinc-models/withLowerBounds/direct-batch-pos-ovenruntime-objective.mzn $file --time-limit 3600000 -v;../../instancesUC1withLB/mzn/60_oven_scheduling.minizinc_instance_3012-13.23.15.dzn;1;0.941170563;112509882;-1;1;1413.0;342.0;48.0;32.0;3609.8149;3617.03741;119542500.0;singleobj-mzn-gurobi-LB-noUB;60;ovenruntime
916;~/minizinc-executables/mzn-gurobi.sh $file ~/oven-scheduling-problem/solution-methods/minizinc-models/withLowerBounds/direct-batch-pos-warmstart-noUB-ovenruntime-objective.mzn $1 -d $2 --time-limit 3600000 -v;../../instancesUC1withLB/mzn/60_oven_scheduling.minizinc_instance_3012-13.23.15.dzn ../../instancesUC1withLB/mzn/warmstart/60_warm_start_60RandomOvenSchedulingInstance-n50-k5-a5-WithInitialStates.dzn;1;0.941034728;112493644;-1;1;1406.0;340.0;48.0;31.0;3609.3807;3616.54732;119542500.0;singleobj-mzn-gurobiWS-LB-noUB;60;ovenruntime
917;~/opl-executable/opl.sh ~/oven-scheduling-problem/solution-methods/cp-optimizer-models/withLB/interval-repr-jobs-noUB-ovenruntime.mod $file;../../instancesUC1withLB/opl/60_oven_scheduling.cpoptimizer_instance_3012-13.23.15.dat;1;1.18e-05;1411;-1;1;1411.0;305.0;49.0;31.0;3599.31;3600.0;119542500.0;singleobj-opl-reprjob-LB-noUB;60;ovenruntime
918;~/opl-executable/opl.sh ~/oven-scheduling-problem/solution-methods/cp-optimizer-models/withLB/interval-repr-jobs-warmstart-noUB-ovenruntime.mod $file;../../instancesUC1withLB/opl/warmstartDataOplDec24/60_warm_start_60RandomOvenSchedulingInstance-n50-k5-a5-WithInitialStates.dat;1;1.18e-05;1407;-1;1;1407.0;324.0;48.0;31.0;3599.19;3600.0;119542500.0;singleobj-opl-reprjob-LB-WS-noUB;60;ovenruntime
919;~/minizinc-executables/mzn-gurobi.sh ~/oven-scheduling-problem/solution-methods/minizinc-models/withLowerBounds/direct-batch-pos-setupcosts-objective.mzn $file --time-limit 3600000 -v;../../instancesUC1withLB/mzn/60_oven_scheduling.minizinc_instance_3012-13.23.15.dzn;1;0.947220587;113233117;-1;1;1868.0;151.0;48.0;38.0;3611.2919;3618.50809;119542500.0;singleobj-mzn-gurobi-LB-noUB;60;setupcosts
920;~/minizinc-executables/mzn-gurobi.sh $file ~/oven-scheduling-problem/solution-methods/minizinc-models/withLowerBounds/direct-batch-pos-warmstart-noUB-setupcosts-objective.mzn $1 -d $2 --time-limit 3600000 -v;../../instancesUC1withLB/mzn/60_oven_scheduling.minizinc_instance_3012-13.23.15.dzn ../../instancesUC1withLB/mzn/warmstart/60_warm_start_60RandomOvenSchedulingInstance-n50-k5-a5-WithInitialStates.dzn;1;0.971863011;116178934;-1;1;2201.0;146.0;49.0;35.0;3609.693;3616.54219;119542500.0;singleobj-mzn-gurobiWS-LB-noUB;60;setupcosts
921;~/opl-executable/opl.sh ~/oven-scheduling-problem/solution-methods/cp-optimizer-models/withLB/interval-repr-jobs-noUB-setupcosts.mod $file;../../instancesUC1withLB/opl/60_oven_scheduling.cpoptimizer_instance_3012-13.23.15.dat;1;1.18e-06;141;-1;1;1564.0;141.0;49.0;34.0;3599.23;3600.0;119542500.0;singleobj-opl-reprjob-LB-noUB;60;setupcosts
922;~/opl-executable/opl.sh ~/oven-scheduling-problem/solution-methods/cp-optimizer-models/withLB/interval-repr-jobs-warmstart-noUB-setupcosts.mod $file;../../instancesUC1withLB/opl/warmstartDataOplDec24/60_warm_start_60RandomOvenSchedulingInstance-n50-k5-a5-WithInitialStates.dat;1;1.3e-06;156;-1;1;1691.0;156.0;50.0;35.0;3599.34;3600.0;119542500.0;singleobj-opl-reprjob-LB-WS-noUB;60;setupcosts
923;~/minizinc-executables/mzn-gurobi.sh ~/oven-scheduling-problem/solution-methods/minizinc-models/withLowerBounds/direct-batch-pos-tardiness-objective.mzn $file --time-limit 3600000 -v;../../instancesUC1withLB/mzn/60_oven_scheduling.minizinc_instance_3012-13.23.15.dzn;1;0.822505628;98324379;-1;1;2196.0;505.0;41.0;48.0;3607.9047;3614.81075;119542500.0;singleobj-mzn-gurobi-LB-noUB;60;tardiness
924;~/minizinc-executables/mzn-gurobi.sh $file ~/oven-scheduling-problem/solution-methods/minizinc-models/withLowerBounds/direct-batch-pos-warmstart-noUB-tardiness-objective.mzn $1 -d $2 --time-limit 3600000 -v;../../instancesUC1withLB/mzn/60_oven_scheduling.minizinc_instance_3012-13.23.15.dzn ../../instancesUC1withLB/mzn/warmstart/60_warm_start_60RandomOvenSchedulingInstance-n50-k5-a5-WithInitialStates.dzn;1;0.818060606;97793010;-1;1;1980.0;414.0;41.0;42.0;3615.8363;3622.9211;119542500.0;singleobj-mzn-gurobiWS-LB-noUB;60;tardiness
925;~/opl-executable/opl.sh ~/oven-scheduling-problem/solution-methods/cp-optimizer-models/withLB/interval-repr-jobs-noUB-tardiness.mod $file;../../instancesUC1withLB/opl/60_oven_scheduling.cpoptimizer_instance_3012-13.23.15.dat;1;3.35e-07;40;-1;1;2061.0;473.0;40.0;45.0;3599.34;3600.0;119542500.0;singleobj-opl-reprjob-LB-noUB;60;tardiness
926;~/opl-executable/opl.sh ~/oven-scheduling-problem/solution-methods/cp-optimizer-models/withLB/interval-repr-jobs-warmstart-noUB-tardiness.mod $file;../../instancesUC1withLB/opl/warmstartDataOplDec24/60_warm_start_60RandomOvenSchedulingInstance-n50-k5-a5-WithInitialStates.dat;1;3.35e-07;40;-1;1;2143.0;511.0;40.0;47.0;3599.35;3600.0;119542500.0;singleobj-opl-reprjob-LB-WS-noUB;60;tardiness
927;~/minizinc-executables/mzn-gurobi.sh ~/oven-scheduling-problem/solution-methods/minizinc-models/withLowerBounds/direct-batch-pos-batchcount-objective.mzn $file --time-limit 3600000 -v;../../instancesUC1withLB/mzn/61_oven_scheduling.minizinc_instance_1212-10.34.35.dzn;1;0.963578231;424938;1;1;183.0;26.0;100.0;20.0;72.3232;81.56654;441000.0;singleobj-mzn-gurobi-LB-noUB;61;batchcount
928;~/minizinc-executables/mzn-gurobi.sh $file ~/oven-scheduling-problem/solution-methods/minizinc-models/withLowerBounds/direct-batch-pos-warmstart-noUB-batchcount-objective.mzn $1 -d $2 --time-limit 3600000 -v;../../instancesUC1withLB/mzn/61_oven_scheduling.minizinc_instance_1212-10.34.35.dzn ../../instancesUC1withLB/mzn/warmstart/61_warm_start_61RandomOvenSchedulingInstance-n100-k2-a2-WithInitialStates.dzn;1;0.964238095;425229;1;1;196.0;25.0;100.0;20.0;19.6364;28.57095;441000.0;singleobj-mzn-gurobiWS-LB-noUB;61;batchcount
929;~/opl-executable/opl.sh ~/oven-scheduling-problem/solution-methods/cp-optimizer-models/withLB/interval-repr-jobs-noUB-batchcount.mod $file;../../instancesUC1withLB/opl/61_oven_scheduling.cpoptimizer_instance_1212-10.34.35.dat;1;4.54e-05;20;-1;1;175.0;23.0;100.0;20.0;3598.08;3600.26;441000.0;singleobj-opl-reprjob-LB-noUB;61;batchcount
930;~/opl-executable/opl.sh ~/oven-scheduling-problem/solution-methods/cp-optimizer-models/withLB/interval-repr-jobs-warmstart-noUB-batchcount.mod $file;../../instancesUC1withLB/opl/warmstartDataOplDec24/61_warm_start_61RandomOvenSchedulingInstance-n100-k2-a2-WithInitialStates.dat;1;4.54e-05;20;-1;1;163.0;21.0;100.0;20.0;3597.95;3600.27;441000.0;singleobj-opl-reprjob-LB-WS-noUB;61;batchcount
931;~/minizinc-executables/mzn-gurobi.sh ~/oven-scheduling-problem/solution-methods/minizinc-models/withLowerBounds/direct-batch-pos-ovenruntime-objective.mzn $file --time-limit 3600000 -v;../../instancesUC1withLB/mzn/61_oven_scheduling.minizinc_instance_1212-10.34.35.dzn;1;0.961408163;423981;-1;1;137.0;33.0;100.0;26.0;3610.6149;3619.73357;441000.0;singleobj-mzn-gurobi-LB-noUB;61;ovenruntime
932;~/minizinc-executables/mzn-gurobi.sh $file ~/oven-scheduling-problem/solution-methods/minizinc-models/withLowerBounds/direct-batch-pos-warmstart-noUB-ovenruntime-objective.mzn $1 -d $2 --time-limit 3600000 -v;../../instancesUC1withLB/mzn/61_oven_scheduling.minizinc_instance_1212-10.34.35.dzn ../../instancesUC1withLB/mzn/warmstart/61_warm_start_61RandomOvenSchedulingInstance-n100-k2-a2-WithInitialStates.dzn;1;0.961102041;423846;-1;1;134.0;30.0;100.0;23.0;3610.5799;3619.56805;441000.0;singleobj-mzn-gurobiWS-LB-noUB;61;ovenruntime
933;~/opl-executable/opl.sh ~/oven-scheduling-problem/solution-methods/cp-optimizer-models/withLB/interval-repr-jobs-noUB-ovenruntime.mod $file;../../instancesUC1withLB/opl/61_oven_scheduling.cpoptimizer_instance_1212-10.34.35.dat;1;0.000297052;131;-1;1;131.0;25.0;100.0;20.0;3598.08;3600.26;441000.0;singleobj-opl-reprjob-LB-noUB;61;ovenruntime
934;~/opl-executable/opl.sh ~/oven-scheduling-problem/solution-methods/cp-optimizer-models/withLB/interval-repr-jobs-warmstart-noUB-ovenruntime.mod $file;../../instancesUC1withLB/opl/warmstartDataOplDec24/61_warm_start_61RandomOvenSchedulingInstance-n100-k2-a2-WithInitialStates.dat;1;0.000297052;131;-1;1;131.0;21.0;100.0;20.0;3598.04;3600.27;441000.0;singleobj-opl-reprjob-LB-WS-noUB;61;ovenruntime
935;~/minizinc-executables/mzn-gurobi.sh ~/oven-scheduling-problem/solution-methods/minizinc-models/withLowerBounds/direct-batch-pos-setupcosts-objective.mzn $file --time-limit 3600000 -v;../../instancesUC1withLB/mzn/61_oven_scheduling.minizinc_instance_1212-10.34.35.dzn;1;0.963727891;425004;1;1;191.0;20.0;100.0;20.0;304.9459;314.3994;441000.0;singleobj-mzn-gurobi-LB-noUB;61;setupcosts
936;~/minizinc-executables/mzn-gurobi.sh $file ~/oven-scheduling-problem/solution-methods/minizinc-models/withLowerBounds/direct-batch-pos-warmstart-noUB-setupcosts-objective.mzn $1 -d $2 --time-limit 3600000 -v;../../instancesUC1withLB/mzn/61_oven_scheduling.minizinc_instance_1212-10.34.35.dzn ../../instancesUC1withLB/mzn/warmstart/61_warm_start_61RandomOvenSchedulingInstance-n100-k2-a2-WithInitialStates.dzn;1;0.964217687;425220;1;1;200.0;20.0;100.0;20.0;343.5533;352.87727;441000.0;singleobj-mzn-gurobiWS-LB-noUB;61;setupcosts
937;~/opl-executable/opl.sh ~/oven-scheduling-problem/solution-methods/cp-optimizer-models/withLB/interval-repr-jobs-noUB-setupcosts.mod $file;../../instancesUC1withLB/opl/61_oven_scheduling.cpoptimizer_instance_1212-10.34.35.dat;1;4.54e-05;20;-1;1;164.0;20.0;100.0;20.0;3598.12;3600.27;441000.0;singleobj-opl-reprjob-LB-noUB;61;setupcosts
938;~/opl-executable/opl.sh ~/oven-scheduling-problem/solution-methods/cp-optimizer-models/withLB/interval-repr-jobs-warmstart-noUB-setupcosts.mod $file;../../instancesUC1withLB/opl/warmstartDataOplDec24/61_warm_start_61RandomOvenSchedulingInstance-n100-k2-a2-WithInitialStates.dat;1;4.54e-05;20;-1;1;155.0;20.0;100.0;20.0;3598.1;3600.26;441000.0;singleobj-opl-reprjob-LB-WS-noUB;61;setupcosts
939;~/minizinc-executables/mzn-gurobi.sh ~/oven-scheduling-problem/solution-methods/minizinc-models/withLowerBounds/direct-batch-pos-tardiness-objective.mzn $file --time-limit 3600000 -v;../../instancesUC1withLB/mzn/61_oven_scheduling.minizinc_instance_1212-10.34.35.dzn;1;0.965054422;425589;1;1;197.0;41.0;100.0;31.0;190.587;199.9822;441000.0;singleobj-mzn-gurobi-LB-noUB;61;tardiness
940;~/minizinc-executables/mzn-gurobi.sh $file ~/oven-scheduling-problem/solution-methods/minizinc-models/withLowerBounds/direct-batch-pos-warmstart-noUB-tardiness-objective.mzn $1 -d $2 --time-limit 3600000 -v;../../instancesUC1withLB/mzn/61_oven_scheduling.minizinc_instance_1212-10.34.35.dzn ../../instancesUC1withLB/mzn/warmstart/61_warm_start_61RandomOvenSchedulingInstance-n100-k2-a2-WithInitialStates.dzn;1;0.964911565;425526;1;1;204.0;30.0;100.0;23.0;10.7503;20.02017;441000.0;singleobj-mzn-gurobiWS-LB-noUB;61;tardiness
941;~/opl-executable/opl.sh ~/oven-scheduling-problem/solution-methods/cp-optimizer-models/withLB/interval-repr-jobs-noUB-tardiness.mod $file;../../instancesUC1withLB/opl/61_oven_scheduling.cpoptimizer_instance_1212-10.34.35.dat;1;0.000226757;100;1;1;415.0;81.0;100.0;67.0;0.45;2.58;441000.0;singleobj-opl-reprjob-LB-noUB;61;tardiness
942;~/opl-executable/opl.sh ~/oven-scheduling-problem/solution-methods/cp-optimizer-models/withLB/interval-repr-jobs-warmstart-noUB-tardiness.mod $file;../../instancesUC1withLB/opl/warmstartDataOplDec24/61_warm_start_61RandomOvenSchedulingInstance-n100-k2-a2-WithInitialStates.dat;1;0.000226757;100;1;1;206.0;31.0;100.0;23.0;0.08;2.16;441000.0;singleobj-opl-reprjob-LB-WS-noUB;61;tardiness
943;~/minizinc-executables/mzn-gurobi.sh ~/oven-scheduling-problem/solution-methods/minizinc-models/withLowerBounds/direct-batch-pos-batchcount-objective.mzn $file --time-limit 3600000 -v;../../instancesUC1withLB/mzn/62_oven_scheduling.minizinc_instance_1212-10.34.37.dzn;1;0.976067745;228136314;-1;1;2833.0;698.0;100.0;42.0;3612.0568;3622.2166;233730000.0;singleobj-mzn-gurobi-LB-noUB;62;batchcount
944;~/minizinc-executables/mzn-gurobi.sh $file ~/oven-scheduling-problem/solution-methods/minizinc-models/withLowerBounds/direct-batch-pos-warmstart-noUB-batchcount-objective.mzn $1 -d $2 --time-limit 3600000 -v;../../instancesUC1withLB/mzn/62_oven_scheduling.minizinc_instance_1212-10.34.37.dzn ../../instancesUC1withLB/mzn/warmstart/62_warm_start_62RandomOvenSchedulingInstance-n100-k2-a2-WithInitialStates.dzn;1;0.974374663;227740590;-1;1;2563.0;750.0;100.0;42.0;3613.6017;3623.46232;233730000.0;singleobj-mzn-gurobiWS-LB-noUB;62;batchcount
945;~/opl-executable/opl.sh ~/oven-scheduling-problem/solution-methods/cp-optimizer-models/withLB/interval-repr-jobs-noUB-batchcount.mod $file;../../instancesUC1withLB/opl/62_oven_scheduling.cpoptimizer_instance_1212-10.34.37.dat;1;1.8e-07;42;-1;1;2653.0;665.0;100.0;42.0;3597.81;3600.0;233730000.0;singleobj-opl-reprjob-LB-noUB;62;batchcount
946;~/opl-executable/opl.sh ~/oven-scheduling-problem/solution-methods/cp-optimizer-models/withLB/interval-repr-jobs-warmstart-noUB-batchcount.mod $file;../../instancesUC1withLB/opl/warmstartDataOplDec24/62_warm_start_62RandomOvenSchedulingInstance-n100-k2-a2-WithInitialStates.dat;1;1.8e-07;42;-1;1;2675.0;633.0;100.0;42.0;3597.67;3600.0;233730000.0;singleobj-opl-reprjob-LB-WS-noUB;62;batchcount
947;~/minizinc-executables/mzn-gurobi.sh ~/oven-scheduling-problem/solution-methods/minizinc-models/withLowerBounds/direct-batch-pos-ovenruntime-objective.mzn $file --time-limit 3600000 -v;../../instancesUC1withLB/mzn/62_oven_scheduling.minizinc_instance_1212-10.34.37.dzn;1;0.973086972;227439618;-1;1;2360.0;786.0;100.0;46.0;3610.2631;3620.3592;233730000.0;singleobj-mzn-gurobi-LB-noUB;62;ovenruntime
948;~/minizinc-executables/mzn-gurobi.sh $file ~/oven-scheduling-problem/solution-methods/minizinc-models/withLowerBounds/direct-batch-pos-warmstart-noUB-ovenruntime-objective.mzn $1 -d $2 --time-limit 3600000 -v;../../instancesUC1withLB/mzn/62_oven_scheduling.minizinc_instance_1212-10.34.37.dzn ../../instancesUC1withLB/mzn/warmstart/62_warm_start_62RandomOvenSchedulingInstance-n100-k2-a2-WithInitialStates.dzn;1;0.973107278;227444364;-1;1;2388.0;748.0;100.0;48.0;3610.8289;3620.47511;233730000.0;singleobj-mzn-gurobiWS-LB-noUB;62;ovenruntime
949;~/opl-executable/opl.sh ~/oven-scheduling-problem/solution-methods/cp-optimizer-models/withLB/interval-repr-jobs-noUB-ovenruntime.mod $file;../../instancesUC1withLB/opl/62_oven_scheduling.cpoptimizer_instance_1212-10.34.37.dat;1;1.08e-05;2533;-1;1;2533.0;686.0;100.0;44.0;3597.77;3600.0;233730000.0;singleobj-opl-reprjob-LB-noUB;62;ovenruntime
950;~/opl-executable/opl.sh ~/oven-scheduling-problem/solution-methods/cp-optimizer-models/withLB/interval-repr-jobs-warmstart-noUB-ovenruntime.mod $file;../../instancesUC1withLB/opl/warmstartDataOplDec24/62_warm_start_62RandomOvenSchedulingInstance-n100-k2-a2-WithInitialStates.dat;1;1.07e-05;2497;-1;1;2497.0;705.0;100.0;43.0;3597.79;3600.0;233730000.0;singleobj-opl-reprjob-LB-WS-noUB;62;ovenruntime
951;~/minizinc-executables/mzn-gurobi.sh ~/oven-scheduling-problem/solution-methods/minizinc-models/withLowerBounds/direct-batch-pos-setupcosts-objective.mzn $file --time-limit 3600000 -v;../../instancesUC1withLB/mzn/62_oven_scheduling.minizinc_instance_1212-10.34.37.dzn;1;0.975069362;227902962;-1;1;2763.0;594.0;100.0;42.0;3610.6975;3620.8034;233730000.0;singleobj-mzn-gurobi-LB-noUB;62;setupcosts
952;~/minizinc-executables/mzn-gurobi.sh $file ~/oven-scheduling-problem/solution-methods/minizinc-models/withLowerBounds/direct-batch-pos-warmstart-noUB-setupcosts-objective.mzn $1 -d $2 --time-limit 3600000 -v;../../instancesUC1withLB/mzn/62_oven_scheduling.minizinc_instance_1212-10.34.37.dzn ../../instancesUC1withLB/mzn/warmstart/62_warm_start_62RandomOvenSchedulingInstance-n100-k2-a2-WithInitialStates.dzn;1;0.975639802;228036291;-1;1;2847.0;587.0;100.0;42.0;3610.9588;3620.61089;233730000.0;singleobj-mzn-gurobiWS-LB-noUB;62;setupcosts
953;~/opl-executable/opl.sh ~/oven-scheduling-problem/solution-methods/cp-optimizer-models/withLB/interval-repr-jobs-noUB-setupcosts.mod $file;../../instancesUC1withLB/opl/62_oven_scheduling.cpoptimizer_instance_1212-10.34.37.dat;1;2.54e-06;594;-1;1;2715.0;594.0;100.0;43.0;3597.84;3600.0;233730000.0;singleobj-opl-reprjob-LB-noUB;62;setupcosts
954;~/opl-executable/opl.sh ~/oven-scheduling-problem/solution-methods/cp-optimizer-models/withLB/interval-repr-jobs-warmstart-noUB-setupcosts.mod $file;../../instancesUC1withLB/opl/warmstartDataOplDec24/62_warm_start_62RandomOvenSchedulingInstance-n100-k2-a2-WithInitialStates.dat;1;2.54e-06;594;-1;1;2693.0;594.0;100.0;43.0;3597.83;3600.0;233730000.0;singleobj-opl-reprjob-LB-WS-noUB;62;setupcosts
955;~/minizinc-executables/mzn-gurobi.sh ~/oven-scheduling-problem/solution-methods/minizinc-models/withLowerBounds/direct-batch-pos-tardiness-objective.mzn $file --time-limit 3600000 -v;../../instancesUC1withLB/mzn/62_oven_scheduling.minizinc_instance_1212-10.34.37.dzn;1;0.975097754;227909598;1;1;2653.0;766.0;100.0;48.0;885.5724;895.6962;233730000.0;singleobj-mzn-gurobi-LB-noUB;62;tardiness
956;~/minizinc-executables/mzn-gurobi.sh $file ~/oven-scheduling-problem/solution-methods/minizinc-models/withLowerBounds/direct-batch-pos-warmstart-noUB-tardiness-objective.mzn $1 -d $2 --time-limit 3600000 -v;../../instancesUC1withLB/mzn/62_oven_scheduling.minizinc_instance_1212-10.34.37.dzn ../../instancesUC1withLB/mzn/warmstart/62_warm_start_62RandomOvenSchedulingInstance-n100-k2-a2-WithInitialStates.dzn;1;0.976135939;228152253;1;1;2814.0;741.0;100.0;49.0;12.4834;22.21014;233730000.0;singleobj-mzn-gurobiWS-LB-noUB;62;tardiness
957;~/opl-executable/opl.sh ~/oven-scheduling-problem/solution-methods/cp-optimizer-models/withLB/interval-repr-jobs-noUB-tardiness.mod $file;../../instancesUC1withLB/opl/62_oven_scheduling.cpoptimizer_instance_1212-10.34.37.dat;1;4.28e-07;100;1;1;3713.0;1017.0;100.0;63.0;0.31;2.45;233730000.0;singleobj-opl-reprjob-LB-noUB;62;tardiness
958;~/opl-executable/opl.sh ~/oven-scheduling-problem/solution-methods/cp-optimizer-models/withLB/interval-repr-jobs-warmstart-noUB-tardiness.mod $file;../../instancesUC1withLB/opl/warmstartDataOplDec24/62_warm_start_62RandomOvenSchedulingInstance-n100-k2-a2-WithInitialStates.dat;1;4.28e-07;100;1;1;3006.0;773.0;100.0;49.0;0.07;2.17;233730000.0;singleobj-opl-reprjob-LB-WS-noUB;62;tardiness
959;~/minizinc-executables/mzn-gurobi.sh ~/oven-scheduling-problem/solution-methods/minizinc-models/withLowerBounds/direct-batch-pos-batchcount-objective.mzn $file --time-limit 3600000 -v;../../instancesUC1withLB/mzn/63_oven_scheduling.minizinc_instance_1212-10.34.39.dzn;1;0.933064743;164886536;1;1;1214.0;160.0;97.0;15.0;143.4049;152.56028;176715000.0;singleobj-mzn-gurobi-LB-noUB;63;batchcount
960;~/minizinc-executables/mzn-gurobi.sh $file ~/oven-scheduling-problem/solution-methods/minizinc-models/withLowerBounds/direct-batch-pos-warmstart-noUB-batchcount-objective.mzn $1 -d $2 --time-limit 3600000 -v;../../instancesUC1withLB/mzn/63_oven_scheduling.minizinc_instance_1212-10.34.39.dzn ../../instancesUC1withLB/mzn/warmstart/63_warm_start_63RandomOvenSchedulingInstance-n100-k2-a2-WithInitialStates.dzn;1;0.962050409;170008738;1;1;1257.0;182.0;100.0;15.0;15.5451;24.57914;176715000.0;singleobj-mzn-gurobiWS-LB-noUB;63;batchcount
961;~/opl-executable/opl.sh ~/oven-scheduling-problem/solution-methods/cp-optimizer-models/withLB/interval-repr-jobs-noUB-batchcount.mod $file;../../instancesUC1withLB/opl/63_oven_scheduling.cpoptimizer_instance_1212-10.34.39.dat;1;8.49e-08;15;-1;1;1298.0;122.0;99.0;15.0;3597.73;3600.0;176715000.0;singleobj-opl-reprjob-LB-noUB;63;batchcount
962;~/opl-executable/opl.sh ~/oven-scheduling-problem/solution-methods/cp-optimizer-models/withLB/interval-repr-jobs-warmstart-noUB-batchcount.mod $file;../../instancesUC1withLB/opl/warmstartDataOplDec24/63_warm_start_63RandomOvenSchedulingInstance-n100-k2-a2-WithInitialStates.dat;1;8.49e-08;15;-1;1;1300.0;142.0;100.0;15.0;3597.59;3600.0;176715000.0;singleobj-opl-reprjob-LB-WS-noUB;63;batchcount
963;~/minizinc-executables/mzn-gurobi.sh ~/oven-scheduling-problem/solution-methods/minizinc-models/withLowerBounds/direct-batch-pos-ovenruntime-objective.mzn $file --time-limit 3600000 -v;../../instancesUC1withLB/mzn/63_oven_scheduling.minizinc_instance_1212-10.34.39.dzn;1;0.934899278;165210726;-1;1;1294.0;402.0;97.0;36.0;3610.5329;3619.72174;176715000.0;singleobj-mzn-gurobi-LB-noUB;63;ovenruntime
964;~/minizinc-executables/mzn-gurobi.sh $file ~/oven-scheduling-problem/solution-methods/minizinc-models/withLowerBounds/direct-batch-pos-warmstart-noUB-ovenruntime-objective.mzn $1 -d $2 --time-limit 3600000 -v;../../instancesUC1withLB/mzn/63_oven_scheduling.minizinc_instance_1212-10.34.39.dzn ../../instancesUC1withLB/mzn/warmstart/63_warm_start_63RandomOvenSchedulingInstance-n100-k2-a2-WithInitialStates.dzn;1;0.931525156;164614468;-1;1;952.0;212.0;97.0;19.0;3612.555;3621.61506;176715000.0;singleobj-mzn-gurobiWS-LB-noUB;63;ovenruntime
965;~/opl-executable/opl.sh ~/oven-scheduling-problem/solution-methods/cp-optimizer-models/withLB/interval-repr-jobs-noUB-ovenruntime.mod $file;../../instancesUC1withLB/opl/63_oven_scheduling.cpoptimizer_instance_1212-10.34.39.dat;1;5.96e-06;1053;-1;1;1053.0;174.0;100.0;16.0;3597.67;3600.0;176715000.0;singleobj-opl-reprjob-LB-noUB;63;ovenruntime
966;~/opl-executable/opl.sh ~/oven-scheduling-problem/solution-methods/cp-optimizer-models/withLB/interval-repr-jobs-warmstart-noUB-ovenruntime.mod $file;../../instancesUC1withLB/opl/warmstartDataOplDec24/63_warm_start_63RandomOvenSchedulingInstance-n100-k2-a2-WithInitialStates.dat;1;5.99e-06;1059;-1;1;1059.0;172.0;99.0;16.0;3597.63;3600.0;176715000.0;singleobj-opl-reprjob-LB-WS-noUB;63;ovenruntime
967;~/minizinc-executables/mzn-gurobi.sh ~/oven-scheduling-problem/solution-methods/minizinc-models/withLowerBounds/direct-batch-pos-setupcosts-objective.mzn $file --time-limit 3600000 -v;../../instancesUC1withLB/mzn/63_oven_scheduling.minizinc_instance_1212-10.34.39.dzn;1;0.932804618;164840568;1;1;2582.0;120.0;96.0;45.0;666.4693;675.8732;176715000.0;singleobj-mzn-gurobi-LB-noUB;63;setupcosts
968;~/minizinc-executables/mzn-gurobi.sh $file ~/oven-scheduling-problem/solution-methods/minizinc-models/withLowerBounds/direct-batch-pos-warmstart-noUB-setupcosts-objective.mzn $1 -d $2 --time-limit 3600000 -v;../../instancesUC1withLB/mzn/63_oven_scheduling.minizinc_instance_1212-10.34.39.dzn ../../instancesUC1withLB/mzn/warmstart/63_warm_start_63RandomOvenSchedulingInstance-n100-k2-a2-WithInitialStates.dzn;1;0.947079942;167363232;1;1;1893.0;120.0;98.0;21.0;551.0201;560.39721;176715000.0;singleobj-mzn-gurobiWS-LB-noUB;63;setupcosts
969;~/opl-executable/opl.sh ~/oven-scheduling-problem/solution-methods/cp-optimizer-models/withLB/interval-repr-jobs-noUB-setupcosts.mod $file;../../instancesUC1withLB/opl/63_oven_scheduling.cpoptimizer_instance_1212-10.34.39.dat;1;6.79e-07;120;1;1;1395.0;120.0;100.0;19.0;1310.08;1312.33;176715000.0;singleobj-opl-reprjob-LB-noUB;63;setupcosts
970;~/opl-executable/opl.sh ~/oven-scheduling-problem/solution-methods/cp-optimizer-models/withLB/interval-repr-jobs-warmstart-noUB-setupcosts.mod $file;../../instancesUC1withLB/opl/warmstartDataOplDec24/63_warm_start_63RandomOvenSchedulingInstance-n100-k2-a2-WithInitialStates.dat;1;6.79e-07;120;1;1;1482.0;120.0;98.0;22.0;73.29;75.63;176715000.0;singleobj-opl-reprjob-LB-WS-noUB;63;setupcosts
971;~/minizinc-executables/mzn-gurobi.sh ~/oven-scheduling-problem/solution-methods/minizinc-models/withLowerBounds/direct-batch-pos-tardiness-objective.mzn $file --time-limit 3600000 -v;../../instancesUC1withLB/mzn/63_oven_scheduling.minizinc_instance_1212-10.34.39.dzn;1;0.861473016;152235204;-1;1;5401.0;948.0;86.0;83.0;3610.333;3619.95976;176715000.0;singleobj-mzn-gurobi-LB-noUB;63;tardiness
972;~/minizinc-executables/mzn-gurobi.sh $file ~/oven-scheduling-problem/solution-methods/minizinc-models/withLowerBounds/direct-batch-pos-warmstart-noUB-tardiness-objective.mzn $1 -d $2 --time-limit 3600000 -v;../../instancesUC1withLB/mzn/63_oven_scheduling.minizinc_instance_1212-10.34.39.dzn ../../instancesUC1withLB/mzn/warmstart/63_warm_start_63RandomOvenSchedulingInstance-n100-k2-a2-WithInitialStates.dzn;1;0.833948052;147371130;-1;1;1890.0;342.0;86.0;35.0;3610.6921;3619.80407;176715000.0;singleobj-mzn-gurobiWS-LB-noUB;63;tardiness
973;~/opl-executable/opl.sh ~/oven-scheduling-problem/solution-methods/cp-optimizer-models/withLB/interval-repr-jobs-noUB-tardiness.mod $file;../../instancesUC1withLB/opl/63_oven_scheduling.cpoptimizer_instance_1212-10.34.39.dat;1;4.92e-07;87;-1;1;3881.0;668.0;87.0;68.0;3597.72;3600.0;176715000.0;singleobj-opl-reprjob-LB-noUB;63;tardiness
974;~/opl-executable/opl.sh ~/oven-scheduling-problem/solution-methods/cp-optimizer-models/withLB/interval-repr-jobs-warmstart-noUB-tardiness.mod $file;../../instancesUC1withLB/opl/warmstartDataOplDec24/63_warm_start_63RandomOvenSchedulingInstance-n100-k2-a2-WithInitialStates.dat;1;4.87e-07;86;-1;1;4261.0;656.0;86.0;78.0;3597.79;3600.0;176715000.0;singleobj-opl-reprjob-LB-WS-noUB;63;tardiness
975;~/minizinc-executables/mzn-gurobi.sh ~/oven-scheduling-problem/solution-methods/minizinc-models/withLowerBounds/direct-batch-pos-batchcount-objective.mzn $file --time-limit 3600000 -v;../../instancesUC1withLB/mzn/64_oven_scheduling.minizinc_instance_1212-10.34.41.dzn;1;0.972324675;5390568;1;1;2262.0;460.0;100.0;32.0;146.3063;155.45875;5544000.0;singleobj-mzn-gurobi-LB-noUB;64;batchcount
976;~/minizinc-executables/mzn-gurobi.sh $file ~/oven-scheduling-problem/solution-methods/minizinc-models/withLowerBounds/direct-batch-pos-warmstart-noUB-batchcount-objective.mzn $1 -d $2 --time-limit 3600000 -v;../../instancesUC1withLB/mzn/64_oven_scheduling.minizinc_instance_1212-10.34.41.dzn ../../instancesUC1withLB/mzn/warmstart/64_warm_start_64RandomOvenSchedulingInstance-n100-k2-a2-WithInitialStates.dzn;1;0.971015873;5383312;1;1;2108.0;440.0;100.0;32.0;61.6949;70.68457;5544000.0;singleobj-mzn-gurobiWS-LB-noUB;64;batchcount
977;~/opl-executable/opl.sh ~/oven-scheduling-problem/solution-methods/cp-optimizer-models/withLB/interval-repr-jobs-noUB-batchcount.mod $file;../../instancesUC1withLB/opl/64_oven_scheduling.cpoptimizer_instance_1212-10.34.41.dat;1;5.77e-06;32;-1;1;2278.0;362.0;100.0;32.0;3597.75;3600.0;5544000.0;singleobj-opl-reprjob-LB-noUB;64;batchcount
978;~/opl-executable/opl.sh ~/oven-scheduling-problem/solution-methods/cp-optimizer-models/withLB/interval-repr-jobs-warmstart-noUB-batchcount.mod $file;../../instancesUC1withLB/opl/warmstartDataOplDec24/64_warm_start_64RandomOvenSchedulingInstance-n100-k2-a2-WithInitialStates.dat;1;5.77e-06;32;-1;1;2294.0;362.0;100.0;32.0;3597.69;3600.0;5544000.0;singleobj-opl-reprjob-LB-WS-noUB;64;batchcount
979;~/minizinc-executables/mzn-gurobi.sh ~/oven-scheduling-problem/solution-methods/minizinc-models/withLowerBounds/direct-batch-pos-ovenruntime-objective.mzn $file --time-limit 3600000 -v;../../instancesUC1withLB/mzn/64_oven_scheduling.minizinc_instance_1212-10.34.41.dzn;1;-1.0;-1;-1;-1;;;;;3600.6156;;;singleobj-mzn-gurobi-LB-noUB;64;ovenruntime
980;~/minizinc-executables/mzn-gurobi.sh $file ~/oven-scheduling-problem/solution-methods/minizinc-models/withLowerBounds/direct-batch-pos-warmstart-noUB-ovenruntime-objective.mzn $1 -d $2 --time-limit 3600000 -v;../../instancesUC1withLB/mzn/64_oven_scheduling.minizinc_instance_1212-10.34.41.dzn ../../instancesUC1withLB/mzn/warmstart/64_warm_start_64RandomOvenSchedulingInstance-n100-k2-a2-WithInitialStates.dzn;1;0.969857864;5376892;-1;1;1829.0;684.0;100.0;45.0;3611.7517;3620.82593;5544000.0;singleobj-mzn-gurobiWS-LB-noUB;64;ovenruntime
981;~/opl-executable/opl.sh ~/oven-scheduling-problem/solution-methods/cp-optimizer-models/withLB/interval-repr-jobs-noUB-ovenruntime.mod $file;../../instancesUC1withLB/opl/64_oven_scheduling.cpoptimizer_instance_1212-10.34.41.dat;1;0.000324675;1800;-1;1;1800.0;520.0;100.0;32.0;3597.86;3600.0;5544000.0;singleobj-opl-reprjob-LB-noUB;64;ovenruntime
982;~/opl-executable/opl.sh ~/oven-scheduling-problem/solution-methods/cp-optimizer-models/withLB/interval-repr-jobs-warmstart-noUB-ovenruntime.mod $file;../../instancesUC1withLB/opl/warmstartDataOplDec24/64_warm_start_64RandomOvenSchedulingInstance-n100-k2-a2-WithInitialStates.dat;1;0.000332071;1841;-1;1;1841.0;420.0;100.0;34.0;3597.61;3600.0;5544000.0;singleobj-opl-reprjob-LB-WS-noUB;64;ovenruntime
983;~/minizinc-executables/mzn-gurobi.sh ~/oven-scheduling-problem/solution-methods/minizinc-models/withLowerBounds/direct-batch-pos-setupcosts-objective.mzn $file --time-limit 3600000 -v;../../instancesUC1withLB/mzn/64_oven_scheduling.minizinc_instance_1212-10.34.41.dzn;1;0.976480519;5413608;1;1;2850.0;342.0;100.0;32.0;1147.883;1157.32831;5544000.0;singleobj-mzn-gurobi-LB-noUB;64;setupcosts
984;~/minizinc-executables/mzn-gurobi.sh $file ~/oven-scheduling-problem/solution-methods/minizinc-models/withLowerBounds/direct-batch-pos-warmstart-noUB-setupcosts-objective.mzn $1 -d $2 --time-limit 3600000 -v;../../instancesUC1withLB/mzn/64_oven_scheduling.minizinc_instance_1212-10.34.41.dzn ../../instancesUC1withLB/mzn/warmstart/64_warm_start_64RandomOvenSchedulingInstance-n100-k2-a2-WithInitialStates.dzn;1;0.97463925;5403400;1;1;2618.0;342.0;100.0;32.0;1913.8272;1922.91681;5544000.0;singleobj-mzn-gurobiWS-LB-noUB;64;setupcosts
985;~/opl-executable/opl.sh ~/oven-scheduling-problem/solution-methods/cp-optimizer-models/withLB/interval-repr-jobs-noUB-setupcosts.mod $file;../../instancesUC1withLB/opl/64_oven_scheduling.cpoptimizer_instance_1212-10.34.41.dat;1;6.4e-05;355;-1;1;2188.0;355.0;100.0;33.0;3597.86;3600.0;5544000.0;singleobj-opl-reprjob-LB-noUB;64;setupcosts
986;~/opl-executable/opl.sh ~/oven-scheduling-problem/solution-methods/cp-optimizer-models/withLB/interval-repr-jobs-warmstart-noUB-setupcosts.mod $file;../../instancesUC1withLB/opl/warmstartDataOplDec24/64_warm_start_64RandomOvenSchedulingInstance-n100-k2-a2-WithInitialStates.dat;1;6.64e-05;368;-1;1;2089.0;368.0;100.0;34.0;3597.8;3600.02;5544000.0;singleobj-opl-reprjob-LB-WS-noUB;64;setupcosts
987;~/minizinc-executables/mzn-gurobi.sh ~/oven-scheduling-problem/solution-methods/minizinc-models/withLowerBounds/direct-batch-pos-tardiness-objective.mzn $file --time-limit 3600000 -v;../../instancesUC1withLB/mzn/64_oven_scheduling.minizinc_instance_1212-10.34.41.dzn;1;0.976234488;5412244;1;1;2543.0;848.0;100.0;61.0;2554.5487;2563.7309;5544000.0;singleobj-mzn-gurobi-LB-noUB;64;tardiness
988;~/minizinc-executables/mzn-gurobi.sh $file ~/oven-scheduling-problem/solution-methods/minizinc-models/withLowerBounds/direct-batch-pos-warmstart-noUB-tardiness-objective.mzn $1 -d $2 --time-limit 3600000 -v;../../instancesUC1withLB/mzn/64_oven_scheduling.minizinc_instance_1212-10.34.41.dzn ../../instancesUC1withLB/mzn/warmstart/64_warm_start_64RandomOvenSchedulingInstance-n100-k2-a2-WithInitialStates.dzn;1;0.97865368;5425656;1;1;3012.0;547.0;100.0;41.0;11.8749;21.31481;5544000.0;singleobj-mzn-gurobiWS-LB-noUB;64;tardiness
989;~/opl-executable/opl.sh ~/oven-scheduling-problem/solution-methods/cp-optimizer-models/withLB/interval-repr-jobs-noUB-tardiness.mod $file;../../instancesUC1withLB/opl/64_oven_scheduling.cpoptimizer_instance_1212-10.34.41.dat;1;1.8e-05;100;1;1;4800.0;1375.0;100.0;100.0;7.32;9.62;5544000.0;singleobj-opl-reprjob-LB-noUB;64;tardiness
990;~/opl-executable/opl.sh ~/oven-scheduling-problem/solution-methods/cp-optimizer-models/withLB/interval-repr-jobs-warmstart-noUB-tardiness.mod $file;../../instancesUC1withLB/opl/warmstartDataOplDec24/64_warm_start_64RandomOvenSchedulingInstance-n100-k2-a2-WithInitialStates.dat;1;1.8e-05;100;1;1;2666.0;681.0;100.0;41.0;0.15;2.28;5544000.0;singleobj-opl-reprjob-LB-WS-noUB;64;tardiness
991;~/minizinc-executables/mzn-gurobi.sh ~/oven-scheduling-problem/solution-methods/minizinc-models/withLowerBounds/direct-batch-pos-batchcount-objective.mzn $file --time-limit 3600000 -v;../../instancesUC1withLB/mzn/65_oven_scheduling.minizinc_instance_3012-13.23.25.dzn;1;0.946231616;268733564;1;1;3519.0;1156.0;96.0;59.0;318.2348;328.2842;284004000.0;singleobj-mzn-gurobi-LB-noUB;65;batchcount
992;~/minizinc-executables/mzn-gurobi.sh $file ~/oven-scheduling-problem/solution-methods/minizinc-models/withLowerBounds/direct-batch-pos-warmstart-noUB-batchcount-objective.mzn $1 -d $2 --time-limit 3600000 -v;../../instancesUC1withLB/mzn/65_oven_scheduling.minizinc_instance_3012-13.23.25.dzn ../../instancesUC1withLB/mzn/warmstart/65_warm_start_65RandomOvenSchedulingInstance-n100-k2-a2-WithInitialStates.dzn;1;0.975102203;276932926;1;1;4808.0;1106.0;98.0;59.0;203.624;212.63788;284004000.0;singleobj-mzn-gurobiWS-LB-noUB;65;batchcount
993;~/opl-executable/opl.sh ~/oven-scheduling-problem/solution-methods/cp-optimizer-models/withLB/interval-repr-jobs-noUB-batchcount.mod $file;../../instancesUC1withLB/opl/65_oven_scheduling.cpoptimizer_instance_3012-13.23.24.dat;1;2.08e-07;59;-1;1;3492.0;952.0;96.0;59.0;3597.72;3600.0;284004000.0;singleobj-opl-reprjob-LB-noUB;65;batchcount
994;~/opl-executable/opl.sh ~/oven-scheduling-problem/solution-methods/cp-optimizer-models/withLB/interval-repr-jobs-warmstart-noUB-batchcount.mod $file;../../instancesUC1withLB/opl/warmstartDataOplDec24/65_warm_start_65RandomOvenSchedulingInstance-n100-k2-a2-WithInitialStates.dat;1;2.11e-07;60;-1;1;3552.0;1026.0;98.0;60.0;3597.58;3600.0;284004000.0;singleobj-opl-reprjob-LB-WS-noUB;65;batchcount
995;~/minizinc-executables/mzn-gurobi.sh ~/oven-scheduling-problem/solution-methods/minizinc-models/withLowerBounds/direct-batch-pos-ovenruntime-objective.mzn $file --time-limit 3600000 -v;../../instancesUC1withLB/mzn/65_oven_scheduling.minizinc_instance_3012-13.23.25.dzn;1;0.932804665;264920256;-1;1;3019.0;1152.0;95.0;64.0;3612.6241;3622.44504;284004000.0;singleobj-mzn-gurobi-LB-noUB;65;ovenruntime
996;~/minizinc-executables/mzn-gurobi.sh $file ~/oven-scheduling-problem/solution-methods/minizinc-models/withLowerBounds/direct-batch-pos-warmstart-noUB-ovenruntime-objective.mzn $1 -d $2 --time-limit 3600000 -v;../../instancesUC1withLB/mzn/65_oven_scheduling.minizinc_instance_3012-13.23.25.dzn ../../instancesUC1withLB/mzn/warmstart/65_warm_start_65RandomOvenSchedulingInstance-n100-k2-a2-WithInitialStates.dzn;1;0.951116618;270120924;-1;1;3004.0;996.0;97.0;61.0;3610.2215;3619.53751;284004000.0;singleobj-mzn-gurobiWS-LB-noUB;65;ovenruntime
997;~/opl-executable/opl.sh ~/oven-scheduling-problem/solution-methods/cp-optimizer-models/withLB/interval-repr-jobs-noUB-ovenruntime.mod $file;../../instancesUC1withLB/opl/65_oven_scheduling.cpoptimizer_instance_3012-13.23.24.dat;1;1.14e-05;3228;-1;1;3228.0;1012.0;98.0;61.0;3597.66;3600.0;284004000.0;singleobj-opl-reprjob-LB-noUB;65;ovenruntime
998;~/opl-executable/opl.sh ~/oven-scheduling-problem/solution-methods/cp-optimizer-models/withLB/interval-repr-jobs-warmstart-noUB-ovenruntime.mod $file;../../instancesUC1withLB/opl/warmstartDataOplDec24/65_warm_start_65RandomOvenSchedulingInstance-n100-k2-a2-WithInitialStates.dat;1;1.11e-05;3160;-1;1;3160.0;1138.0;90.0;61.0;3597.65;3600.0;284004000.0;singleobj-opl-reprjob-LB-WS-noUB;65;ovenruntime
999;~/minizinc-executables/mzn-gurobi.sh ~/oven-scheduling-problem/solution-methods/minizinc-models/withLowerBounds/direct-batch-pos-setupcosts-objective.mzn $file --time-limit 3600000 -v;../../instancesUC1withLB/mzn/65_oven_scheduling.minizinc_instance_3012-13.23.25.dzn;1;0.942551344;267688352;-1;1;4436.0;832.0;95.0;59.0;3613.4735;3623.31756;284004000.0;singleobj-mzn-gurobi-LB-noUB;65;setupcosts
1000;~/minizinc-executables/mzn-gurobi.sh $file ~/oven-scheduling-problem/solution-methods/minizinc-models/withLowerBounds/direct-batch-pos-warmstart-noUB-setupcosts-objective.mzn $1 -d $2 --time-limit 3600000 -v;../../instancesUC1withLB/mzn/65_oven_scheduling.minizinc_instance_3012-13.23.25.dzn ../../instancesUC1withLB/mzn/warmstart/65_warm_start_65RandomOvenSchedulingInstance-n100-k2-a2-WithInitialStates.dzn;1;0.97390379;276592572;1;1;4808.0;804.0;98.0;59.0;1067.7686;1077.38133;284004000.0;singleobj-mzn-gurobiWS-LB-noUB;65;setupcosts
1001;~/opl-executable/opl.sh ~/oven-scheduling-problem/solution-methods/cp-optimizer-models/withLB/interval-repr-jobs-noUB-setupcosts.mod $file;../../instancesUC1withLB/opl/65_oven_scheduling.cpoptimizer_instance_3012-13.23.24.dat;1;2.89e-06;822;-1;1;3675.0;822.0;97.0;60.0;3597.71;3600.0;284004000.0;singleobj-opl-reprjob-LB-noUB;65;setupcosts
1002;~/opl-executable/opl.sh ~/oven-scheduling-problem/solution-methods/cp-optimizer-models/withLB/interval-repr-jobs-warmstart-noUB-setupcosts.mod $file;../../instancesUC1withLB/opl/warmstartDataOplDec24/65_warm_start_65RandomOvenSchedulingInstance-n100-k2-a2-WithInitialStates.dat;1;2.92e-06;830;-1;1;3470.0;830.0;91.0;61.0;3597.72;3600.0;284004000.0;singleobj-opl-reprjob-LB-WS-noUB;65;setupcosts
1003;~/minizinc-executables/mzn-gurobi.sh ~/oven-scheduling-problem/solution-methods/minizinc-models/withLowerBounds/direct-batch-pos-tardiness-objective.mzn $file --time-limit 3600000 -v;../../instancesUC1withLB/mzn/65_oven_scheduling.minizinc_instance_3012-13.23.25.dzn;1;0.777102203;220700134;-1;1;4808.0;1610.0;77.0;93.0;3610.3789;3619.99056;284004000.0;singleobj-mzn-gurobi-LB-noUB;65;tardiness
1004;~/minizinc-executables/mzn-gurobi.sh $file ~/oven-scheduling-problem/solution-methods/minizinc-models/withLowerBounds/direct-batch-pos-warmstart-noUB-tardiness-objective.mzn $1 -d $2 --time-limit 3600000 -v;../../instancesUC1withLB/mzn/65_oven_scheduling.minizinc_instance_3012-13.23.25.dzn ../../instancesUC1withLB/mzn/warmstart/65_warm_start_65RandomOvenSchedulingInstance-n100-k2-a2-WithInitialStates.dzn;1;0.758356171;215376186;-1;1;4808.0;1686.0;75.0;93.0;3611.8165;3620.92553;284004000.0;singleobj-mzn-gurobiWS-LB-noUB;65;tardiness
1005;~/opl-executable/opl.sh ~/oven-scheduling-problem/solution-methods/cp-optimizer-models/withLB/interval-repr-jobs-noUB-tardiness.mod $file;../../instancesUC1withLB/opl/65_oven_scheduling.cpoptimizer_instance_3012-13.23.24.dat;1;2.39e-07;68;-1;1;3937.0;1194.0;68.0;78.0;3597.67;3600.0;284004000.0;singleobj-opl-reprjob-LB-noUB;65;tardiness
1006;~/opl-executable/opl.sh ~/oven-scheduling-problem/solution-methods/cp-optimizer-models/withLB/interval-repr-jobs-warmstart-noUB-tardiness.mod $file;../../instancesUC1withLB/opl/warmstartDataOplDec24/65_warm_start_65RandomOvenSchedulingInstance-n100-k2-a2-WithInitialStates.dat;1;2.32e-07;66;-1;1;3906.0;1278.0;66.0;80.0;3597.61;3600.0;284004000.0;singleobj-opl-reprjob-LB-WS-noUB;65;tardiness
1007;~/minizinc-executables/mzn-gurobi.sh ~/oven-scheduling-problem/solution-methods/minizinc-models/withLowerBounds/direct-batch-pos-batchcount-objective.mzn $file --time-limit 3600000 -v;../../instancesUC1withLB/mzn/66_oven_scheduling.minizinc_instance_3012-13.23.26.dzn;1;-1.0;-1;-1;-1;;;;;3601.4183;;;singleobj-mzn-gurobi-LB-noUB;66;batchcount
1008;~/minizinc-executables/mzn-gurobi.sh $file ~/oven-scheduling-problem/solution-methods/minizinc-models/withLowerBounds/direct-batch-pos-warmstart-noUB-batchcount-objective.mzn $1 -d $2 --time-limit 3600000 -v;../../instancesUC1withLB/mzn/66_oven_scheduling.minizinc_instance_3012-13.23.26.dzn ../../instancesUC1withLB/mzn/warmstart/66_warm_start_66RandomOvenSchedulingInstance-n100-k2-a5-WithInitialStates.dzn;1;0.988380952;62268;-1;1;468.0;66.0;100.0;66.0;3610.6667;3620.7731;63000.0;singleobj-mzn-gurobiWS-LB-noUB;66;batchcount
1009;~/opl-executable/opl.sh ~/oven-scheduling-problem/solution-methods/cp-optimizer-models/withLB/interval-repr-jobs-noUB-batchcount.mod $file;../../instancesUC1withLB/opl/66_oven_scheduling.cpoptimizer_instance_3012-13.23.26.dat;1;0.001047619;66;-1;1;416.0;66.0;100.0;66.0;3597.86;3600.11;63000.0;singleobj-opl-reprjob-LB-noUB;66;batchcount
1010;~/opl-executable/opl.sh ~/oven-scheduling-problem/solution-methods/cp-optimizer-models/withLB/interval-repr-jobs-warmstart-noUB-batchcount.mod $file;../../instancesUC1withLB/opl/warmstartDataOplDec24/66_warm_start_66RandomOvenSchedulingInstance-n100-k2-a5-WithInitialStates.dat;1;0.001047619;66;-1;1;422.0;66.0;100.0;66.0;3597.98;3600.1;63000.0;singleobj-opl-reprjob-LB-WS-noUB;66;batchcount
1011;~/minizinc-executables/mzn-gurobi.sh ~/oven-scheduling-problem/solution-methods/minizinc-models/withLowerBounds/direct-batch-pos-ovenruntime-objective.mzn $file --time-limit 3600000 -v;../../instancesUC1withLB/mzn/66_oven_scheduling.minizinc_instance_3012-13.23.26.dzn;1;-1.0;-1;-1;-1;;;;;3606.4119;;;singleobj-mzn-gurobi-LB-noUB;66;ovenruntime
1012;~/minizinc-executables/mzn-gurobi.sh $file ~/oven-scheduling-problem/solution-methods/minizinc-models/withLowerBounds/direct-batch-pos-warmstart-noUB-ovenruntime-objective.mzn $1 -d $2 --time-limit 3600000 -v;../../instancesUC1withLB/mzn/66_oven_scheduling.minizinc_instance_3012-13.23.26.dzn ../../instancesUC1withLB/mzn/warmstart/66_warm_start_66RandomOvenSchedulingInstance-n100-k2-a5-WithInitialStates.dzn;1;-1.0;-1;-1;-1;;;;;3599.599;;;singleobj-mzn-gurobiWS-LB-noUB;66;ovenruntime
1013;~/opl-executable/opl.sh ~/oven-scheduling-problem/solution-methods/cp-optimizer-models/withLB/interval-repr-jobs-noUB-ovenruntime.mod $file;../../instancesUC1withLB/opl/66_oven_scheduling.cpoptimizer_instance_3012-13.23.26.dat;1;0.006396825;403;-1;1;403.0;66.0;100.0;66.0;3597.93;3600.12;63000.0;singleobj-opl-reprjob-LB-noUB;66;ovenruntime
1014;~/opl-executable/opl.sh ~/oven-scheduling-problem/solution-methods/cp-optimizer-models/withLB/interval-repr-jobs-warmstart-noUB-ovenruntime.mod $file;../../instancesUC1withLB/opl/warmstartDataOplDec24/66_warm_start_66RandomOvenSchedulingInstance-n100-k2-a5-WithInitialStates.dat;1;0.006396825;403;-1;1;403.0;66.0;100.0;66.0;3597.95;3600.11;63000.0;singleobj-opl-reprjob-LB-WS-noUB;66;ovenruntime
1015;~/minizinc-executables/mzn-gurobi.sh ~/oven-scheduling-problem/solution-methods/minizinc-models/withLowerBounds/direct-batch-pos-setupcosts-objective.mzn $file --time-limit 3600000 -v;../../instancesUC1withLB/mzn/66_oven_scheduling.minizinc_instance_3012-13.23.26.dzn;1;0.985777778;62104;-1;1;427.0;66.0;100.0;66.0;3612.5488;3622.6543;63000.0;singleobj-mzn-gurobi-LB-noUB;66;setupcosts
1016;~/minizinc-executables/mzn-gurobi.sh $file ~/oven-scheduling-problem/solution-methods/minizinc-models/withLowerBounds/direct-batch-pos-warmstart-noUB-setupcosts-objective.mzn $1 -d $2 --time-limit 3600000 -v;../../instancesUC1withLB/mzn/66_oven_scheduling.minizinc_instance_3012-13.23.26.dzn ../../instancesUC1withLB/mzn/warmstart/66_warm_start_66RandomOvenSchedulingInstance-n100-k2-a5-WithInitialStates.dzn;1;0.987555556;62216;-1;1;455.0;66.0;100.0;66.0;3611.8084;3622.3867;63000.0;singleobj-mzn-gurobiWS-LB-noUB;66;setupcosts
1017;~/opl-executable/opl.sh ~/oven-scheduling-problem/solution-methods/cp-optimizer-models/withLB/interval-repr-jobs-noUB-setupcosts.mod $file;../../instancesUC1withLB/opl/66_oven_scheduling.cpoptimizer_instance_3012-13.23.26.dat;1;0.001047619;66;-1;1;411.0;66.0;100.0;66.0;3597.99;3600.1;63000.0;singleobj-opl-reprjob-LB-noUB;66;setupcosts
1018;~/opl-executable/opl.sh ~/oven-scheduling-problem/solution-methods/cp-optimizer-models/withLB/interval-repr-jobs-warmstart-noUB-setupcosts.mod $file;../../instancesUC1withLB/opl/warmstartDataOplDec24/66_warm_start_66RandomOvenSchedulingInstance-n100-k2-a5-WithInitialStates.dat;1;0.001047619;66;-1;1;422.0;66.0;100.0;66.0;3597.86;3600.11;63000.0;singleobj-opl-reprjob-LB-WS-noUB;66;setupcosts
1019;~/minizinc-executables/mzn-gurobi.sh ~/oven-scheduling-problem/solution-methods/minizinc-models/withLowerBounds/direct-batch-pos-tardiness-objective.mzn $file --time-limit 3600000 -v;../../instancesUC1withLB/mzn/66_oven_scheduling.minizinc_instance_3012-13.23.26.dzn;1;0.986285714;62136;1;1;423.0;74.0;100.0;74.0;2608.9102;2619.1717;63000.0;singleobj-mzn-gurobi-LB-noUB;66;tardiness
1020;~/minizinc-executables/mzn-gurobi.sh $file ~/oven-scheduling-problem/solution-methods/minizinc-models/withLowerBounds/direct-batch-pos-warmstart-noUB-tardiness-objective.mzn $1 -d $2 --time-limit 3600000 -v;../../instancesUC1withLB/mzn/66_oven_scheduling.minizinc_instance_3012-13.23.26.dzn ../../instancesUC1withLB/mzn/warmstart/66_warm_start_66RandomOvenSchedulingInstance-n100-k2-a5-WithInitialStates.dzn;1;0.996634921;62788;1;1;556.0;94.0;100.0;94.0;196.0773;206.3481;63000.0;singleobj-mzn-gurobiWS-LB-noUB;66;tardiness
1021;~/opl-executable/opl.sh ~/oven-scheduling-problem/solution-methods/cp-optimizer-models/withLB/interval-repr-jobs-noUB-tardiness.mod $file;../../instancesUC1withLB/opl/66_oven_scheduling.cpoptimizer_instance_3012-13.23.26.dat;1;0.001587302;100;1;1;435.0;72.0;100.0;72.0;0.08;2.2;63000.0;singleobj-opl-reprjob-LB-noUB;66;tardiness
1022;~/opl-executable/opl.sh ~/oven-scheduling-problem/solution-methods/cp-optimizer-models/withLB/interval-repr-jobs-warmstart-noUB-tardiness.mod $file;../../instancesUC1withLB/opl/warmstartDataOplDec24/66_warm_start_66RandomOvenSchedulingInstance-n100-k2-a5-WithInitialStates.dat;1;0.001587302;100;1;1;432.0;68.0;100.0;68.0;0.09;2.34;63000.0;singleobj-opl-reprjob-LB-WS-noUB;66;tardiness
1023;~/minizinc-executables/mzn-gurobi.sh ~/oven-scheduling-problem/solution-methods/minizinc-models/withLowerBounds/direct-batch-pos-batchcount-objective.mzn $file --time-limit 3600000 -v;../../instancesUC1withLB/mzn/67_oven_scheduling.minizinc_instance_1212-10.34.47.dzn;1;0.94415873;59482;1;1;148.0;45.0;98.0;15.0;68.8455;78.74659;63000.0;singleobj-mzn-gurobi-LB-noUB;67;batchcount
1024;~/minizinc-executables/mzn-gurobi.sh $file ~/oven-scheduling-problem/solution-methods/minizinc-models/withLowerBounds/direct-batch-pos-warmstart-noUB-batchcount-objective.mzn $1 -d $2 --time-limit 3600000 -v;../../instancesUC1withLB/mzn/67_oven_scheduling.minizinc_instance_1212-10.34.47.dzn ../../instancesUC1withLB/mzn/warmstart/67_warm_start_67RandomOvenSchedulingInstance-n100-k2-a5-WithInitialStates.dzn;1;0.943333333;59430;1;1;135.0;45.0;98.0;15.0;27.6736;37.98;63000.0;singleobj-mzn-gurobiWS-LB-noUB;67;batchcount
1025;~/opl-executable/opl.sh ~/oven-scheduling-problem/solution-methods/cp-optimizer-models/withLB/interval-repr-jobs-noUB-batchcount.mod $file;../../instancesUC1withLB/opl/67_oven_scheduling.cpoptimizer_instance_1212-10.34.47.dat;1;0.000238095;15;-1;1;138.0;43.0;96.0;15.0;3597.86;3600.0;63000.0;singleobj-opl-reprjob-LB-noUB;67;batchcount
1026;~/opl-executable/opl.sh ~/oven-scheduling-problem/solution-methods/cp-optimizer-models/withLB/interval-repr-jobs-warmstart-noUB-batchcount.mod $file;../../instancesUC1withLB/opl/warmstartDataOplDec24/67_warm_start_67RandomOvenSchedulingInstance-n100-k2-a5-WithInitialStates.dat;1;0.000238095;15;-1;1;132.0;43.0;96.0;15.0;3597.84;3600.0;63000.0;singleobj-opl-reprjob-LB-WS-noUB;67;batchcount
1027;~/minizinc-executables/mzn-gurobi.sh ~/oven-scheduling-problem/solution-methods/minizinc-models/withLowerBounds/direct-batch-pos-ovenruntime-objective.mzn $file --time-limit 3600000 -v;../../instancesUC1withLB/mzn/67_oven_scheduling.minizinc_instance_1212-10.34.47.dzn;1;0.937777778;59080;-1;1;170.0;100.0;97.0;38.0;3610.831;3620.63451;63000.0;singleobj-mzn-gurobi-LB-noUB;67;ovenruntime
1028;~/minizinc-executables/mzn-gurobi.sh $file ~/oven-scheduling-problem/solution-methods/minizinc-models/withLowerBounds/direct-batch-pos-warmstart-noUB-ovenruntime-objective.mzn $1 -d $2 --time-limit 3600000 -v;../../instancesUC1withLB/mzn/67_oven_scheduling.minizinc_instance_1212-10.34.47.dzn ../../instancesUC1withLB/mzn/warmstart/67_warm_start_67RandomOvenSchedulingInstance-n100-k2-a5-WithInitialStates.dzn;1;0.969365079;61070;-1;1;334.0;167.0;99.0;62.0;3610.8345;3620.50845;63000.0;singleobj-mzn-gurobiWS-LB-noUB;67;ovenruntime
1029;~/opl-executable/opl.sh ~/oven-scheduling-problem/solution-methods/cp-optimizer-models/withLB/interval-repr-jobs-noUB-ovenruntime.mod $file;../../instancesUC1withLB/opl/67_oven_scheduling.cpoptimizer_instance_1212-10.34.47.dat;1;0.001746032;110;-1;1;110.0;42.0;97.0;15.0;3597.83;3600.0;63000.0;singleobj-opl-reprjob-LB-noUB;67;ovenruntime
1030;~/opl-executable/opl.sh ~/oven-scheduling-problem/solution-methods/cp-optimizer-models/withLB/interval-repr-jobs-warmstart-noUB-ovenruntime.mod $file;../../instancesUC1withLB/opl/warmstartDataOplDec24/67_warm_start_67RandomOvenSchedulingInstance-n100-k2-a5-WithInitialStates.dat;1;0.001746032;110;-1;1;110.0;43.0;98.0;15.0;3597.7;3600.0;63000.0;singleobj-opl-reprjob-LB-WS-noUB;67;ovenruntime
1031;~/minizinc-executables/mzn-gurobi.sh ~/oven-scheduling-problem/solution-methods/minizinc-models/withLowerBounds/direct-batch-pos-setupcosts-objective.mzn $file --time-limit 3600000 -v;../../instancesUC1withLB/mzn/67_oven_scheduling.minizinc_instance_1212-10.34.47.dzn;1;0.944031746;59474;1;1;151.0;35.0;98.0;18.0;3218.4935;3228.28842;63000.0;singleobj-mzn-gurobi-LB-noUB;67;setupcosts
1032;~/minizinc-executables/mzn-gurobi.sh $file ~/oven-scheduling-problem/solution-methods/minizinc-models/withLowerBounds/direct-batch-pos-warmstart-noUB-setupcosts-objective.mzn $1 -d $2 --time-limit 3600000 -v;../../instancesUC1withLB/mzn/67_oven_scheduling.minizinc_instance_1212-10.34.47.dzn ../../instancesUC1withLB/mzn/warmstart/67_warm_start_67RandomOvenSchedulingInstance-n100-k2-a5-WithInitialStates.dzn;1;0.957333333;60312;-1;1;205.0;46.0;99.0;27.0;3610.7962;3620.39382;63000.0;singleobj-mzn-gurobiWS-LB-noUB;67;setupcosts
1033;~/opl-executable/opl.sh ~/oven-scheduling-problem/solution-methods/cp-optimizer-models/withLB/interval-repr-jobs-noUB-setupcosts.mod $file;../../instancesUC1withLB/opl/67_oven_scheduling.cpoptimizer_instance_1212-10.34.47.dat;1;0.000555556;35;1;1;138.0;35.0;99.0;18.0;3292.84;3295.11;63000.0;singleobj-opl-reprjob-LB-noUB;67;setupcosts
1034;~/opl-executable/opl.sh ~/oven-scheduling-problem/solution-methods/cp-optimizer-models/withLB/interval-repr-jobs-warmstart-noUB-setupcosts.mod $file;../../instancesUC1withLB/opl/warmstartDataOplDec24/67_warm_start_67RandomOvenSchedulingInstance-n100-k2-a5-WithInitialStates.dat;1;0.000555556;35;1;1;133.0;35.0;100.0;17.0;85.13;87.22;63000.0;singleobj-opl-reprjob-LB-WS-noUB;67;setupcosts
1035;~/minizinc-executables/mzn-gurobi.sh ~/oven-scheduling-problem/solution-methods/minizinc-models/withLowerBounds/direct-batch-pos-tardiness-objective.mzn $file --time-limit 3600000 -v;../../instancesUC1withLB/mzn/67_oven_scheduling.minizinc_instance_1212-10.34.47.dzn;1;-1.0;-1;-1;-1;;;;;3600.5402;;;singleobj-mzn-gurobi-LB-noUB;67;tardiness
1036;~/minizinc-executables/mzn-gurobi.sh $file ~/oven-scheduling-problem/solution-methods/minizinc-models/withLowerBounds/direct-batch-pos-warmstart-noUB-tardiness-objective.mzn $1 -d $2 --time-limit 3600000 -v;../../instancesUC1withLB/mzn/67_oven_scheduling.minizinc_instance_1212-10.34.47.dzn ../../instancesUC1withLB/mzn/warmstart/67_warm_start_67RandomOvenSchedulingInstance-n100-k2-a5-WithInitialStates.dzn;1;0.718349206;45256;-1;1;305.0;118.0;73.0;45.0;3610.2893;3620.15223;63000.0;singleobj-mzn-gurobiWS-LB-noUB;67;tardiness
1037;~/opl-executable/opl.sh ~/oven-scheduling-problem/solution-methods/cp-optimizer-models/withLB/interval-repr-jobs-noUB-tardiness.mod $file;../../instancesUC1withLB/opl/67_oven_scheduling.cpoptimizer_instance_1212-10.34.47.dat;1;0.001126984;71;-1;1;489.0;218.0;71.0;88.0;3597.72;3600.0;63000.0;singleobj-opl-reprjob-LB-noUB;67;tardiness
1038;~/opl-executable/opl.sh ~/oven-scheduling-problem/solution-methods/cp-optimizer-models/withLB/interval-repr-jobs-warmstart-noUB-tardiness.mod $file;../../instancesUC1withLB/opl/warmstartDataOplDec24/67_warm_start_67RandomOvenSchedulingInstance-n100-k2-a5-WithInitialStates.dat;1;0.001126984;71;-1;1;445.0;176.0;71.0;75.0;3597.86;3600.0;63000.0;singleobj-opl-reprjob-LB-WS-noUB;67;tardiness
1039;~/minizinc-executables/mzn-gurobi.sh ~/oven-scheduling-problem/solution-methods/minizinc-models/withLowerBounds/direct-batch-pos-batchcount-objective.mzn $file --time-limit 3600000 -v;../../instancesUC1withLB/mzn/68_oven_scheduling.minizinc_instance_3012-13.23.30.dzn;1;0.986583156;303781286;-1;1;4129.0;882.0;100.0;70.0;3613.9004;3624.6951;307912500.0;singleobj-mzn-gurobi-LB-noUB;68;batchcount
1040;~/minizinc-executables/mzn-gurobi.sh $file ~/oven-scheduling-problem/solution-methods/minizinc-models/withLowerBounds/direct-batch-pos-warmstart-noUB-batchcount-objective.mzn $1 -d $2 --time-limit 3600000 -v;../../instancesUC1withLB/mzn/68_oven_scheduling.minizinc_instance_3012-13.23.30.dzn ../../instancesUC1withLB/mzn/warmstart/68_warm_start_68RandomOvenSchedulingInstance-n100-k2-a5-WithInitialStates.dzn;1;0.987641606;304107196;-1;1;4235.0;952.0;100.0;70.0;3610.8905;3621.4733;307912500.0;singleobj-mzn-gurobiWS-LB-noUB;68;batchcount
1041;~/opl-executable/opl.sh ~/oven-scheduling-problem/solution-methods/cp-optimizer-models/withLB/interval-repr-jobs-noUB-batchcount.mod $file;../../instancesUC1withLB/opl/68_oven_scheduling.cpoptimizer_instance_3012-13.23.30.dat;1;2.27e-07;70;-1;1;4013.0;1126.0;100.0;70.0;3597.9;3600.0;307912500.0;singleobj-opl-reprjob-LB-noUB;68;batchcount
1042;~/opl-executable/opl.sh ~/oven-scheduling-problem/solution-methods/cp-optimizer-models/withLB/interval-repr-jobs-warmstart-noUB-batchcount.mod $file;../../instancesUC1withLB/opl/warmstartDataOplDec24/68_warm_start_68RandomOvenSchedulingInstance-n100-k2-a5-WithInitialStates.dat;1;2.27e-07;70;-1;1;3988.0;972.0;100.0;70.0;3597.84;3600.0;307912500.0;singleobj-opl-reprjob-LB-WS-noUB;68;batchcount
1043;~/minizinc-executables/mzn-gurobi.sh ~/oven-scheduling-problem/solution-methods/minizinc-models/withLowerBounds/direct-batch-pos-ovenruntime-objective.mzn $file --time-limit 3600000 -v;../../instancesUC1withLB/mzn/68_oven_scheduling.minizinc_instance_3012-13.23.30.dzn;1;-1.0;-1;-1;-1;;;;;3600.549;;;singleobj-mzn-gurobi-LB-noUB;68;ovenruntime
1044;~/minizinc-executables/mzn-gurobi.sh $file ~/oven-scheduling-problem/solution-methods/minizinc-models/withLowerBounds/direct-batch-pos-warmstart-noUB-ovenruntime-objective.mzn $1 -d $2 --time-limit 3600000 -v;../../instancesUC1withLB/mzn/68_oven_scheduling.minizinc_instance_3012-13.23.30.dzn ../../instancesUC1withLB/mzn/warmstart/68_warm_start_68RandomOvenSchedulingInstance-n100-k2-a5-WithInitialStates.dzn;1;0.984270327;303069137;-1;1;3775.0;969.0;100.0;73.0;3610.5847;3621.3072;307912500.0;singleobj-mzn-gurobiWS-LB-noUB;68;ovenruntime
1045;~/opl-executable/opl.sh ~/oven-scheduling-problem/solution-methods/cp-optimizer-models/withLB/interval-repr-jobs-noUB-ovenruntime.mod $file;../../instancesUC1withLB/opl/68_oven_scheduling.cpoptimizer_instance_3012-13.23.30.dat;1;1.24e-05;3804;-1;1;3804.0;1073.0;100.0;70.0;3597.85;3600.0;307912500.0;singleobj-opl-reprjob-LB-noUB;68;ovenruntime
1046;~/opl-executable/opl.sh ~/oven-scheduling-problem/solution-methods/cp-optimizer-models/withLB/interval-repr-jobs-warmstart-noUB-ovenruntime.mod $file;../../instancesUC1withLB/opl/warmstartDataOplDec24/68_warm_start_68RandomOvenSchedulingInstance-n100-k2-a5-WithInitialStates.dat;1;1.22e-05;3769;-1;1;3769.0;959.0;100.0;70.0;3597.83;3600.0;307912500.0;singleobj-opl-reprjob-LB-WS-noUB;68;ovenruntime
1047;~/minizinc-executables/mzn-gurobi.sh ~/oven-scheduling-problem/solution-methods/minizinc-models/withLowerBounds/direct-batch-pos-setupcosts-objective.mzn $file --time-limit 3600000 -v;../../instancesUC1withLB/mzn/68_oven_scheduling.minizinc_instance_3012-13.23.30.dzn;1;-1.0;-1;-1;-1;;;;;3601.5918;;;singleobj-mzn-gurobi-LB-noUB;68;setupcosts
1048;~/minizinc-executables/mzn-gurobi.sh $file ~/oven-scheduling-problem/solution-methods/minizinc-models/withLowerBounds/direct-batch-pos-warmstart-noUB-setupcosts-objective.mzn $1 -d $2 --time-limit 3600000 -v;../../instancesUC1withLB/mzn/68_oven_scheduling.minizinc_instance_3012-13.23.30.dzn ../../instancesUC1withLB/mzn/warmstart/68_warm_start_68RandomOvenSchedulingInstance-n100-k2-a5-WithInitialStates.dzn;1;0.987572063;304085783;-1;1;4420.0;571.0;100.0;71.0;3617.5413;3628.7468;307912500.0;singleobj-mzn-gurobiWS-LB-noUB;68;setupcosts
1049;~/opl-executable/opl.sh ~/oven-scheduling-problem/solution-methods/cp-optimizer-models/withLB/interval-repr-jobs-noUB-setupcosts.mod $file;../../instancesUC1withLB/opl/68_oven_scheduling.cpoptimizer_instance_3012-13.23.30.dat;1;1.83e-06;564;-1;1;4001.0;564.0;100.0;70.0;3597.88;3600.0;307912500.0;singleobj-opl-reprjob-LB-noUB;68;setupcosts
1050;~/opl-executable/opl.sh ~/oven-scheduling-problem/solution-methods/cp-optimizer-models/withLB/interval-repr-jobs-warmstart-noUB-setupcosts.mod $file;../../instancesUC1withLB/opl/warmstartDataOplDec24/68_warm_start_68RandomOvenSchedulingInstance-n100-k2-a5-WithInitialStates.dat;1;1.82e-06;561;-1;1;4037.0;561.0;100.0;70.0;3597.74;3600.0;307912500.0;singleobj-opl-reprjob-LB-WS-noUB;68;setupcosts
1051;~/minizinc-executables/mzn-gurobi.sh ~/oven-scheduling-problem/solution-methods/minizinc-models/withLowerBounds/direct-batch-pos-tardiness-objective.mzn $file --time-limit 3600000 -v;../../instancesUC1withLB/mzn/68_oven_scheduling.minizinc_instance_3012-13.23.30.dzn;1;-1.0;-1;-1;-1;;;;;3602.9677;;;singleobj-mzn-gurobi-LB-noUB;68;tardiness
1052;~/minizinc-executables/mzn-gurobi.sh $file ~/oven-scheduling-problem/solution-methods/minizinc-models/withLowerBounds/direct-batch-pos-warmstart-noUB-tardiness-objective.mzn $1 -d $2 --time-limit 3600000 -v;../../instancesUC1withLB/mzn/68_oven_scheduling.minizinc_instance_3012-13.23.30.dzn ../../instancesUC1withLB/mzn/warmstart/68_warm_start_68RandomOvenSchedulingInstance-n100-k2-a5-WithInitialStates.dzn;1;0.9914893;305291949;1;1;4617.0;1213.0;100.0;89.0;100.3114;110.9575;307912500.0;singleobj-mzn-gurobiWS-LB-noUB;68;tardiness
1053;~/opl-executable/opl.sh ~/oven-scheduling-problem/solution-methods/cp-optimizer-models/withLB/interval-repr-jobs-noUB-tardiness.mod $file;../../instancesUC1withLB/opl/68_oven_scheduling.cpoptimizer_instance_3012-13.23.30.dat;1;3.25e-07;100;1;1;5067.0;1337.0;100.0;98.0;2.92;5.01;307912500.0;singleobj-opl-reprjob-LB-noUB;68;tardiness
1054;~/opl-executable/opl.sh ~/oven-scheduling-problem/solution-methods/cp-optimizer-models/withLB/interval-repr-jobs-warmstart-noUB-tardiness.mod $file;../../instancesUC1withLB/opl/warmstartDataOplDec24/68_warm_start_68RandomOvenSchedulingInstance-n100-k2-a5-WithInitialStates.dat;1;3.25e-07;100;1;1;4090.0;972.0;100.0;73.0;0.12;2.2;307912500.0;singleobj-opl-reprjob-LB-WS-noUB;68;tardiness
1055;~/minizinc-executables/mzn-gurobi.sh ~/oven-scheduling-problem/solution-methods/minizinc-models/withLowerBounds/direct-batch-pos-batchcount-objective.mzn $file --time-limit 3600000 -v;../../instancesUC1withLB/mzn/69_oven_scheduling.minizinc_instance_1212-10.34.51.dzn;1;0.966397949;303400636;-1;1;2984.0;441.0;99.0;38.0;3612.1134;3622.2296;313950000.0;singleobj-mzn-gurobi-LB-noUB;69;batchcount
1056;~/minizinc-executables/mzn-gurobi.sh $file ~/oven-scheduling-problem/solution-methods/minizinc-models/withLowerBounds/direct-batch-pos-warmstart-noUB-batchcount-objective.mzn $1 -d $2 --time-limit 3600000 -v;../../instancesUC1withLB/mzn/69_oven_scheduling.minizinc_instance_1212-10.34.51.dzn ../../instancesUC1withLB/mzn/warmstart/69_warm_start_69RandomOvenSchedulingInstance-n100-k2-a5-WithInitialStates.dzn;1;0.96943033;304352652;1;1;3439.0;362.0;99.0;37.0;1568.0418;1578.828;313950000.0;singleobj-mzn-gurobiWS-LB-noUB;69;batchcount
1057;~/opl-executable/opl.sh ~/oven-scheduling-problem/solution-methods/cp-optimizer-models/withLB/interval-repr-jobs-noUB-batchcount.mod $file;../../instancesUC1withLB/opl/69_oven_scheduling.cpoptimizer_instance_1212-10.34.51.dat;1;1.18e-07;37;-1;1;2485.0;444.0;100.0;37.0;3597.65;3600.0;313950000.0;singleobj-opl-reprjob-LB-noUB;69;batchcount
1058;~/opl-executable/opl.sh ~/oven-scheduling-problem/solution-methods/cp-optimizer-models/withLB/interval-repr-jobs-warmstart-noUB-batchcount.mod $file;../../instancesUC1withLB/opl/warmstartDataOplDec24/69_warm_start_69RandomOvenSchedulingInstance-n100-k2-a5-WithInitialStates.dat;1;1.18e-07;37;-1;1;2509.0;322.0;97.0;37.0;3597.73;3600.0;313950000.0;singleobj-opl-reprjob-LB-WS-noUB;69;batchcount
1059;~/minizinc-executables/mzn-gurobi.sh ~/oven-scheduling-problem/solution-methods/minizinc-models/withLowerBounds/direct-batch-pos-ovenruntime-objective.mzn $file --time-limit 3600000 -v;../../instancesUC1withLB/mzn/69_oven_scheduling.minizinc_instance_1212-10.34.51.dzn;1;0.943149597;296101816;-1;1;2291.0;671.0;97.0;52.0;3611.4483;3621.39155;313950000.0;singleobj-mzn-gurobi-LB-noUB;69;ovenruntime
1060;~/minizinc-executables/mzn-gurobi.sh $file ~/oven-scheduling-problem/solution-methods/minizinc-models/withLowerBounds/direct-batch-pos-warmstart-noUB-ovenruntime-objective.mzn $1 -d $2 --time-limit 3600000 -v;../../instancesUC1withLB/mzn/69_oven_scheduling.minizinc_instance_1212-10.34.51.dzn ../../instancesUC1withLB/mzn/warmstart/69_warm_start_69RandomOvenSchedulingInstance-n100-k2-a5-WithInitialStates.dzn;1;0.957109158;300484420;-1;1;2845.0;770.0;98.0;68.0;3611.0931;3621.3994;313950000.0;singleobj-mzn-gurobiWS-LB-noUB;69;ovenruntime
1061;~/opl-executable/opl.sh ~/oven-scheduling-problem/solution-methods/cp-optimizer-models/withLB/interval-repr-jobs-noUB-ovenruntime.mod $file;../../instancesUC1withLB/opl/69_oven_scheduling.cpoptimizer_instance_1212-10.34.51.dat;1;7.34e-06;2303;-1;1;2303.0;372.0;98.0;40.0;3597.7;3600.0;313950000.0;singleobj-opl-reprjob-LB-noUB;69;ovenruntime
1062;~/opl-executable/opl.sh ~/oven-scheduling-problem/solution-methods/cp-optimizer-models/withLB/interval-repr-jobs-warmstart-noUB-ovenruntime.mod $file;../../instancesUC1withLB/opl/warmstartDataOplDec24/69_warm_start_69RandomOvenSchedulingInstance-n100-k2-a5-WithInitialStates.dat;1;7.29e-06;2290;-1;1;2290.0;418.0;100.0;42.0;3597.71;3600.0;313950000.0;singleobj-opl-reprjob-LB-WS-noUB;69;ovenruntime
1063;~/minizinc-executables/mzn-gurobi.sh ~/oven-scheduling-problem/solution-methods/minizinc-models/withLowerBounds/direct-batch-pos-setupcosts-objective.mzn $file --time-limit 3600000 -v;../../instancesUC1withLB/mzn/69_oven_scheduling.minizinc_instance_1212-10.34.51.dzn;1;0.980821099;307928784;-1;1;5024.0;304.0;99.0;76.0;3611.1562;3621.0252;313950000.0;singleobj-mzn-gurobi-LB-noUB;69;setupcosts
1064;~/minizinc-executables/mzn-gurobi.sh $file ~/oven-scheduling-problem/solution-methods/minizinc-models/withLowerBounds/direct-batch-pos-warmstart-noUB-setupcosts-objective.mzn $1 -d $2 --time-limit 3600000 -v;../../instancesUC1withLB/mzn/69_oven_scheduling.minizinc_instance_1212-10.34.51.dzn ../../instancesUC1withLB/mzn/warmstart/69_warm_start_69RandomOvenSchedulingInstance-n100-k2-a5-WithInitialStates.dzn;1;0.974761026;306026224;-1;1;4267.0;169.0;99.0;61.0;3611.036;3621.2477;313950000.0;singleobj-mzn-gurobiWS-LB-noUB;69;setupcosts
1065;~/opl-executable/opl.sh ~/oven-scheduling-problem/solution-methods/cp-optimizer-models/withLB/interval-repr-jobs-noUB-setupcosts.mod $file;../../instancesUC1withLB/opl/69_oven_scheduling.cpoptimizer_instance_1212-10.34.51.dat;1;4.65e-07;146;-1;1;2928.0;146.0;97.0;46.0;3597.77;3600.0;313950000.0;singleobj-opl-reprjob-LB-noUB;69;setupcosts
1066;~/opl-executable/opl.sh ~/oven-scheduling-problem/solution-methods/cp-optimizer-models/withLB/interval-repr-jobs-warmstart-noUB-setupcosts.mod $file;../../instancesUC1withLB/opl/warmstartDataOplDec24/69_warm_start_69RandomOvenSchedulingInstance-n100-k2-a5-WithInitialStates.dat;1;5.13e-07;161;-1;1;3118.0;161.0;99.0;50.0;3597.61;3600.0;313950000.0;singleobj-opl-reprjob-LB-WS-noUB;69;setupcosts
1067;~/minizinc-executables/mzn-gurobi.sh ~/oven-scheduling-problem/solution-methods/minizinc-models/withLowerBounds/direct-batch-pos-tardiness-objective.mzn $file --time-limit 3600000 -v;../../instancesUC1withLB/mzn/69_oven_scheduling.minizinc_instance_1212-10.34.51.dzn;1;0.907417729;284883796;-1;1;5120.0;851.0;91.0;85.0;3611.0472;3620.9612;313950000.0;singleobj-mzn-gurobi-LB-noUB;69;tardiness
1068;~/minizinc-executables/mzn-gurobi.sh $file ~/oven-scheduling-problem/solution-methods/minizinc-models/withLowerBounds/direct-batch-pos-warmstart-noUB-tardiness-objective.mzn $1 -d $2 --time-limit 3600000 -v;../../instancesUC1withLB/mzn/69_oven_scheduling.minizinc_instance_1212-10.34.51.dzn ../../instancesUC1withLB/mzn/warmstart/69_warm_start_69RandomOvenSchedulingInstance-n100-k2-a5-WithInitialStates.dzn;1;0.888777729;279031768;-1;1;5120.0;958.0;89.0;89.0;3611.26;3621.5163;313950000.0;singleobj-mzn-gurobiWS-LB-noUB;69;tardiness
1069;~/opl-executable/opl.sh ~/oven-scheduling-problem/solution-methods/cp-optimizer-models/withLB/interval-repr-jobs-noUB-tardiness.mod $file;../../instancesUC1withLB/opl/69_oven_scheduling.cpoptimizer_instance_1212-10.34.51.dat;1;2.74e-07;86;-1;1;5120.0;1185.0;86.0;100.0;3597.7;3600.0;313950000.0;singleobj-opl-reprjob-LB-noUB;69;tardiness
1070;~/opl-executable/opl.sh ~/oven-scheduling-problem/solution-methods/cp-optimizer-models/withLB/interval-repr-jobs-warmstart-noUB-tardiness.mod $file;../../instancesUC1withLB/opl/warmstartDataOplDec24/69_warm_start_69RandomOvenSchedulingInstance-n100-k2-a5-WithInitialStates.dat;1;2.74e-07;86;-1;1;3356.0;762.0;86.0;64.0;3597.66;3600.0;313950000.0;singleobj-opl-reprjob-LB-WS-noUB;69;tardiness
1071;~/minizinc-executables/mzn-gurobi.sh ~/oven-scheduling-problem/solution-methods/minizinc-models/withLowerBounds/direct-batch-pos-batchcount-objective.mzn $file --time-limit 3600000 -v;../../instancesUC1withLB/mzn/70_oven_scheduling.minizinc_instance_3012-13.23.34.dzn;1;0.965471062;79072080;1;1;4028.0;690.0;98.0;68.0;244.8032;255.5564;81900000.0;singleobj-mzn-gurobi-LB-noUB;70;batchcount
1072;~/minizinc-executables/mzn-gurobi.sh $file ~/oven-scheduling-problem/solution-methods/minizinc-models/withLowerBounds/direct-batch-pos-warmstart-noUB-batchcount-objective.mzn $1 -d $2 --time-limit 3600000 -v;../../instancesUC1withLB/mzn/70_oven_scheduling.minizinc_instance_3012-13.23.34.dzn ../../instancesUC1withLB/mzn/warmstart/70_warm_start_70RandomOvenSchedulingInstance-n100-k2-a5-WithInitialStates.dzn;1;0.973922637;79764264;1;1;5178.0;697.0;98.0;68.0;93.3975;104.5858;81900000.0;singleobj-mzn-gurobiWS-LB-noUB;70;batchcount
1073;~/opl-executable/opl.sh ~/oven-scheduling-problem/solution-methods/cp-optimizer-models/withLB/interval-repr-jobs-noUB-batchcount.mod $file;../../instancesUC1withLB/opl/70_oven_scheduling.cpoptimizer_instance_3012-13.23.33.dat;1;8.3e-07;68;-1;1;4024.0;721.0;97.0;68.0;3597.69;3600.0;81900000.0;singleobj-opl-reprjob-LB-noUB;70;batchcount
1074;~/opl-executable/opl.sh ~/oven-scheduling-problem/solution-methods/cp-optimizer-models/withLB/interval-repr-jobs-warmstart-noUB-batchcount.mod $file;../../instancesUC1withLB/opl/warmstartDataOplDec24/70_warm_start_70RandomOvenSchedulingInstance-n100-k2-a5-WithInitialStates.dat;1;8.3e-07;68;-1;1;3968.0;877.0;95.0;68.0;3597.83;3600.0;81900000.0;singleobj-opl-reprjob-LB-WS-noUB;70;batchcount
1075;~/minizinc-executables/mzn-gurobi.sh ~/oven-scheduling-problem/solution-methods/minizinc-models/withLowerBounds/direct-batch-pos-ovenruntime-objective.mzn $file --time-limit 3600000 -v;../../instancesUC1withLB/mzn/70_oven_scheduling.minizinc_instance_3012-13.23.34.dzn;1;0.963819487;78936816;-1;1;3801.0;693.0;98.0;72.0;3612.0905;3622.995;81900000.0;singleobj-mzn-gurobi-LB-noUB;70;ovenruntime
1076;~/minizinc-executables/mzn-gurobi.sh $file ~/oven-scheduling-problem/solution-methods/minizinc-models/withLowerBounds/direct-batch-pos-warmstart-noUB-ovenruntime-objective.mzn $1 -d $2 --time-limit 3600000 -v;../../instancesUC1withLB/mzn/70_oven_scheduling.minizinc_instance_3012-13.23.34.dzn ../../instancesUC1withLB/mzn/warmstart/70_warm_start_70RandomOvenSchedulingInstance-n100-k2-a5-WithInitialStates.dzn;1;0.935599414;76625592;-1;1;3798.0;791.0;95.0;72.0;3616.5372;3628.228;81900000.0;singleobj-mzn-gurobiWS-LB-noUB;70;ovenruntime
1077;~/opl-executable/opl.sh ~/oven-scheduling-problem/solution-methods/cp-optimizer-models/withLB/interval-repr-jobs-noUB-ovenruntime.mod $file;../../instancesUC1withLB/opl/70_oven_scheduling.cpoptimizer_instance_3012-13.23.33.dat;1;4.65e-05;3807;-1;1;3807.0;827.0;99.0;68.0;3597.74;3600.0;81900000.0;singleobj-opl-reprjob-LB-noUB;70;ovenruntime
1078;~/opl-executable/opl.sh ~/oven-scheduling-problem/solution-methods/cp-optimizer-models/withLB/interval-repr-jobs-warmstart-noUB-ovenruntime.mod $file;../../instancesUC1withLB/opl/warmstartDataOplDec24/70_warm_start_70RandomOvenSchedulingInstance-n100-k2-a5-WithInitialStates.dat;1;4.64e-05;3800;-1;1;3800.0;716.0;98.0;69.0;3597.77;3600.0;81900000.0;singleobj-opl-reprjob-LB-WS-noUB;70;ovenruntime
1079;~/minizinc-executables/mzn-gurobi.sh ~/oven-scheduling-problem/solution-methods/minizinc-models/withLowerBounds/direct-batch-pos-setupcosts-objective.mzn $file --time-limit 3600000 -v;../../instancesUC1withLB/mzn/70_oven_scheduling.minizinc_instance_3012-13.23.34.dzn;1;0.981693187;80400672;-1;1;5142.0;306.0;99.0;87.0;3611.8634;3622.5216;81900000.0;singleobj-mzn-gurobi-LB-noUB;70;setupcosts
1080;~/minizinc-executables/mzn-gurobi.sh $file ~/oven-scheduling-problem/solution-methods/minizinc-models/withLowerBounds/direct-batch-pos-warmstart-noUB-setupcosts-objective.mzn $1 -d $2 --time-limit 3600000 -v;../../instancesUC1withLB/mzn/70_oven_scheduling.minizinc_instance_3012-13.23.34.dzn ../../instancesUC1withLB/mzn/warmstart/70_warm_start_70RandomOvenSchedulingInstance-n100-k2-a5-WithInitialStates.dzn;1;0.981907399;80418216;-1;1;5178.0;293.0;99.0;84.0;3609.8292;3620.7789;81900000.0;singleobj-mzn-gurobiWS-LB-noUB;70;setupcosts
1081;~/opl-executable/opl.sh ~/oven-scheduling-problem/solution-methods/cp-optimizer-models/withLB/interval-repr-jobs-noUB-setupcosts.mod $file;../../instancesUC1withLB/opl/70_oven_scheduling.cpoptimizer_instance_3012-13.23.33.dat;1;3.37e-06;276;-1;1;4524.0;276.0;99.0;81.0;3597.84;3600.0;81900000.0;singleobj-opl-reprjob-LB-noUB;70;setupcosts
1082;~/opl-executable/opl.sh ~/oven-scheduling-problem/solution-methods/cp-optimizer-models/withLB/interval-repr-jobs-warmstart-noUB-setupcosts.mod $file;../../instancesUC1withLB/opl/warmstartDataOplDec24/70_warm_start_70RandomOvenSchedulingInstance-n100-k2-a5-WithInitialStates.dat;1;3.35e-06;274;-1;1;4337.0;274.0;100.0;79.0;3597.83;3600.0;81900000.0;singleobj-opl-reprjob-LB-WS-noUB;70;setupcosts
1083;~/minizinc-executables/mzn-gurobi.sh ~/oven-scheduling-problem/solution-methods/minizinc-models/withLowerBounds/direct-batch-pos-tardiness-objective.mzn $file --time-limit 3600000 -v;../../instancesUC1withLB/mzn/70_oven_scheduling.minizinc_instance_3012-13.23.34.dzn;1;0.841781685;68941920;-1;1;5178.0;1010.0;84.0;92.0;3610.6876;3621.1889;81900000.0;singleobj-mzn-gurobi-LB-noUB;70;tardiness
1084;~/minizinc-executables/mzn-gurobi.sh $file ~/oven-scheduling-problem/solution-methods/minizinc-models/withLowerBounds/direct-batch-pos-warmstart-noUB-tardiness-objective.mzn $1 -d $2 --time-limit 3600000 -v;../../instancesUC1withLB/mzn/70_oven_scheduling.minizinc_instance_3012-13.23.34.dzn ../../instancesUC1withLB/mzn/warmstart/70_warm_start_70RandomOvenSchedulingInstance-n100-k2-a5-WithInitialStates.dzn;1;0.81333978;66612528;-1;1;5178.0;1044.0;81.0;93.0;3612.5308;3623.0702;81900000.0;singleobj-mzn-gurobiWS-LB-noUB;70;tardiness
1085;~/opl-executable/opl.sh ~/oven-scheduling-problem/solution-methods/cp-optimizer-models/withLB/interval-repr-jobs-noUB-tardiness.mod $file;../../instancesUC1withLB/opl/70_oven_scheduling.cpoptimizer_instance_3012-13.23.33.dat;1;9.77e-07;80;-1;1;4593.0;893.0;80.0;85.0;3597.77;3600.0;81900000.0;singleobj-opl-reprjob-LB-noUB;70;tardiness
1086;~/opl-executable/opl.sh ~/oven-scheduling-problem/solution-methods/cp-optimizer-models/withLB/interval-repr-jobs-warmstart-noUB-tardiness.mod $file;../../instancesUC1withLB/opl/warmstartDataOplDec24/70_warm_start_70RandomOvenSchedulingInstance-n100-k2-a5-WithInitialStates.dat;1;9.65e-07;79;-1;1;4291.0;845.0;79.0;81.0;3597.78;3600.0;81900000.0;singleobj-opl-reprjob-LB-WS-noUB;70;tardiness
1087;~/minizinc-executables/mzn-gurobi.sh ~/oven-scheduling-problem/solution-methods/minizinc-models/withLowerBounds/direct-batch-pos-batchcount-objective.mzn $file --time-limit 3600000 -v;../../instancesUC1withLB/mzn/71_oven_scheduling.minizinc_instance_1212-10.34.55.dzn;1;0.964031746;60734;1;1;164.0;39.0;100.0;27.0;2609.3626;2634.3374;63000.0;singleobj-mzn-gurobi-LB-noUB;71;batchcount
1088;~/minizinc-executables/mzn-gurobi.sh $file ~/oven-scheduling-problem/solution-methods/minizinc-models/withLowerBounds/direct-batch-pos-warmstart-noUB-batchcount-objective.mzn $1 -d $2 --time-limit 3600000 -v;../../instancesUC1withLB/mzn/71_oven_scheduling.minizinc_instance_1212-10.34.55.dzn ../../instancesUC1withLB/mzn/warmstart/71_warm_start_71RandomOvenSchedulingInstance-n100-k5-a2-WithInitialStates.dzn;1;0.964063492;60736;-1;1;164.0;40.0;100.0;27.0;3611.7039;3636.4242;63000.0;singleobj-mzn-gurobiWS-LB-noUB;71;batchcount
1089;~/opl-executable/opl.sh ~/oven-scheduling-problem/solution-methods/cp-optimizer-models/withLB/interval-repr-jobs-noUB-batchcount.mod $file;../../instancesUC1withLB/opl/71_oven_scheduling.cpoptimizer_instance_1212-10.34.55.dat;1;0.000428571;27;-1;1;162.0;42.0;100.0;27.0;3596.94;3600.0;63000.0;singleobj-opl-reprjob-LB-noUB;71;batchcount
1090;~/opl-executable/opl.sh ~/oven-scheduling-problem/solution-methods/cp-optimizer-models/withLB/interval-repr-jobs-warmstart-noUB-batchcount.mod $file;../../instancesUC1withLB/opl/warmstartDataOplDec24/71_warm_start_71RandomOvenSchedulingInstance-n100-k5-a2-WithInitialStates.dat;1;0.000428571;27;-1;1;163.0;41.0;100.0;27.0;3596.77;3600.0;63000.0;singleobj-opl-reprjob-LB-WS-noUB;71;batchcount
1091;~/minizinc-executables/mzn-gurobi.sh ~/oven-scheduling-problem/solution-methods/minizinc-models/withLowerBounds/direct-batch-pos-ovenruntime-objective.mzn $file --time-limit 3600000 -v;../../instancesUC1withLB/mzn/71_oven_scheduling.minizinc_instance_1212-10.34.55.dzn;1;0.96384127;60722;-1;1;161.0;39.0;100.0;27.0;3612.0368;3636.6113;63000.0;singleobj-mzn-gurobi-LB-noUB;71;ovenruntime
1092;~/minizinc-executables/mzn-gurobi.sh $file ~/oven-scheduling-problem/solution-methods/minizinc-models/withLowerBounds/direct-batch-pos-warmstart-noUB-ovenruntime-objective.mzn $1 -d $2 --time-limit 3600000 -v;../../instancesUC1withLB/mzn/71_oven_scheduling.minizinc_instance_1212-10.34.55.dzn ../../instancesUC1withLB/mzn/warmstart/71_warm_start_71RandomOvenSchedulingInstance-n100-k5-a2-WithInitialStates.dzn;1;0.96384127;60722;-1;1;161.0;39.0;100.0;27.0;3611.0459;3635.7173;63000.0;singleobj-mzn-gurobiWS-LB-noUB;71;ovenruntime
1093;~/opl-executable/opl.sh ~/oven-scheduling-problem/solution-methods/cp-optimizer-models/withLB/interval-repr-jobs-noUB-ovenruntime.mod $file;../../instancesUC1withLB/opl/71_oven_scheduling.cpoptimizer_instance_1212-10.34.55.dat;1;0.002571429;162;-1;1;162.0;44.0;100.0;27.0;3596.82;3600.0;63000.0;singleobj-opl-reprjob-LB-noUB;71;ovenruntime
1094;~/opl-executable/opl.sh ~/oven-scheduling-problem/solution-methods/cp-optimizer-models/withLB/interval-repr-jobs-warmstart-noUB-ovenruntime.mod $file;../../instancesUC1withLB/opl/warmstartDataOplDec24/71_warm_start_71RandomOvenSchedulingInstance-n100-k5-a2-WithInitialStates.dat;1;0.002555556;161;-1;1;161.0;42.0;100.0;27.0;3596.8;3600.03;63000.0;singleobj-opl-reprjob-LB-WS-noUB;71;ovenruntime
1095;~/minizinc-executables/mzn-gurobi.sh ~/oven-scheduling-problem/solution-methods/minizinc-models/withLowerBounds/direct-batch-pos-setupcosts-objective.mzn $file --time-limit 3600000 -v;../../instancesUC1withLB/mzn/71_oven_scheduling.minizinc_instance_1212-10.34.55.dzn;1;-1.0;-1;-1;-1;;;;;3585.6748;;;singleobj-mzn-gurobi-LB-noUB;71;setupcosts
1096;~/minizinc-executables/mzn-gurobi.sh $file ~/oven-scheduling-problem/solution-methods/minizinc-models/withLowerBounds/direct-batch-pos-warmstart-noUB-setupcosts-objective.mzn $1 -d $2 --time-limit 3600000 -v;../../instancesUC1withLB/mzn/71_oven_scheduling.minizinc_instance_1212-10.34.55.dzn ../../instancesUC1withLB/mzn/warmstart/71_warm_start_71RandomOvenSchedulingInstance-n100-k5-a2-WithInitialStates.dzn;1;0.966190476;60870;-1;1;202.0;31.0;100.0;36.0;3613.1113;3637.7227;63000.0;singleobj-mzn-gurobiWS-LB-noUB;71;setupcosts
1097;~/opl-executable/opl.sh ~/oven-scheduling-problem/solution-methods/cp-optimizer-models/withLB/interval-repr-jobs-noUB-setupcosts.mod $file;../../instancesUC1withLB/opl/71_oven_scheduling.cpoptimizer_instance_1212-10.34.55.dat;1;0.000492063;31;-1;1;169.0;31.0;100.0;28.0;3596.89;3600.02;63000.0;singleobj-opl-reprjob-LB-noUB;71;setupcosts
1098;~/opl-executable/opl.sh ~/oven-scheduling-problem/solution-methods/cp-optimizer-models/withLB/interval-repr-jobs-warmstart-noUB-setupcosts.mod $file;../../instancesUC1withLB/opl/warmstartDataOplDec24/71_warm_start_71RandomOvenSchedulingInstance-n100-k5-a2-WithInitialStates.dat;1;0.000492063;31;-1;1;179.0;31.0;100.0;29.0;3597.02;3600.0;63000.0;singleobj-opl-reprjob-LB-WS-noUB;71;setupcosts
1099;~/minizinc-executables/mzn-gurobi.sh ~/oven-scheduling-problem/solution-methods/minizinc-models/withLowerBounds/direct-batch-pos-tardiness-objective.mzn $file --time-limit 3600000 -v;../../instancesUC1withLB/mzn/71_oven_scheduling.minizinc_instance_1212-10.34.55.dzn;1;-1.0;-1;-1;-1;;;;;3583.8889;;;singleobj-mzn-gurobi-LB-noUB;71;tardiness
1100;~/minizinc-executables/mzn-gurobi.sh $file ~/oven-scheduling-problem/solution-methods/minizinc-models/withLowerBounds/direct-batch-pos-warmstart-noUB-tardiness-objective.mzn $1 -d $2 --time-limit 3600000 -v;../../instancesUC1withLB/mzn/71_oven_scheduling.minizinc_instance_1212-10.34.55.dzn ../../instancesUC1withLB/mzn/warmstart/71_warm_start_71RandomOvenSchedulingInstance-n100-k5-a2-WithInitialStates.dzn;1;0.96631746;60878;1;1;198.0;43.0;100.0;34.0;26.7933;51.28;63000.0;singleobj-mzn-gurobiWS-LB-noUB;71;tardiness
1101;~/opl-executable/opl.sh ~/oven-scheduling-problem/solution-methods/cp-optimizer-models/withLB/interval-repr-jobs-noUB-tardiness.mod $file;../../instancesUC1withLB/opl/71_oven_scheduling.cpoptimizer_instance_1212-10.34.55.dat;1;0.001587302;100;1;1;552.0;131.0;100.0;100.0;0.34;3.52;63000.0;singleobj-opl-reprjob-LB-noUB;71;tardiness
1102;~/opl-executable/opl.sh ~/oven-scheduling-problem/solution-methods/cp-optimizer-models/withLB/interval-repr-jobs-warmstart-noUB-tardiness.mod $file;../../instancesUC1withLB/opl/warmstartDataOplDec24/71_warm_start_71RandomOvenSchedulingInstance-n100-k5-a2-WithInitialStates.dat;1;0.001587302;100;1;1;204.0;50.0;100.0;34.0;0.08;2.89;63000.0;singleobj-opl-reprjob-LB-WS-noUB;71;tardiness
1103;~/minizinc-executables/mzn-gurobi.sh ~/oven-scheduling-problem/solution-methods/minizinc-models/withLowerBounds/direct-batch-pos-batchcount-objective.mzn $file --time-limit 3600000 -v;../../instancesUC1withLB/mzn/72_oven_scheduling.minizinc_instance_1212-10.34.57.dzn;1;0.961873016;60598;-1;1;136.0;18.0;100.0;19.0;3612.4952;3637.0907;63000.0;singleobj-mzn-gurobi-LB-noUB;72;batchcount
1104;~/minizinc-executables/mzn-gurobi.sh $file ~/oven-scheduling-problem/solution-methods/minizinc-models/withLowerBounds/direct-batch-pos-warmstart-noUB-batchcount-objective.mzn $1 -d $2 --time-limit 3600000 -v;../../instancesUC1withLB/mzn/72_oven_scheduling.minizinc_instance_1212-10.34.57.dzn ../../instancesUC1withLB/mzn/warmstart/72_warm_start_72RandomOvenSchedulingInstance-n100-k5-a2-WithInitialStates.dzn;1;0.962587302;60643;-1;1;145.0;21.0;100.0;20.0;3610.6913;3635.2441;63000.0;singleobj-mzn-gurobiWS-LB-noUB;72;batchcount
1105;~/opl-executable/opl.sh ~/oven-scheduling-problem/solution-methods/cp-optimizer-models/withLB/interval-repr-jobs-noUB-batchcount.mod $file;../../instancesUC1withLB/opl/72_oven_scheduling.cpoptimizer_instance_1212-10.34.57.dat;1;0.00031746;20;-1;1;144.0;23.0;100.0;20.0;3595.49;3600.0;63000.0;singleobj-opl-reprjob-LB-noUB;72;batchcount
1106;~/opl-executable/opl.sh ~/oven-scheduling-problem/solution-methods/cp-optimizer-models/withLB/interval-repr-jobs-warmstart-noUB-batchcount.mod $file;../../instancesUC1withLB/opl/warmstartDataOplDec24/72_warm_start_72RandomOvenSchedulingInstance-n100-k5-a2-WithInitialStates.dat;1;0.000301587;19;-1;1;136.0;18.0;100.0;19.0;3595.26;3600.0;63000.0;singleobj-opl-reprjob-LB-WS-noUB;72;batchcount
1107;~/minizinc-executables/mzn-gurobi.sh ~/oven-scheduling-problem/solution-methods/minizinc-models/withLowerBounds/direct-batch-pos-ovenruntime-objective.mzn $file --time-limit 3600000 -v;../../instancesUC1withLB/mzn/72_oven_scheduling.minizinc_instance_1212-10.34.57.dzn;1;0.963063492;60673;-1;1;148.0;27.0;100.0;26.0;3614.4053;3639.2642;63000.0;singleobj-mzn-gurobi-LB-noUB;72;ovenruntime
1108;~/minizinc-executables/mzn-gurobi.sh $file ~/oven-scheduling-problem/solution-methods/minizinc-models/withLowerBounds/direct-batch-pos-warmstart-noUB-ovenruntime-objective.mzn $1 -d $2 --time-limit 3600000 -v;../../instancesUC1withLB/mzn/72_oven_scheduling.minizinc_instance_1212-10.34.57.dzn ../../instancesUC1withLB/mzn/warmstart/72_warm_start_72RandomOvenSchedulingInstance-n100-k5-a2-WithInitialStates.dzn;1;0.963603175;60707;-1;1;155.0;29.0;100.0;26.0;3611.76;3636.6532;63000.0;singleobj-mzn-gurobiWS-LB-noUB;72;ovenruntime
1109;~/opl-executable/opl.sh ~/oven-scheduling-problem/solution-methods/cp-optimizer-models/withLB/interval-repr-jobs-noUB-ovenruntime.mod $file;../../instancesUC1withLB/opl/72_oven_scheduling.cpoptimizer_instance_1212-10.34.57.dat;1;0.00215873;136;-1;1;136.0;22.0;100.0;20.0;3595.0;3600.0;63000.0;singleobj-opl-reprjob-LB-noUB;72;ovenruntime
1110;~/opl-executable/opl.sh ~/oven-scheduling-problem/solution-methods/cp-optimizer-models/withLB/interval-repr-jobs-warmstart-noUB-ovenruntime.mod $file;../../instancesUC1withLB/opl/warmstartDataOplDec24/72_warm_start_72RandomOvenSchedulingInstance-n100-k5-a2-WithInitialStates.dat;1;0.00215873;136;-1;1;136.0;20.0;100.0;20.0;3595.45;3600.0;63000.0;singleobj-opl-reprjob-LB-WS-noUB;72;ovenruntime
1111;~/minizinc-executables/mzn-gurobi.sh ~/oven-scheduling-problem/solution-methods/minizinc-models/withLowerBounds/direct-batch-pos-setupcosts-objective.mzn $file --time-limit 3600000 -v;../../instancesUC1withLB/mzn/72_oven_scheduling.minizinc_instance_1212-10.34.57.dzn;1;0.975650794;61466;-1;1;353.0;18.0;100.0;53.0;3612.8825;3637.9603;63000.0;singleobj-mzn-gurobi-LB-noUB;72;setupcosts
1112;~/minizinc-executables/mzn-gurobi.sh $file ~/oven-scheduling-problem/solution-methods/minizinc-models/withLowerBounds/direct-batch-pos-warmstart-noUB-setupcosts-objective.mzn $1 -d $2 --time-limit 3600000 -v;../../instancesUC1withLB/mzn/72_oven_scheduling.minizinc_instance_1212-10.34.57.dzn ../../instancesUC1withLB/mzn/warmstart/72_warm_start_72RandomOvenSchedulingInstance-n100-k5-a2-WithInitialStates.dzn;1;0.969714286;61092;1;1;261.0;16.0;100.0;40.0;1094.1242;1120.0887;63000.0;singleobj-mzn-gurobiWS-LB-noUB;72;setupcosts
1113;~/opl-executable/opl.sh ~/oven-scheduling-problem/solution-methods/cp-optimizer-models/withLB/interval-repr-jobs-noUB-setupcosts.mod $file;../../instancesUC1withLB/opl/72_oven_scheduling.cpoptimizer_instance_1212-10.34.57.dat;1;0.000285714;18;-1;1;215.0;18.0;100.0;35.0;3595.56;3600.0;63000.0;singleobj-opl-reprjob-LB-noUB;72;setupcosts
1114;~/opl-executable/opl.sh ~/oven-scheduling-problem/solution-methods/cp-optimizer-models/withLB/interval-repr-jobs-warmstart-noUB-setupcosts.mod $file;../../instancesUC1withLB/opl/warmstartDataOplDec24/72_warm_start_72RandomOvenSchedulingInstance-n100-k5-a2-WithInitialStates.dat;1;0.000285714;18;-1;1;201.0;18.0;100.0;31.0;3595.63;3600.08;63000.0;singleobj-opl-reprjob-LB-WS-noUB;72;setupcosts
1115;~/minizinc-executables/mzn-gurobi.sh ~/oven-scheduling-problem/solution-methods/minizinc-models/withLowerBounds/direct-batch-pos-tardiness-objective.mzn $file --time-limit 3600000 -v;../../instancesUC1withLB/mzn/72_oven_scheduling.minizinc_instance_1212-10.34.57.dzn;1;0.989365079;62330;1;1;512.0;94.0;100.0;89.0;729.3721;753.9746;63000.0;singleobj-mzn-gurobi-LB-noUB;72;tardiness
1116;~/minizinc-executables/mzn-gurobi.sh $file ~/oven-scheduling-problem/solution-methods/minizinc-models/withLowerBounds/direct-batch-pos-warmstart-noUB-tardiness-objective.mzn $1 -d $2 --time-limit 3600000 -v;../../instancesUC1withLB/mzn/72_oven_scheduling.minizinc_instance_1212-10.34.57.dzn ../../instancesUC1withLB/mzn/warmstart/72_warm_start_72RandomOvenSchedulingInstance-n100-k5-a2-WithInitialStates.dzn;1;0.967333333;60942;1;1;207.0;38.0;100.0;35.0;27.66;52.2407;63000.0;singleobj-mzn-gurobiWS-LB-noUB;72;tardiness
1117;~/opl-executable/opl.sh ~/oven-scheduling-problem/solution-methods/cp-optimizer-models/withLB/interval-repr-jobs-noUB-tardiness.mod $file;../../instancesUC1withLB/opl/72_oven_scheduling.cpoptimizer_instance_1212-10.34.57.dat;1;0.001587302;100;1;1;460.0;82.0;100.0;75.0;1.63;6.06;63000.0;singleobj-opl-reprjob-LB-noUB;72;tardiness
1118;~/opl-executable/opl.sh ~/oven-scheduling-problem/solution-methods/cp-optimizer-models/withLB/interval-repr-jobs-warmstart-noUB-tardiness.mod $file;../../instancesUC1withLB/opl/warmstartDataOplDec24/72_warm_start_72RandomOvenSchedulingInstance-n100-k5-a2-WithInitialStates.dat;1;0.001587302;100;1;1;246.0;36.0;100.0;35.0;0.38;4.36;63000.0;singleobj-opl-reprjob-LB-WS-noUB;72;tardiness
1119;~/minizinc-executables/mzn-gurobi.sh ~/oven-scheduling-problem/solution-methods/minizinc-models/withLowerBounds/direct-batch-pos-batchcount-objective.mzn $file --time-limit 3600000 -v;../../instancesUC1withLB/mzn/73_oven_scheduling.minizinc_instance_3012-13.23.39.dzn;1;0.781619048;49242;-1;1;378.0;165.0;79.0;55.0;3615.1139;3639.0669;63000.0;singleobj-mzn-gurobi-LB-noUB;73;batchcount
1120;~/minizinc-executables/mzn-gurobi.sh $file ~/oven-scheduling-problem/solution-methods/minizinc-models/withLowerBounds/direct-batch-pos-warmstart-noUB-batchcount-objective.mzn $1 -d $2 --time-limit 3600000 -v;../../instancesUC1withLB/mzn/73_oven_scheduling.minizinc_instance_3012-13.23.39.dzn ../../instancesUC1withLB/mzn/warmstart/73_warm_start_73RandomOvenSchedulingInstance-n100-k5-a2-WithInitialStates.dzn;1;0.930380952;58614;-1;1;471.0;165.0;94.0;55.0;3614.2866;3638.5479;63000.0;singleobj-mzn-gurobiWS-LB-noUB;73;batchcount
1121;~/opl-executable/opl.sh ~/oven-scheduling-problem/solution-methods/cp-optimizer-models/withLB/interval-repr-jobs-noUB-batchcount.mod $file;../../instancesUC1withLB/opl/73_oven_scheduling.cpoptimizer_instance_3012-13.23.39.dat;1;0.000904762;57;-1;1;389.0;171.0;99.0;57.0;3595.77;3600.29;63000.0;singleobj-opl-reprjob-LB-noUB;73;batchcount
1122;~/opl-executable/opl.sh ~/oven-scheduling-problem/solution-methods/cp-optimizer-models/withLB/interval-repr-jobs-warmstart-noUB-batchcount.mod $file;../../instancesUC1withLB/opl/warmstartDataOplDec24/73_warm_start_73RandomOvenSchedulingInstance-n100-k5-a2-WithInitialStates.dat;1;0.000904762;57;-1;1;389.0;171.0;91.0;57.0;3595.93;3600.29;63000.0;singleobj-opl-reprjob-LB-WS-noUB;73;batchcount
1123;~/minizinc-executables/mzn-gurobi.sh ~/oven-scheduling-problem/solution-methods/minizinc-models/withLowerBounds/direct-batch-pos-ovenruntime-objective.mzn $file --time-limit 3600000 -v;../../instancesUC1withLB/mzn/73_oven_scheduling.minizinc_instance_3012-13.23.39.dzn;1;0.779936508;49136;-1;1;338.0;192.0;79.0;64.0;3609.0821;3632.2783;63000.0;singleobj-mzn-gurobi-LB-noUB;73;ovenruntime
1124;~/minizinc-executables/mzn-gurobi.sh $file ~/oven-scheduling-problem/solution-methods/minizinc-models/withLowerBounds/direct-batch-pos-warmstart-noUB-ovenruntime-objective.mzn $1 -d $2 --time-limit 3600000 -v;../../instancesUC1withLB/mzn/73_oven_scheduling.minizinc_instance_3012-13.23.39.dzn ../../instancesUC1withLB/mzn/warmstart/73_warm_start_73RandomOvenSchedulingInstance-n100-k5-a2-WithInitialStates.dzn;1;0.912;57456;-1;1;327.0;174.0;93.0;58.0;3611.4401;3634.8795;63000.0;singleobj-mzn-gurobiWS-LB-noUB;73;ovenruntime
1125;~/opl-executable/opl.sh ~/oven-scheduling-problem/solution-methods/cp-optimizer-models/withLB/interval-repr-jobs-noUB-ovenruntime.mod $file;../../instancesUC1withLB/opl/73_oven_scheduling.cpoptimizer_instance_3012-13.23.39.dat;1;0.005301587;334;-1;1;334.0;174.0;93.0;58.0;3595.94;3600.29;63000.0;singleobj-opl-reprjob-LB-noUB;73;ovenruntime
1126;~/opl-executable/opl.sh ~/oven-scheduling-problem/solution-methods/cp-optimizer-models/withLB/interval-repr-jobs-warmstart-noUB-ovenruntime.mod $file;../../instancesUC1withLB/opl/warmstartDataOplDec24/73_warm_start_73RandomOvenSchedulingInstance-n100-k5-a2-WithInitialStates.dat;1;0.00531746;335;-1;1;335.0;177.0;79.0;59.0;3595.99;3600.29;63000.0;singleobj-opl-reprjob-LB-WS-noUB;73;ovenruntime
1127;~/minizinc-executables/mzn-gurobi.sh ~/oven-scheduling-problem/solution-methods/minizinc-models/withLowerBounds/direct-batch-pos-setupcosts-objective.mzn $file --time-limit 3600000 -v;../../instancesUC1withLB/mzn/73_oven_scheduling.minizinc_instance_3012-13.23.39.dzn;1;0.783079365;49334;-1;1;401.0;165.0;79.0;55.0;3612.9231;3635.8337;63000.0;singleobj-mzn-gurobi-LB-noUB;73;setupcosts
1128;~/minizinc-executables/mzn-gurobi.sh $file ~/oven-scheduling-problem/solution-methods/minizinc-models/withLowerBounds/direct-batch-pos-warmstart-noUB-setupcosts-objective.mzn $1 -d $2 --time-limit 3600000 -v;../../instancesUC1withLB/mzn/73_oven_scheduling.minizinc_instance_3012-13.23.39.dzn ../../instancesUC1withLB/mzn/warmstart/73_warm_start_73RandomOvenSchedulingInstance-n100-k5-a2-WithInitialStates.dzn;1;0.931777778;58702;-1;1;493.0;165.0;94.0;55.0;3611.3628;3634.9124;63000.0;singleobj-mzn-gurobiWS-LB-noUB;73;setupcosts
1129;~/opl-executable/opl.sh ~/oven-scheduling-problem/solution-methods/cp-optimizer-models/withLB/interval-repr-jobs-noUB-setupcosts.mod $file;../../instancesUC1withLB/opl/73_oven_scheduling.cpoptimizer_instance_3012-13.23.39.dat;1;0.002714286;171;-1;1;386.0;171.0;90.0;57.0;3596.09;3600.29;63000.0;singleobj-opl-reprjob-LB-noUB;73;setupcosts
1130;~/opl-executable/opl.sh ~/oven-scheduling-problem/solution-methods/cp-optimizer-models/withLB/interval-repr-jobs-warmstart-noUB-setupcosts.mod $file;../../instancesUC1withLB/opl/warmstartDataOplDec24/73_warm_start_73RandomOvenSchedulingInstance-n100-k5-a2-WithInitialStates.dat;1;0.002666667;168;-1;1;381.0;168.0;90.0;56.0;3595.92;3600.29;63000.0;singleobj-opl-reprjob-LB-WS-noUB;73;setupcosts
1131;~/minizinc-executables/mzn-gurobi.sh ~/oven-scheduling-problem/solution-methods/minizinc-models/withLowerBounds/direct-batch-pos-tardiness-objective.mzn $file --time-limit 3600000 -v;../../instancesUC1withLB/mzn/73_oven_scheduling.minizinc_instance_3012-13.23.39.dzn;1;0.559015873;35218;-1;1;562.0;285.0;54.0;95.0;3611.4081;3633.7733;63000.0;singleobj-mzn-gurobi-LB-noUB;73;tardiness
1132;~/minizinc-executables/mzn-gurobi.sh $file ~/oven-scheduling-problem/solution-methods/minizinc-models/withLowerBounds/direct-batch-pos-warmstart-noUB-tardiness-objective.mzn $1 -d $2 --time-limit 3600000 -v;../../instancesUC1withLB/mzn/73_oven_scheduling.minizinc_instance_3012-13.23.39.dzn ../../instancesUC1withLB/mzn/warmstart/73_warm_start_73RandomOvenSchedulingInstance-n100-k5-a2-WithInitialStates.dzn;1;0.543936508;34268;-1;1;494.0;246.0;53.0;82.0;3611.6984;3634.9119;63000.0;singleobj-mzn-gurobiWS-LB-noUB;73;tardiness
1133;~/opl-executable/opl.sh ~/oven-scheduling-problem/solution-methods/cp-optimizer-models/withLB/interval-repr-jobs-noUB-tardiness.mod $file;../../instancesUC1withLB/opl/73_oven_scheduling.cpoptimizer_instance_3012-13.23.39.dat;1;0.00084127;53;-1;1;530.0;288.0;53.0;96.0;3595.67;3600.29;63000.0;singleobj-opl-reprjob-LB-noUB;73;tardiness
1134;~/opl-executable/opl.sh ~/oven-scheduling-problem/solution-methods/cp-optimizer-models/withLB/interval-repr-jobs-warmstart-noUB-tardiness.mod $file;../../instancesUC1withLB/opl/warmstartDataOplDec24/73_warm_start_73RandomOvenSchedulingInstance-n100-k5-a2-WithInitialStates.dat;1;0.00084127;53;-1;1;512.0;276.0;53.0;92.0;3595.93;3600.3;63000.0;singleobj-opl-reprjob-LB-WS-noUB;73;tardiness
1135;~/minizinc-executables/mzn-gurobi.sh ~/oven-scheduling-problem/solution-methods/minizinc-models/withLowerBounds/direct-batch-pos-batchcount-objective.mzn $file --time-limit 3600000 -v;../../instancesUC1withLB/mzn/74_oven_scheduling.minizinc_instance_3012-13.23.41.dzn;1;0.98215873;11385184;-1;1;3457.0;590.0;100.0;58.0;3613.121;3640.1939;11592000.0;singleobj-mzn-gurobi-LB-noUB;74;batchcount
1136;~/minizinc-executables/mzn-gurobi.sh $file ~/oven-scheduling-problem/solution-methods/minizinc-models/withLowerBounds/direct-batch-pos-warmstart-noUB-batchcount-objective.mzn $1 -d $2 --time-limit 3600000 -v;../../instancesUC1withLB/mzn/74_oven_scheduling.minizinc_instance_3012-13.23.41.dzn ../../instancesUC1withLB/mzn/warmstart/74_warm_start_74RandomOvenSchedulingInstance-n100-k5-a2-WithInitialStates.dzn;1;0.984353175;11410622;-1;1;3751.0;555.0;100.0;58.0;3612.8315;3638.2712;11592000.0;singleobj-mzn-gurobiWS-LB-noUB;74;batchcount
1137;~/opl-executable/opl.sh ~/oven-scheduling-problem/solution-methods/cp-optimizer-models/withLB/interval-repr-jobs-noUB-batchcount.mod $file;../../instancesUC1withLB/opl/74_oven_scheduling.cpoptimizer_instance_3012-13.23.41.dat;1;5e-06;58;-1;1;3170.0;625.0;100.0;58.0;3596.72;3600.0;11592000.0;singleobj-opl-reprjob-LB-noUB;74;batchcount
1138;~/opl-executable/opl.sh ~/oven-scheduling-problem/solution-methods/cp-optimizer-models/withLB/interval-repr-jobs-warmstart-noUB-batchcount.mod $file;../../instancesUC1withLB/opl/warmstartDataOplDec24/74_warm_start_74RandomOvenSchedulingInstance-n100-k5-a2-WithInitialStates.dat;1;5.09e-06;59;-1;1;3067.0;500.0;100.0;59.0;3596.72;3600.0;11592000.0;singleobj-opl-reprjob-LB-WS-noUB;74;batchcount
1139;~/minizinc-executables/mzn-gurobi.sh ~/oven-scheduling-problem/solution-methods/minizinc-models/withLowerBounds/direct-batch-pos-ovenruntime-objective.mzn $file --time-limit 3600000 -v;../../instancesUC1withLB/mzn/74_oven_scheduling.minizinc_instance_3012-13.23.41.dzn;1;0.978293651;11340380;-1;1;2909.0;712.0;100.0;61.0;3611.2843;3637.4321;11592000.0;singleobj-mzn-gurobi-LB-noUB;74;ovenruntime
1140;~/minizinc-executables/mzn-gurobi.sh $file ~/oven-scheduling-problem/solution-methods/minizinc-models/withLowerBounds/direct-batch-pos-warmstart-noUB-ovenruntime-objective.mzn $1 -d $2 --time-limit 3600000 -v;../../instancesUC1withLB/mzn/74_oven_scheduling.minizinc_instance_3012-13.23.41.dzn ../../instancesUC1withLB/mzn/warmstart/74_warm_start_74RandomOvenSchedulingInstance-n100-k5-a2-WithInitialStates.dzn;1;0.978404762;11341668;-1;1;2934.0;690.0;100.0;62.0;3613.4859;3639.1272;11592000.0;singleobj-mzn-gurobiWS-LB-noUB;74;ovenruntime
1141;~/opl-executable/opl.sh ~/oven-scheduling-problem/solution-methods/cp-optimizer-models/withLB/interval-repr-jobs-noUB-ovenruntime.mod $file;../../instancesUC1withLB/opl/74_oven_scheduling.cpoptimizer_instance_3012-13.23.41.dat;1;0.000250518;2904;-1;1;2904.0;489.0;100.0;60.0;3596.68;3600.0;11592000.0;singleobj-opl-reprjob-LB-noUB;74;ovenruntime
1142;~/opl-executable/opl.sh ~/oven-scheduling-problem/solution-methods/cp-optimizer-models/withLB/interval-repr-jobs-warmstart-noUB-ovenruntime.mod $file;../../instancesUC1withLB/opl/warmstartDataOplDec24/74_warm_start_74RandomOvenSchedulingInstance-n100-k5-a2-WithInitialStates.dat;1;0.000254658;2952;-1;1;2952.0;735.0;100.0;61.0;3596.58;3600.0;11592000.0;singleobj-opl-reprjob-LB-WS-noUB;74;ovenruntime
1143;~/minizinc-executables/mzn-gurobi.sh ~/oven-scheduling-problem/solution-methods/minizinc-models/withLowerBounds/direct-batch-pos-setupcosts-objective.mzn $file --time-limit 3600000 -v;../../instancesUC1withLB/mzn/74_oven_scheduling.minizinc_instance_3012-13.23.41.dzn;1;0.982313492;11386978;-1;1;3669.0;205.0;100.0;58.0;3614.7953;3641.072;11592000.0;singleobj-mzn-gurobi-LB-noUB;74;setupcosts
1144;~/minizinc-executables/mzn-gurobi.sh $file ~/oven-scheduling-problem/solution-methods/minizinc-models/withLowerBounds/direct-batch-pos-warmstart-noUB-setupcosts-objective.mzn $1 -d $2 --time-limit 3600000 -v;../../instancesUC1withLB/mzn/74_oven_scheduling.minizinc_instance_3012-13.23.41.dzn ../../instancesUC1withLB/mzn/warmstart/74_warm_start_74RandomOvenSchedulingInstance-n100-k5-a2-WithInitialStates.dzn;1;0.98068254;11368072;-1;1;3463.0;206.0;100.0;59.0;3611.2742;3636.2236;11592000.0;singleobj-mzn-gurobiWS-LB-noUB;74;setupcosts
1145;~/opl-executable/opl.sh ~/oven-scheduling-problem/solution-methods/cp-optimizer-models/withLB/interval-repr-jobs-noUB-setupcosts.mod $file;../../instancesUC1withLB/opl/74_oven_scheduling.cpoptimizer_instance_3012-13.23.41.dat;1;1.84e-05;213;-1;1;3202.0;213.0;100.0;62.0;3596.79;3600.0;11592000.0;singleobj-opl-reprjob-LB-noUB;74;setupcosts
1146;~/opl-executable/opl.sh ~/oven-scheduling-problem/solution-methods/cp-optimizer-models/withLB/interval-repr-jobs-warmstart-noUB-setupcosts.mod $file;../../instancesUC1withLB/opl/warmstartDataOplDec24/74_warm_start_74RandomOvenSchedulingInstance-n100-k5-a2-WithInitialStates.dat;1;1.84e-05;213;-1;1;3380.0;213.0;100.0;62.0;3596.99;3600.0;11592000.0;singleobj-opl-reprjob-LB-WS-noUB;74;setupcosts
1147;~/minizinc-executables/mzn-gurobi.sh ~/oven-scheduling-problem/solution-methods/minizinc-models/withLowerBounds/direct-batch-pos-tardiness-objective.mzn $file --time-limit 3600000 -v;../../instancesUC1withLB/mzn/74_oven_scheduling.minizinc_instance_3012-13.23.41.dzn;1;0.981579365;11378468;1;1;3285.0;788.0;100.0;69.0;256.434;283.7738;11592000.0;singleobj-mzn-gurobi-LB-noUB;74;tardiness
1148;~/minizinc-executables/mzn-gurobi.sh $file ~/oven-scheduling-problem/solution-methods/minizinc-models/withLowerBounds/direct-batch-pos-warmstart-noUB-tardiness-objective.mzn $1 -d $2 --time-limit 3600000 -v;../../instancesUC1withLB/mzn/74_oven_scheduling.minizinc_instance_3012-13.23.41.dzn ../../instancesUC1withLB/mzn/warmstart/74_warm_start_74RandomOvenSchedulingInstance-n100-k5-a2-WithInitialStates.dzn;1;0.979900794;11359010;1;1;3205.0;525.0;100.0;66.0;28.409;54.1148;11592000.0;singleobj-mzn-gurobiWS-LB-noUB;74;tardiness
1149;~/opl-executable/opl.sh ~/oven-scheduling-problem/solution-methods/cp-optimizer-models/withLB/interval-repr-jobs-noUB-tardiness.mod $file;../../instancesUC1withLB/opl/74_oven_scheduling.cpoptimizer_instance_3012-13.23.41.dat;1;8.63e-06;100;1;1;4717.0;1020.0;100.0;100.0;2.75;6.22;11592000.0;singleobj-opl-reprjob-LB-noUB;74;tardiness
1150;~/opl-executable/opl.sh ~/oven-scheduling-problem/solution-methods/cp-optimizer-models/withLB/interval-repr-jobs-warmstart-noUB-tardiness.mod $file;../../instancesUC1withLB/opl/warmstartDataOplDec24/74_warm_start_74RandomOvenSchedulingInstance-n100-k5-a2-WithInitialStates.dat;1;8.63e-06;100;1;1;3399.0;746.0;100.0;66.0;0.29;3.53;11592000.0;singleobj-opl-reprjob-LB-WS-noUB;74;tardiness
1151;~/minizinc-executables/mzn-gurobi.sh ~/oven-scheduling-problem/solution-methods/minizinc-models/withLowerBounds/direct-batch-pos-batchcount-objective.mzn $file --time-limit 3600000 -v;../../instancesUC1withLB/mzn/75_oven_scheduling.minizinc_instance_1212-10.35.04.dzn;1;0.95109916;71303904;1;1;981.0;192.0;99.0;10.0;35.1066;60.6128;74970000.0;singleobj-mzn-gurobi-LB-noUB;75;batchcount
1152;~/minizinc-executables/mzn-gurobi.sh $file ~/oven-scheduling-problem/solution-methods/minizinc-models/withLowerBounds/direct-batch-pos-warmstart-noUB-batchcount-objective.mzn $1 -d $2 --time-limit 3600000 -v;../../instancesUC1withLB/mzn/75_oven_scheduling.minizinc_instance_1212-10.35.04.dzn ../../instancesUC1withLB/mzn/warmstart/75_warm_start_75RandomOvenSchedulingInstance-n100-k5-a2-WithInitialStates.dzn;1;0.950748086;71277584;1;1;934.0;192.0;99.0;10.0;29.137;54.3101;74970000.0;singleobj-mzn-gurobiWS-LB-noUB;75;batchcount
1153;~/opl-executable/opl.sh ~/oven-scheduling-problem/solution-methods/cp-optimizer-models/withLB/interval-repr-jobs-noUB-batchcount.mod $file;../../instancesUC1withLB/opl/75_oven_scheduling.cpoptimizer_instance_1212-10.35.03.dat;1;1.33e-07;10;-1;1;847.0;200.0;99.0;10.0;3596.26;3600.0;74970000.0;singleobj-opl-reprjob-LB-noUB;75;batchcount
1154;~/opl-executable/opl.sh ~/oven-scheduling-problem/solution-methods/cp-optimizer-models/withLB/interval-repr-jobs-warmstart-noUB-batchcount.mod $file;../../instancesUC1withLB/opl/warmstartDataOplDec24/75_warm_start_75RandomOvenSchedulingInstance-n100-k5-a2-WithInitialStates.dat;1;1.33e-07;10;-1;1;861.0;192.0;98.0;10.0;3596.3;3600.0;74970000.0;singleobj-opl-reprjob-LB-WS-noUB;75;batchcount
1155;~/minizinc-executables/mzn-gurobi.sh ~/oven-scheduling-problem/solution-methods/minizinc-models/withLowerBounds/direct-batch-pos-ovenruntime-objective.mzn $file --time-limit 3600000 -v;../../instancesUC1withLB/mzn/75_oven_scheduling.minizinc_instance_1212-10.35.04.dzn;1;0.959580579;71939756;-1;1;844.0;188.0;100.0;10.0;3613.5662;3639.2318;74970000.0;singleobj-mzn-gurobi-LB-noUB;75;ovenruntime
1156;~/minizinc-executables/mzn-gurobi.sh $file ~/oven-scheduling-problem/solution-methods/minizinc-models/withLowerBounds/direct-batch-pos-warmstart-noUB-ovenruntime-objective.mzn $1 -d $2 --time-limit 3600000 -v;../../instancesUC1withLB/mzn/75_oven_scheduling.minizinc_instance_1212-10.35.04.dzn ../../instancesUC1withLB/mzn/warmstart/75_warm_start_75RandomOvenSchedulingInstance-n100-k5-a2-WithInitialStates.dzn;1;0.959580579;71939756;-1;1;844.0;188.0;100.0;10.0;3611.0834;3637.3776;74970000.0;singleobj-mzn-gurobiWS-LB-noUB;75;ovenruntime
1157;~/opl-executable/opl.sh ~/oven-scheduling-problem/solution-methods/cp-optimizer-models/withLB/interval-repr-jobs-noUB-ovenruntime.mod $file;../../instancesUC1withLB/opl/75_oven_scheduling.cpoptimizer_instance_1212-10.35.03.dat;1;1.13e-05;847;-1;1;847.0;200.0;100.0;10.0;3596.34;3600.0;74970000.0;singleobj-opl-reprjob-LB-noUB;75;ovenruntime
1158;~/opl-executable/opl.sh ~/oven-scheduling-problem/solution-methods/cp-optimizer-models/withLB/interval-repr-jobs-warmstart-noUB-ovenruntime.mod $file;../../instancesUC1withLB/opl/warmstartDataOplDec24/75_warm_start_75RandomOvenSchedulingInstance-n100-k5-a2-WithInitialStates.dat;1;1.13e-05;847;-1;1;847.0;188.0;99.0;10.0;3596.47;3600.0;74970000.0;singleobj-opl-reprjob-LB-WS-noUB;75;ovenruntime
1159;~/minizinc-executables/mzn-gurobi.sh ~/oven-scheduling-problem/solution-methods/minizinc-models/withLowerBounds/direct-batch-pos-setupcosts-objective.mzn $file --time-limit 3600000 -v;../../instancesUC1withLB/mzn/75_oven_scheduling.minizinc_instance_1212-10.35.04.dzn;1;0.960584874;72015048;1;1;981.0;184.0;100.0;10.0;74.1565;99.5433;74970000.0;singleobj-mzn-gurobi-LB-noUB;75;setupcosts
1160;~/minizinc-executables/mzn-gurobi.sh $file ~/oven-scheduling-problem/solution-methods/minizinc-models/withLowerBounds/direct-batch-pos-warmstart-noUB-setupcosts-objective.mzn $1 -d $2 --time-limit 3600000 -v;../../instancesUC1withLB/mzn/75_oven_scheduling.minizinc_instance_1212-10.35.04.dzn ../../instancesUC1withLB/mzn/warmstart/75_warm_start_75RandomOvenSchedulingInstance-n100-k5-a2-WithInitialStates.dzn;1;0.959793091;71955688;1;1;875.0;184.0;100.0;10.0;69.1752;94.0708;74970000.0;singleobj-mzn-gurobiWS-LB-noUB;75;setupcosts
1161;~/opl-executable/opl.sh ~/oven-scheduling-problem/solution-methods/cp-optimizer-models/withLB/interval-repr-jobs-noUB-setupcosts.mod $file;../../instancesUC1withLB/opl/75_oven_scheduling.cpoptimizer_instance_1212-10.35.03.dat;1;2.45e-06;184;1;1;847.0;184.0;100.0;10.0;8.5;12.07;74970000.0;singleobj-opl-reprjob-LB-noUB;75;setupcosts
1162;~/opl-executable/opl.sh ~/oven-scheduling-problem/solution-methods/cp-optimizer-models/withLB/interval-repr-jobs-warmstart-noUB-setupcosts.mod $file;../../instancesUC1withLB/opl/warmstartDataOplDec24/75_warm_start_75RandomOvenSchedulingInstance-n100-k5-a2-WithInitialStates.dat;1;2.45e-06;184;1;1;861.0;184.0;99.0;10.0;9.92;13.65;74970000.0;singleobj-opl-reprjob-LB-WS-noUB;75;setupcosts
1163;~/minizinc-executables/mzn-gurobi.sh ~/oven-scheduling-problem/solution-methods/minizinc-models/withLowerBounds/direct-batch-pos-tardiness-objective.mzn $file --time-limit 3600000 -v;../../instancesUC1withLB/mzn/75_oven_scheduling.minizinc_instance_1212-10.35.04.dzn;1;0.960913912;72039716;1;1;3088.0;948.0;98.0;50.0;59.0321;84.603;74970000.0;singleobj-mzn-gurobi-LB-noUB;75;tardiness
1164;~/minizinc-executables/mzn-gurobi.sh $file ~/oven-scheduling-problem/solution-methods/minizinc-models/withLowerBounds/direct-batch-pos-warmstart-noUB-tardiness-objective.mzn $1 -d $2 --time-limit 3600000 -v;../../instancesUC1withLB/mzn/75_oven_scheduling.minizinc_instance_1212-10.35.04.dzn ../../instancesUC1withLB/mzn/warmstart/75_warm_start_75RandomOvenSchedulingInstance-n100-k5-a2-WithInitialStates.dzn;1;0.943085341;70703108;1;1;1150.0;244.0;98.0;13.0;27.2234;52.2526;74970000.0;singleobj-mzn-gurobiWS-LB-noUB;75;tardiness
1165;~/opl-executable/opl.sh ~/oven-scheduling-problem/solution-methods/cp-optimizer-models/withLB/interval-repr-jobs-noUB-tardiness.mod $file;../../instancesUC1withLB/opl/75_oven_scheduling.cpoptimizer_instance_1212-10.35.03.dat;1;1.31e-06;98;-1;1;870.0;200.0;98.0;10.0;3596.29;3600.0;74970000.0;singleobj-opl-reprjob-LB-noUB;75;tardiness
1166;~/opl-executable/opl.sh ~/oven-scheduling-problem/solution-methods/cp-optimizer-models/withLB/interval-repr-jobs-warmstart-noUB-tardiness.mod $file;../../instancesUC1withLB/opl/warmstartDataOplDec24/75_warm_start_75RandomOvenSchedulingInstance-n100-k5-a2-WithInitialStates.dat;1;1.31e-06;98;-1;1;867.0;220.0;98.0;11.0;3596.72;3600.0;74970000.0;singleobj-opl-reprjob-LB-WS-noUB;75;tardiness
1167;~/minizinc-executables/mzn-gurobi.sh ~/oven-scheduling-problem/solution-methods/minizinc-models/withLowerBounds/direct-batch-pos-batchcount-objective.mzn $file --time-limit 3600000 -v;../../instancesUC1withLB/mzn/76_oven_scheduling.minizinc_instance_1212-10.35.06.dzn;1;0.975206349;61438;-1;1;295.0;43.0;100.0;43.0;3614.2343;3641.1123;63000.0;singleobj-mzn-gurobi-LB-noUB;76;batchcount
1168;~/minizinc-executables/mzn-gurobi.sh $file ~/oven-scheduling-problem/solution-methods/minizinc-models/withLowerBounds/direct-batch-pos-warmstart-noUB-batchcount-objective.mzn $1 -d $2 --time-limit 3600000 -v;../../instancesUC1withLB/mzn/76_oven_scheduling.minizinc_instance_1212-10.35.06.dzn ../../instancesUC1withLB/mzn/warmstart/76_warm_start_76RandomOvenSchedulingInstance-n100-k5-a5-WithInitialStates.dzn;1;0.974444444;61390;-1;1;283.0;43.0;100.0;43.0;3611.6737;3637.8457;63000.0;singleobj-mzn-gurobiWS-LB-noUB;76;batchcount
1169;~/opl-executable/opl.sh ~/oven-scheduling-problem/solution-methods/cp-optimizer-models/withLB/interval-repr-jobs-noUB-batchcount.mod $file;../../instancesUC1withLB/opl/76_oven_scheduling.cpoptimizer_instance_1212-10.35.05.dat;1;0.00068254;43;-1;1;280.0;43.0;100.0;43.0;3597.36;3600.0;63000.0;singleobj-opl-reprjob-LB-noUB;76;batchcount
1170;~/opl-executable/opl.sh ~/oven-scheduling-problem/solution-methods/cp-optimizer-models/withLB/interval-repr-jobs-warmstart-noUB-batchcount.mod $file;../../instancesUC1withLB/opl/warmstartDataOplDec24/76_warm_start_76RandomOvenSchedulingInstance-n100-k5-a5-WithInitialStates.dat;1;0.00068254;43;-1;1;280.0;43.0;100.0;43.0;3597.33;3600.0;63000.0;singleobj-opl-reprjob-LB-WS-noUB;76;batchcount
1171;~/minizinc-executables/mzn-gurobi.sh ~/oven-scheduling-problem/solution-methods/minizinc-models/withLowerBounds/direct-batch-pos-ovenruntime-objective.mzn $file --time-limit 3600000 -v;../../instancesUC1withLB/mzn/76_oven_scheduling.minizinc_instance_1212-10.35.06.dzn;1;-1.0;-1;-1;-1;;;;;3584.9398;;;singleobj-mzn-gurobi-LB-noUB;76;ovenruntime
1172;~/minizinc-executables/mzn-gurobi.sh $file ~/oven-scheduling-problem/solution-methods/minizinc-models/withLowerBounds/direct-batch-pos-warmstart-noUB-ovenruntime-objective.mzn $1 -d $2 --time-limit 3600000 -v;../../instancesUC1withLB/mzn/76_oven_scheduling.minizinc_instance_1212-10.35.06.dzn ../../instancesUC1withLB/mzn/warmstart/76_warm_start_76RandomOvenSchedulingInstance-n100-k5-a5-WithInitialStates.dzn;1;0.97368254;61342;-1;1;271.0;43.0;100.0;43.0;3612.2691;3638.4152;63000.0;singleobj-mzn-gurobiWS-LB-noUB;76;ovenruntime
1173;~/opl-executable/opl.sh ~/oven-scheduling-problem/solution-methods/cp-optimizer-models/withLB/interval-repr-jobs-noUB-ovenruntime.mod $file;../../instancesUC1withLB/opl/76_oven_scheduling.cpoptimizer_instance_1212-10.35.05.dat;1;0.004301587;271;-1;1;271.0;43.0;100.0;43.0;3597.06;3600.0;63000.0;singleobj-opl-reprjob-LB-noUB;76;ovenruntime
1174;~/opl-executable/opl.sh ~/oven-scheduling-problem/solution-methods/cp-optimizer-models/withLB/interval-repr-jobs-warmstart-noUB-ovenruntime.mod $file;../../instancesUC1withLB/opl/warmstartDataOplDec24/76_warm_start_76RandomOvenSchedulingInstance-n100-k5-a5-WithInitialStates.dat;1;0.004301587;271;-1;1;271.0;43.0;100.0;43.0;3597.32;3600.0;63000.0;singleobj-opl-reprjob-LB-WS-noUB;76;ovenruntime
1175;~/minizinc-executables/mzn-gurobi.sh ~/oven-scheduling-problem/solution-methods/minizinc-models/withLowerBounds/direct-batch-pos-setupcosts-objective.mzn $file --time-limit 3600000 -v;../../instancesUC1withLB/mzn/76_oven_scheduling.minizinc_instance_1212-10.35.06.dzn;1;0.975015873;61426;-1;1;292.0;43.0;100.0;43.0;3613.7579;3639.7304;63000.0;singleobj-mzn-gurobi-LB-noUB;76;setupcosts
1176;~/minizinc-executables/mzn-gurobi.sh $file ~/oven-scheduling-problem/solution-methods/minizinc-models/withLowerBounds/direct-batch-pos-warmstart-noUB-setupcosts-objective.mzn $1 -d $2 --time-limit 3600000 -v;../../instancesUC1withLB/mzn/76_oven_scheduling.minizinc_instance_1212-10.35.06.dzn ../../instancesUC1withLB/mzn/warmstart/76_warm_start_76RandomOvenSchedulingInstance-n100-k5-a5-WithInitialStates.dzn;1;0.975777778;61474;-1;1;304.0;43.0;100.0;43.0;3613.0932;3639.464;63000.0;singleobj-mzn-gurobiWS-LB-noUB;76;setupcosts
1177;~/opl-executable/opl.sh ~/oven-scheduling-problem/solution-methods/cp-optimizer-models/withLB/interval-repr-jobs-noUB-setupcosts.mod $file;../../instancesUC1withLB/opl/76_oven_scheduling.cpoptimizer_instance_1212-10.35.05.dat;1;0.00068254;43;-1;1;283.0;43.0;100.0;43.0;3597.22;3600.0;63000.0;singleobj-opl-reprjob-LB-noUB;76;setupcosts
1178;~/opl-executable/opl.sh ~/oven-scheduling-problem/solution-methods/cp-optimizer-models/withLB/interval-repr-jobs-warmstart-noUB-setupcosts.mod $file;../../instancesUC1withLB/opl/warmstartDataOplDec24/76_warm_start_76RandomOvenSchedulingInstance-n100-k5-a5-WithInitialStates.dat;1;0.00068254;43;-1;1;291.0;43.0;100.0;43.0;3597.34;3600.0;63000.0;singleobj-opl-reprjob-LB-WS-noUB;76;setupcosts
1179;~/minizinc-executables/mzn-gurobi.sh ~/oven-scheduling-problem/solution-methods/minizinc-models/withLowerBounds/direct-batch-pos-tardiness-objective.mzn $file --time-limit 3600000 -v;../../instancesUC1withLB/mzn/76_oven_scheduling.minizinc_instance_1212-10.35.06.dzn;1;-1.0;-1;-1;-1;;;;;3584.1825;;;singleobj-mzn-gurobi-LB-noUB;76;tardiness
1180;~/minizinc-executables/mzn-gurobi.sh $file ~/oven-scheduling-problem/solution-methods/minizinc-models/withLowerBounds/direct-batch-pos-warmstart-noUB-tardiness-objective.mzn $1 -d $2 --time-limit 3600000 -v;../../instancesUC1withLB/mzn/76_oven_scheduling.minizinc_instance_1212-10.35.06.dzn ../../instancesUC1withLB/mzn/warmstart/76_warm_start_76RandomOvenSchedulingInstance-n100-k5-a5-WithInitialStates.dzn;1;0.977555556;61586;1;1;317.0;53.0;100.0;53.0;30.1136;56.0313;63000.0;singleobj-mzn-gurobiWS-LB-noUB;76;tardiness
1181;~/opl-executable/opl.sh ~/oven-scheduling-problem/solution-methods/cp-optimizer-models/withLB/interval-repr-jobs-noUB-tardiness.mod $file;../../instancesUC1withLB/opl/76_oven_scheduling.cpoptimizer_instance_1212-10.35.05.dat;1;0.001587302;100;1;1;333.0;54.0;100.0;54.0;0.11;2.71;63000.0;singleobj-opl-reprjob-LB-noUB;76;tardiness
1182;~/opl-executable/opl.sh ~/oven-scheduling-problem/solution-methods/cp-optimizer-models/withLB/interval-repr-jobs-warmstart-noUB-tardiness.mod $file;../../instancesUC1withLB/opl/warmstartDataOplDec24/76_warm_start_76RandomOvenSchedulingInstance-n100-k5-a5-WithInitialStates.dat;1;0.001587302;100;1;1;326.0;53.0;100.0;53.0;0.09;2.75;63000.0;singleobj-opl-reprjob-LB-WS-noUB;76;tardiness
1183;~/minizinc-executables/mzn-gurobi.sh ~/oven-scheduling-problem/solution-methods/minizinc-models/withLowerBounds/direct-batch-pos-batchcount-objective.mzn $file --time-limit 3600000 -v;../../instancesUC1withLB/mzn/77_oven_scheduling.minizinc_instance_1212-10.35.08.dzn;1;0.962857143;60660;-1;1;157.0;16.0;100.0;16.0;3613.8974;3638.7538;63000.0;singleobj-mzn-gurobi-LB-noUB;77;batchcount
1184;~/minizinc-executables/mzn-gurobi.sh $file ~/oven-scheduling-problem/solution-methods/minizinc-models/withLowerBounds/direct-batch-pos-warmstart-noUB-batchcount-objective.mzn $1 -d $2 --time-limit 3600000 -v;../../instancesUC1withLB/mzn/77_oven_scheduling.minizinc_instance_1212-10.35.08.dzn ../../instancesUC1withLB/mzn/warmstart/77_warm_start_77RandomOvenSchedulingInstance-n100-k5-a5-WithInitialStates.dzn;1;0.963111111;60676;-1;1;158.0;22.0;100.0;16.0;3611.6398;3636.4951;63000.0;singleobj-mzn-gurobiWS-LB-noUB;77;batchcount
1185;~/opl-executable/opl.sh ~/oven-scheduling-problem/solution-methods/cp-optimizer-models/withLB/interval-repr-jobs-noUB-batchcount.mod $file;../../instancesUC1withLB/opl/77_oven_scheduling.cpoptimizer_instance_1212-10.35.07.dat;1;0.000253968;16;-1;1;134.0;21.0;100.0;16.0;3596.01;3600.0;63000.0;singleobj-opl-reprjob-LB-noUB;77;batchcount
1186;~/opl-executable/opl.sh ~/oven-scheduling-problem/solution-methods/cp-optimizer-models/withLB/interval-repr-jobs-warmstart-noUB-batchcount.mod $file;../../instancesUC1withLB/opl/warmstartDataOplDec24/77_warm_start_77RandomOvenSchedulingInstance-n100-k5-a5-WithInitialStates.dat;1;0.000253968;16;-1;1;136.0;21.0;98.0;16.0;3596.02;3600.0;63000.0;singleobj-opl-reprjob-LB-WS-noUB;77;batchcount
1187;~/minizinc-executables/mzn-gurobi.sh ~/oven-scheduling-problem/solution-methods/minizinc-models/withLowerBounds/direct-batch-pos-ovenruntime-objective.mzn $file --time-limit 3600000 -v;../../instancesUC1withLB/mzn/77_oven_scheduling.minizinc_instance_1212-10.35.08.dzn;1;-1.0;-1;-1;-1;;;;;3584.7617;;;singleobj-mzn-gurobi-LB-noUB;77;ovenruntime
1188;~/minizinc-executables/mzn-gurobi.sh $file ~/oven-scheduling-problem/solution-methods/minizinc-models/withLowerBounds/direct-batch-pos-warmstart-noUB-ovenruntime-objective.mzn $1 -d $2 --time-limit 3600000 -v;../../instancesUC1withLB/mzn/77_oven_scheduling.minizinc_instance_1212-10.35.08.dzn ../../instancesUC1withLB/mzn/warmstart/77_warm_start_77RandomOvenSchedulingInstance-n100-k5-a5-WithInitialStates.dzn;1;0.952222222;59990;-1;1;135.0;25.0;99.0;23.0;3612.8464;3639.0249;63000.0;singleobj-mzn-gurobiWS-LB-noUB;77;ovenruntime
1189;~/opl-executable/opl.sh ~/oven-scheduling-problem/solution-methods/cp-optimizer-models/withLB/interval-repr-jobs-noUB-ovenruntime.mod $file;../../instancesUC1withLB/opl/77_oven_scheduling.cpoptimizer_instance_1212-10.35.07.dat;1;0.001952381;123;-1;1;123.0;27.0;100.0;17.0;3596.13;3600.0;63000.0;singleobj-opl-reprjob-LB-noUB;77;ovenruntime
1190;~/opl-executable/opl.sh ~/oven-scheduling-problem/solution-methods/cp-optimizer-models/withLB/interval-repr-jobs-warmstart-noUB-ovenruntime.mod $file;../../instancesUC1withLB/opl/warmstartDataOplDec24/77_warm_start_77RandomOvenSchedulingInstance-n100-k5-a5-WithInitialStates.dat;1;0.002015873;127;-1;1;127.0;23.0;99.0;17.0;3596.15;3600.0;63000.0;singleobj-opl-reprjob-LB-WS-noUB;77;ovenruntime
1191;~/minizinc-executables/mzn-gurobi.sh ~/oven-scheduling-problem/solution-methods/minizinc-models/withLowerBounds/direct-batch-pos-setupcosts-objective.mzn $file --time-limit 3600000 -v;../../instancesUC1withLB/mzn/77_oven_scheduling.minizinc_instance_1212-10.35.08.dzn;1;0.958634921;60394;-1;1;395.0;7.0;98.0;46.0;3614.0039;3638.5322;63000.0;singleobj-mzn-gurobi-LB-noUB;77;setupcosts
1192;~/minizinc-executables/mzn-gurobi.sh $file ~/oven-scheduling-problem/solution-methods/minizinc-models/withLowerBounds/direct-batch-pos-warmstart-noUB-setupcosts-objective.mzn $1 -d $2 --time-limit 3600000 -v;../../instancesUC1withLB/mzn/77_oven_scheduling.minizinc_instance_1212-10.35.08.dzn ../../instancesUC1withLB/mzn/warmstart/77_warm_start_77RandomOvenSchedulingInstance-n100-k5-a5-WithInitialStates.dzn;1;0.970253968;61126;-1;1;278.0;7.0;100.0;30.0;3612.9925;3639.1881;63000.0;singleobj-mzn-gurobiWS-LB-noUB;77;setupcosts
1193;~/opl-executable/opl.sh ~/oven-scheduling-problem/solution-methods/cp-optimizer-models/withLB/interval-repr-jobs-noUB-setupcosts.mod $file;../../instancesUC1withLB/opl/77_oven_scheduling.cpoptimizer_instance_1212-10.35.07.dat;1;0.000126984;8;-1;1;240.0;8.0;100.0;37.0;3596.09;3600.0;63000.0;singleobj-opl-reprjob-LB-noUB;77;setupcosts
1194;~/opl-executable/opl.sh ~/oven-scheduling-problem/solution-methods/cp-optimizer-models/withLB/interval-repr-jobs-warmstart-noUB-setupcosts.mod $file;../../instancesUC1withLB/opl/warmstartDataOplDec24/77_warm_start_77RandomOvenSchedulingInstance-n100-k5-a5-WithInitialStates.dat;1;0.000111111;7;-1;1;188.0;7.0;100.0;29.0;3596.31;3600.0;63000.0;singleobj-opl-reprjob-LB-WS-noUB;77;setupcosts
1195;~/minizinc-executables/mzn-gurobi.sh ~/oven-scheduling-problem/solution-methods/minizinc-models/withLowerBounds/direct-batch-pos-tardiness-objective.mzn $file --time-limit 3600000 -v;../../instancesUC1withLB/mzn/77_oven_scheduling.minizinc_instance_1212-10.35.08.dzn;1;0.938380952;59118;-1;1;480.0;99.0;95.0;86.0;3612.5139;3637.4332;63000.0;singleobj-mzn-gurobi-LB-noUB;77;tardiness
1196;~/minizinc-executables/mzn-gurobi.sh $file ~/oven-scheduling-problem/solution-methods/minizinc-models/withLowerBounds/direct-batch-pos-warmstart-noUB-tardiness-objective.mzn $1 -d $2 --time-limit 3600000 -v;../../instancesUC1withLB/mzn/77_oven_scheduling.minizinc_instance_1212-10.35.08.dzn ../../instancesUC1withLB/mzn/warmstart/77_warm_start_77RandomOvenSchedulingInstance-n100-k5-a5-WithInitialStates.dzn;1;0.926095238;58344;-1;1;313.0;46.0;95.0;34.0;3612.2867;3637.1219;63000.0;singleobj-mzn-gurobiWS-LB-noUB;77;tardiness
1197;~/opl-executable/opl.sh ~/oven-scheduling-problem/solution-methods/cp-optimizer-models/withLB/interval-repr-jobs-noUB-tardiness.mod $file;../../instancesUC1withLB/opl/77_oven_scheduling.cpoptimizer_instance_1212-10.35.07.dat;1;0.001507937;95;-1;1;374.0;91.0;95.0;66.0;3596.47;3600.0;63000.0;singleobj-opl-reprjob-LB-noUB;77;tardiness
1198;~/opl-executable/opl.sh ~/oven-scheduling-problem/solution-methods/cp-optimizer-models/withLB/interval-repr-jobs-warmstart-noUB-tardiness.mod $file;../../instancesUC1withLB/opl/warmstartDataOplDec24/77_warm_start_77RandomOvenSchedulingInstance-n100-k5-a5-WithInitialStates.dat;1;0.001507937;95;-1;1;347.0;73.0;95.0;55.0;3595.99;3600.0;63000.0;singleobj-opl-reprjob-LB-WS-noUB;77;tardiness
1199;~/minizinc-executables/mzn-gurobi.sh ~/oven-scheduling-problem/solution-methods/minizinc-models/withLowerBounds/direct-batch-pos-batchcount-objective.mzn $file --time-limit 3600000 -v;../../instancesUC1withLB/mzn/78_oven_scheduling.minizinc_instance_1212-10.35.10.dzn;1;-1.0;-1;-1;-1;;;;;3587.9682;;;singleobj-mzn-gurobi-LB-noUB;78;batchcount
1200;~/minizinc-executables/mzn-gurobi.sh $file ~/oven-scheduling-problem/solution-methods/minizinc-models/withLowerBounds/direct-batch-pos-warmstart-noUB-batchcount-objective.mzn $1 -d $2 --time-limit 3600000 -v;../../instancesUC1withLB/mzn/78_oven_scheduling.minizinc_instance_1212-10.35.10.dzn ../../instancesUC1withLB/mzn/warmstart/78_warm_start_78RandomOvenSchedulingInstance-n100-k5-a5-WithInitialStates.dzn;1;0.944349206;59494;-1;1;164.0;19.0;98.0;18.0;3614.9422;3640.1662;63000.0;singleobj-mzn-gurobiWS-LB-noUB;78;batchcount
1201;~/opl-executable/opl.sh ~/oven-scheduling-problem/solution-methods/cp-optimizer-models/withLB/interval-repr-jobs-noUB-batchcount.mod $file;../../instancesUC1withLB/opl/78_oven_scheduling.cpoptimizer_instance_1212-10.35.09.dat;1;0.000285714;18;-1;1;156.0;28.0;94.0;18.0;3595.73;3600.0;63000.0;singleobj-opl-reprjob-LB-noUB;78;batchcount
1202;~/opl-executable/opl.sh ~/oven-scheduling-problem/solution-methods/cp-optimizer-models/withLB/interval-repr-jobs-warmstart-noUB-batchcount.mod $file;../../instancesUC1withLB/opl/warmstartDataOplDec24/78_warm_start_78RandomOvenSchedulingInstance-n100-k5-a5-WithInitialStates.dat;1;0.000285714;18;-1;1;156.0;30.0;98.0;18.0;3595.96;3600.0;63000.0;singleobj-opl-reprjob-LB-WS-noUB;78;batchcount
1203;~/minizinc-executables/mzn-gurobi.sh ~/oven-scheduling-problem/solution-methods/minizinc-models/withLowerBounds/direct-batch-pos-ovenruntime-objective.mzn $file --time-limit 3600000 -v;../../instancesUC1withLB/mzn/78_oven_scheduling.minizinc_instance_1212-10.35.10.dzn;1;-1.0;-1;-1;-1;;;;;3587.1599;;;singleobj-mzn-gurobi-LB-noUB;78;ovenruntime
1204;~/minizinc-executables/mzn-gurobi.sh $file ~/oven-scheduling-problem/solution-methods/minizinc-models/withLowerBounds/direct-batch-pos-warmstart-noUB-ovenruntime-objective.mzn $1 -d $2 --time-limit 3600000 -v;../../instancesUC1withLB/mzn/78_oven_scheduling.minizinc_instance_1212-10.35.10.dzn ../../instancesUC1withLB/mzn/warmstart/78_warm_start_78RandomOvenSchedulingInstance-n100-k5-a5-WithInitialStates.dzn;1;0.93631746;58988;-1;1;160.0;74.0;97.0;40.0;3613.1581;3638.2894;63000.0;singleobj-mzn-gurobiWS-LB-noUB;78;ovenruntime
1205;~/opl-executable/opl.sh ~/oven-scheduling-problem/solution-methods/cp-optimizer-models/withLB/interval-repr-jobs-noUB-ovenruntime.mod $file;../../instancesUC1withLB/opl/78_oven_scheduling.cpoptimizer_instance_1212-10.35.09.dat;1;0.002190476;138;-1;1;138.0;33.0;93.0;22.0;3595.86;3600.0;63000.0;singleobj-opl-reprjob-LB-noUB;78;ovenruntime
1206;~/opl-executable/opl.sh ~/oven-scheduling-problem/solution-methods/cp-optimizer-models/withLB/interval-repr-jobs-warmstart-noUB-ovenruntime.mod $file;../../instancesUC1withLB/opl/warmstartDataOplDec24/78_warm_start_78RandomOvenSchedulingInstance-n100-k5-a5-WithInitialStates.dat;1;0.002031746;128;-1;1;128.0;32.0;94.0;20.0;3596.3;3600.0;63000.0;singleobj-opl-reprjob-LB-WS-noUB;78;ovenruntime
1207;~/minizinc-executables/mzn-gurobi.sh ~/oven-scheduling-problem/solution-methods/minizinc-models/withLowerBounds/direct-batch-pos-setupcosts-objective.mzn $file --time-limit 3600000 -v;../../instancesUC1withLB/mzn/78_oven_scheduling.minizinc_instance_1212-10.35.10.dzn;1;-1.0;-1;-1;-1;;;;;3585.467;;;singleobj-mzn-gurobi-LB-noUB;78;setupcosts
1208;~/minizinc-executables/mzn-gurobi.sh $file ~/oven-scheduling-problem/solution-methods/minizinc-models/withLowerBounds/direct-batch-pos-warmstart-noUB-setupcosts-objective.mzn $1 -d $2 --time-limit 3600000 -v;../../instancesUC1withLB/mzn/78_oven_scheduling.minizinc_instance_1212-10.35.10.dzn ../../instancesUC1withLB/mzn/warmstart/78_warm_start_78RandomOvenSchedulingInstance-n100-k5-a5-WithInitialStates.dzn;1;0.959301587;60436;-1;1;403.0;12.0;98.0;52.0;3611.3254;3637.6065;63000.0;singleobj-mzn-gurobiWS-LB-noUB;78;setupcosts
1209;~/opl-executable/opl.sh ~/oven-scheduling-problem/solution-methods/cp-optimizer-models/withLB/interval-repr-jobs-noUB-setupcosts.mod $file;../../instancesUC1withLB/opl/78_oven_scheduling.cpoptimizer_instance_1212-10.35.09.dat;1;0.000142857;9;-1;1;163.0;9.0;97.0;24.0;3595.84;3600.0;63000.0;singleobj-opl-reprjob-LB-noUB;78;setupcosts
1210;~/opl-executable/opl.sh ~/oven-scheduling-problem/solution-methods/cp-optimizer-models/withLB/interval-repr-jobs-warmstart-noUB-setupcosts.mod $file;../../instancesUC1withLB/opl/warmstartDataOplDec24/78_warm_start_78RandomOvenSchedulingInstance-n100-k5-a5-WithInitialStates.dat;1;0.00015873;10;-1;1;180.0;10.0;96.0;26.0;3595.81;3600.0;63000.0;singleobj-opl-reprjob-LB-WS-noUB;78;setupcosts
1211;~/minizinc-executables/mzn-gurobi.sh ~/oven-scheduling-problem/solution-methods/minizinc-models/withLowerBounds/direct-batch-pos-tardiness-objective.mzn $file --time-limit 3600000 -v;../../instancesUC1withLB/mzn/78_oven_scheduling.minizinc_instance_1212-10.35.10.dzn;1;-1.0;-1;-1;-1;;;;;3584.7521;;;singleobj-mzn-gurobi-LB-noUB;78;tardiness
1212;~/minizinc-executables/mzn-gurobi.sh $file ~/oven-scheduling-problem/solution-methods/minizinc-models/withLowerBounds/direct-batch-pos-warmstart-noUB-tardiness-objective.mzn $1 -d $2 --time-limit 3600000 -v;../../instancesUC1withLB/mzn/78_oven_scheduling.minizinc_instance_1212-10.35.10.dzn ../../instancesUC1withLB/mzn/warmstart/78_warm_start_78RandomOvenSchedulingInstance-n100-k5-a5-WithInitialStates.dzn;1;0.421714286;26568;-1;1;432.0;120.0;41.0;70.0;3611.956;3638.7771;63000.0;singleobj-mzn-gurobiWS-LB-noUB;78;tardiness
1213;~/opl-executable/opl.sh ~/oven-scheduling-problem/solution-methods/cp-optimizer-models/withLB/interval-repr-jobs-noUB-tardiness.mod $file;../../instancesUC1withLB/opl/78_oven_scheduling.cpoptimizer_instance_1212-10.35.09.dat;1;0.000619048;39;-1;1;419.0;120.0;39.0;80.0;3595.76;3600.0;63000.0;singleobj-opl-reprjob-LB-noUB;78;tardiness
1214;~/opl-executable/opl.sh ~/oven-scheduling-problem/solution-methods/cp-optimizer-models/withLB/interval-repr-jobs-warmstart-noUB-tardiness.mod $file;../../instancesUC1withLB/opl/warmstartDataOplDec24/78_warm_start_78RandomOvenSchedulingInstance-n100-k5-a5-WithInitialStates.dat;1;0.000634921;40;-1;1;388.0;110.0;40.0;76.0;3595.93;3600.02;63000.0;singleobj-opl-reprjob-LB-WS-noUB;78;tardiness
1215;~/minizinc-executables/mzn-gurobi.sh ~/oven-scheduling-problem/solution-methods/minizinc-models/withLowerBounds/direct-batch-pos-batchcount-objective.mzn $file --time-limit 3600000 -v;../../instancesUC1withLB/mzn/79_oven_scheduling.minizinc_instance_1212-10.35.12.dzn;1;0.978931234;12591503;-1;1;3049.0;747.0;100.0;50.0;3612.2485;3639.8341;12862500.0;singleobj-mzn-gurobi-LB-noUB;79;batchcount
1216;~/minizinc-executables/mzn-gurobi.sh $file ~/oven-scheduling-problem/solution-methods/minizinc-models/withLowerBounds/direct-batch-pos-warmstart-noUB-batchcount-objective.mzn $1 -d $2 --time-limit 3600000 -v;../../instancesUC1withLB/mzn/79_oven_scheduling.minizinc_instance_1212-10.35.12.dzn ../../instancesUC1withLB/mzn/warmstart/79_warm_start_79RandomOvenSchedulingInstance-n100-k5-a5-WithInitialStates.dzn;1;0.980751331;12614914;-1;1;3264.0;786.0;100.0;50.0;3610.3473;3637.0852;12862500.0;singleobj-mzn-gurobiWS-LB-noUB;79;batchcount
1217;~/opl-executable/opl.sh ~/oven-scheduling-problem/solution-methods/cp-optimizer-models/withLB/interval-repr-jobs-noUB-batchcount.mod $file;../../instancesUC1withLB/opl/79_oven_scheduling.cpoptimizer_instance_1212-10.35.11.dat;1;3.89e-06;50;-1;1;3000.0;795.0;100.0;50.0;3596.97;3600.0;12862500.0;singleobj-opl-reprjob-LB-noUB;79;batchcount
1218;~/opl-executable/opl.sh ~/oven-scheduling-problem/solution-methods/cp-optimizer-models/withLB/interval-repr-jobs-warmstart-noUB-batchcount.mod $file;../../instancesUC1withLB/opl/warmstartDataOplDec24/79_warm_start_79RandomOvenSchedulingInstance-n100-k5-a5-WithInitialStates.dat;1;3.89e-06;50;-1;1;2988.0;583.0;100.0;50.0;3597.12;3600.0;12862500.0;singleobj-opl-reprjob-LB-WS-noUB;79;batchcount
1219;~/minizinc-executables/mzn-gurobi.sh ~/oven-scheduling-problem/solution-methods/minizinc-models/withLowerBounds/direct-batch-pos-ovenruntime-objective.mzn $file --time-limit 3600000 -v;../../instancesUC1withLB/mzn/79_oven_scheduling.minizinc_instance_1212-10.35.12.dzn;1;0.977750904;12576321;-1;1;2857.0;829.0;100.0;53.0;3612.0054;3638.5539;12862500.0;singleobj-mzn-gurobi-LB-noUB;79;ovenruntime
1220;~/minizinc-executables/mzn-gurobi.sh $file ~/oven-scheduling-problem/solution-methods/minizinc-models/withLowerBounds/direct-batch-pos-warmstart-noUB-ovenruntime-objective.mzn $1 -d $2 --time-limit 3600000 -v;../../instancesUC1withLB/mzn/79_oven_scheduling.minizinc_instance_1212-10.35.12.dzn ../../instancesUC1withLB/mzn/warmstart/79_warm_start_79RandomOvenSchedulingInstance-n100-k5-a5-WithInitialStates.dzn;1;0.97707172;12567585;-1;1;2850.0;665.0;100.0;50.0;3611.7833;3638.7309;12862500.0;singleobj-mzn-gurobiWS-LB-noUB;79;ovenruntime
1221;~/opl-executable/opl.sh ~/oven-scheduling-problem/solution-methods/cp-optimizer-models/withLB/interval-repr-jobs-noUB-ovenruntime.mod $file;../../instancesUC1withLB/opl/79_oven_scheduling.cpoptimizer_instance_1212-10.35.11.dat;1;0.000222974;2868;-1;1;2868.0;596.0;100.0;50.0;3596.95;3600.0;12862500.0;singleobj-opl-reprjob-LB-noUB;79;ovenruntime
1222;~/opl-executable/opl.sh ~/oven-scheduling-problem/solution-methods/cp-optimizer-models/withLB/interval-repr-jobs-warmstart-noUB-ovenruntime.mod $file;../../instancesUC1withLB/opl/warmstartDataOplDec24/79_warm_start_79RandomOvenSchedulingInstance-n100-k5-a5-WithInitialStates.dat;1;0.000222974;2868;-1;1;2868.0;715.0;100.0;50.0;3596.91;3600.0;12862500.0;singleobj-opl-reprjob-LB-WS-noUB;79;ovenruntime
1223;~/minizinc-executables/mzn-gurobi.sh ~/oven-scheduling-problem/solution-methods/minizinc-models/withLowerBounds/direct-batch-pos-setupcosts-objective.mzn $file --time-limit 3600000 -v;../../instancesUC1withLB/mzn/79_oven_scheduling.minizinc_instance_1212-10.35.12.dzn;1;0.979927464;12604317;-1;1;3331.0;433.0;100.0;53.0;3612.3605;3640.8947;12862500.0;singleobj-mzn-gurobi-LB-noUB;79;setupcosts
1224;~/minizinc-executables/mzn-gurobi.sh $file ~/oven-scheduling-problem/solution-methods/minizinc-models/withLowerBounds/direct-batch-pos-warmstart-noUB-setupcosts-objective.mzn $1 -d $2 --time-limit 3600000 -v;../../instancesUC1withLB/mzn/79_oven_scheduling.minizinc_instance_1212-10.35.12.dzn ../../instancesUC1withLB/mzn/warmstart/79_warm_start_79RandomOvenSchedulingInstance-n100-k5-a5-WithInitialStates.dzn;1;0.98166655;12626686;-1;1;3564.0;414.0;100.0;57.0;3612.9159;3640.1294;12862500.0;singleobj-mzn-gurobiWS-LB-noUB;79;setupcosts
1225;~/opl-executable/opl.sh ~/oven-scheduling-problem/solution-methods/cp-optimizer-models/withLB/interval-repr-jobs-noUB-setupcosts.mod $file;../../instancesUC1withLB/opl/79_oven_scheduling.cpoptimizer_instance_1212-10.35.11.dat;1;3.23e-05;415;-1;1;3344.0;415.0;100.0;56.0;3597.08;3600.0;12862500.0;singleobj-opl-reprjob-LB-noUB;79;setupcosts
1226;~/opl-executable/opl.sh ~/oven-scheduling-problem/solution-methods/cp-optimizer-models/withLB/interval-repr-jobs-warmstart-noUB-setupcosts.mod $file;../../instancesUC1withLB/opl/warmstartDataOplDec24/79_warm_start_79RandomOvenSchedulingInstance-n100-k5-a5-WithInitialStates.dat;1;3.22e-05;414;-1;1;3017.0;414.0;100.0;51.0;3597.07;3600.02;12862500.0;singleobj-opl-reprjob-LB-WS-noUB;79;setupcosts
1227;~/minizinc-executables/mzn-gurobi.sh ~/oven-scheduling-problem/solution-methods/minizinc-models/withLowerBounds/direct-batch-pos-tardiness-objective.mzn $file --time-limit 3600000 -v;../../instancesUC1withLB/mzn/79_oven_scheduling.minizinc_instance_1212-10.35.12.dzn;1;-1.0;-1;-1;-1;;;;;3583.3029;;;singleobj-mzn-gurobi-LB-noUB;79;tardiness
1228;~/minizinc-executables/mzn-gurobi.sh $file ~/oven-scheduling-problem/solution-methods/minizinc-models/withLowerBounds/direct-batch-pos-warmstart-noUB-tardiness-objective.mzn $1 -d $2 --time-limit 3600000 -v;../../instancesUC1withLB/mzn/79_oven_scheduling.minizinc_instance_1212-10.35.12.dzn ../../instancesUC1withLB/mzn/warmstart/79_warm_start_79RandomOvenSchedulingInstance-n100-k5-a5-WithInitialStates.dzn;1;0.980451467;12611057;1;1;3222.0;793.0;100.0;55.0;30.503;57.0999;12862500.0;singleobj-mzn-gurobiWS-LB-noUB;79;tardiness
1229;~/opl-executable/opl.sh ~/oven-scheduling-problem/solution-methods/cp-optimizer-models/withLB/interval-repr-jobs-noUB-tardiness.mod $file;../../instancesUC1withLB/opl/79_oven_scheduling.cpoptimizer_instance_1212-10.35.11.dat;1;7.77e-06;100;1;1;4833.0;974.0;100.0;100.0;1.42;4.33;12862500.0;singleobj-opl-reprjob-LB-noUB;79;tardiness
1230;~/opl-executable/opl.sh ~/oven-scheduling-problem/solution-methods/cp-optimizer-models/withLB/interval-repr-jobs-warmstart-noUB-tardiness.mod $file;../../instancesUC1withLB/opl/warmstartDataOplDec24/79_warm_start_79RandomOvenSchedulingInstance-n100-k5-a5-WithInitialStates.dat;1;7.77e-06;100;1;1;3233.0;823.0;100.0;55.0;0.27;3.14;12862500.0;singleobj-opl-reprjob-LB-WS-noUB;79;tardiness
1231;~/minizinc-executables/mzn-gurobi.sh ~/oven-scheduling-problem/solution-methods/minizinc-models/withLowerBounds/direct-batch-pos-batchcount-objective.mzn $file --time-limit 3600000 -v;../../instancesUC1withLB/mzn/80_oven_scheduling.minizinc_instance_1212-10.35.14.dzn;1;-1.0;-1;-1;-1;;;;;3585.0027;;;singleobj-mzn-gurobi-LB-noUB;80;batchcount
1232;~/minizinc-executables/mzn-gurobi.sh $file ~/oven-scheduling-problem/solution-methods/minizinc-models/withLowerBounds/direct-batch-pos-warmstart-noUB-batchcount-objective.mzn $1 -d $2 --time-limit 3600000 -v;../../instancesUC1withLB/mzn/80_oven_scheduling.minizinc_instance_1212-10.35.14.dzn ../../instancesUC1withLB/mzn/warmstart/80_warm_start_80RandomOvenSchedulingInstance-n100-k5-a5-WithInitialStates.dzn;1;0.957287993;294760939;1;1;1757.0;343.0;99.0;19.0;172.0789;197.5841;307912500.0;singleobj-mzn-gurobiWS-LB-noUB;80;batchcount
1233;~/opl-executable/opl.sh ~/oven-scheduling-problem/solution-methods/cp-optimizer-models/withLB/interval-repr-jobs-noUB-batchcount.mod $file;../../instancesUC1withLB/opl/80_oven_scheduling.cpoptimizer_instance_1212-10.35.13.dat;1;6.17e-08;19;-1;1;1570.0;331.0;98.0;19.0;3596.84;3600.0;307912500.0;singleobj-opl-reprjob-LB-noUB;80;batchcount
1234;~/opl-executable/opl.sh ~/oven-scheduling-problem/solution-methods/cp-optimizer-models/withLB/interval-repr-jobs-warmstart-noUB-batchcount.mod $file;../../instancesUC1withLB/opl/warmstartDataOplDec24/80_warm_start_80RandomOvenSchedulingInstance-n100-k5-a5-WithInitialStates.dat;1;6.17e-08;19;-1;1;1488.0;384.0;95.0;19.0;3596.95;3600.0;307912500.0;singleobj-opl-reprjob-LB-WS-noUB;80;batchcount
1235;~/minizinc-executables/mzn-gurobi.sh ~/oven-scheduling-problem/solution-methods/minizinc-models/withLowerBounds/direct-batch-pos-ovenruntime-objective.mzn $file --time-limit 3600000 -v;../../instancesUC1withLB/mzn/80_oven_scheduling.minizinc_instance_1212-10.35.14.dzn;1;-1.0;-1;-1;-1;;;;;3584.4427;;;singleobj-mzn-gurobi-LB-noUB;80;ovenruntime
1236;~/minizinc-executables/mzn-gurobi.sh $file ~/oven-scheduling-problem/solution-methods/minizinc-models/withLowerBounds/direct-batch-pos-warmstart-noUB-ovenruntime-objective.mzn $1 -d $2 --time-limit 3600000 -v;../../instancesUC1withLB/mzn/80_oven_scheduling.minizinc_instance_1212-10.35.14.dzn ../../instancesUC1withLB/mzn/warmstart/80_warm_start_80RandomOvenSchedulingInstance-n100-k5-a5-WithInitialStates.dzn;1;0.94610958;291318966;-1;1;1485.0;442.0;98.0;29.0;3611.1342;3636.522;307912500.0;singleobj-mzn-gurobiWS-LB-noUB;80;ovenruntime
1237;~/opl-executable/opl.sh ~/oven-scheduling-problem/solution-methods/cp-optimizer-models/withLB/interval-repr-jobs-noUB-ovenruntime.mod $file;../../instancesUC1withLB/opl/80_oven_scheduling.cpoptimizer_instance_1212-10.35.13.dat;1;4.56e-06;1405;-1;1;1405.0;356.0;95.0;19.0;3596.86;3600.0;307912500.0;singleobj-opl-reprjob-LB-noUB;80;ovenruntime
1238;~/opl-executable/opl.sh ~/oven-scheduling-problem/solution-methods/cp-optimizer-models/withLB/interval-repr-jobs-warmstart-noUB-ovenruntime.mod $file;../../instancesUC1withLB/opl/warmstartDataOplDec24/80_warm_start_80RandomOvenSchedulingInstance-n100-k5-a5-WithInitialStates.dat;1;4.77e-06;1470;-1;1;1470.0;342.0;97.0;19.0;3596.93;3600.0;307912500.0;singleobj-opl-reprjob-LB-WS-noUB;80;ovenruntime
1239;~/minizinc-executables/mzn-gurobi.sh ~/oven-scheduling-problem/solution-methods/minizinc-models/withLowerBounds/direct-batch-pos-setupcosts-objective.mzn $file --time-limit 3600000 -v;../../instancesUC1withLB/mzn/80_oven_scheduling.minizinc_instance_1212-10.35.14.dzn;1;0.785922092;241995236;-1;1;2893.0;632.0;80.0;51.0;3612.8549;3638.7439;307912500.0;singleobj-mzn-gurobi-LB-noUB;80;setupcosts
1240;~/minizinc-executables/mzn-gurobi.sh $file ~/oven-scheduling-problem/solution-methods/minizinc-models/withLowerBounds/direct-batch-pos-warmstart-noUB-setupcosts-objective.mzn $1 -d $2 --time-limit 3600000 -v;../../instancesUC1withLB/mzn/80_oven_scheduling.minizinc_instance_1212-10.35.14.dzn ../../instancesUC1withLB/mzn/warmstart/80_warm_start_80RandomOvenSchedulingInstance-n100-k5-a5-WithInitialStates.dzn;1;0.941810495;289995224;-1;1;2263.0;288.0;97.0;24.0;3612.6668;3638.5046;307912500.0;singleobj-mzn-gurobiWS-LB-noUB;80;setupcosts
1241;~/opl-executable/opl.sh ~/oven-scheduling-problem/solution-methods/cp-optimizer-models/withLB/interval-repr-jobs-noUB-setupcosts.mod $file;../../instancesUC1withLB/opl/80_oven_scheduling.cpoptimizer_instance_1212-10.35.13.dat;1;9.03e-07;278;-1;1;1560.0;278.0;96.0;19.0;3596.89;3600.0;307912500.0;singleobj-opl-reprjob-LB-noUB;80;setupcosts
1242;~/opl-executable/opl.sh ~/oven-scheduling-problem/solution-methods/cp-optimizer-models/withLB/interval-repr-jobs-warmstart-noUB-setupcosts.mod $file;../../instancesUC1withLB/opl/warmstartDataOplDec24/80_warm_start_80RandomOvenSchedulingInstance-n100-k5-a5-WithInitialStates.dat;1;9.48e-07;292;-1;1;1511.0;292.0;94.0;20.0;3596.97;3600.0;307912500.0;singleobj-opl-reprjob-LB-WS-noUB;80;setupcosts
1243;~/minizinc-executables/mzn-gurobi.sh ~/oven-scheduling-problem/solution-methods/minizinc-models/withLowerBounds/direct-batch-pos-tardiness-objective.mzn $file --time-limit 3600000 -v;../../instancesUC1withLB/mzn/80_oven_scheduling.minizinc_instance_1212-10.35.14.dzn;1;-1.0;-1;-1;-1;;;;;3582.8796;;;singleobj-mzn-gurobi-LB-noUB;80;tardiness
1244;~/minizinc-executables/mzn-gurobi.sh $file ~/oven-scheduling-problem/solution-methods/minizinc-models/withLowerBounds/direct-batch-pos-warmstart-noUB-tardiness-objective.mzn $1 -d $2 --time-limit 3600000 -v;../../instancesUC1withLB/mzn/80_oven_scheduling.minizinc_instance_1212-10.35.14.dzn ../../instancesUC1withLB/mzn/warmstart/80_warm_start_80RandomOvenSchedulingInstance-n100-k5-a5-WithInitialStates.dzn;1;0.545402278;167936179;-1;1;4766.0;1323.0;53.0;83.0;3613.0643;3638.0969;307912500.0;singleobj-mzn-gurobiWS-LB-noUB;80;tardiness
1245;~/opl-executable/opl.sh ~/oven-scheduling-problem/solution-methods/cp-optimizer-models/withLB/interval-repr-jobs-noUB-tardiness.mod $file;../../instancesUC1withLB/opl/80_oven_scheduling.cpoptimizer_instance_1212-10.35.13.dat;1;1.69e-07;52;-1;1;4916.0;1517.0;52.0;98.0;3596.88;3600.0;307912500.0;singleobj-opl-reprjob-LB-noUB;80;tardiness
1246;~/opl-executable/opl.sh ~/oven-scheduling-problem/solution-methods/cp-optimizer-models/withLB/interval-repr-jobs-warmstart-noUB-tardiness.mod $file;../../instancesUC1withLB/opl/warmstartDataOplDec24/80_warm_start_80RandomOvenSchedulingInstance-n100-k5-a5-WithInitialStates.dat;1;1.69e-07;52;-1;1;4217.0;1151.0;52.0;80.0;3596.88;3600.0;307912500.0;singleobj-opl-reprjob-LB-WS-noUB;80;tardiness
1247;~/minizinc-executables/mzn-gurobi.sh ~/oven-scheduling-problem/solution-methods/minizinc-models/withLowerBounds/direct-batch-pos-batchcount-objective.mzn $file --time-limit 3600000 -v;../../instancesUC1withLB/mzn/81_oven_scheduling.minizinc_instance_1212-10.35.16.dzn;1;-1.0;-1;-1;-1;;;;;3551.0116;;;singleobj-mzn-gurobi-LB-noUB;81;batchcount
1248;~/minizinc-executables/mzn-gurobi.sh $file ~/oven-scheduling-problem/solution-methods/minizinc-models/withLowerBounds/direct-batch-pos-warmstart-noUB-batchcount-objective.mzn $1 -d $2 --time-limit 3600000 -v;../../instancesUC1withLB/mzn/81_oven_scheduling.minizinc_instance_1212-10.35.16.dzn ../../instancesUC1withLB/mzn/warmstart/81_warm_start_81RandomOvenSchedulingInstance-n250-k2-a2--2212-22.44.12.dzn;1;0.944698413;148790;-1;1;264.0;67.0;246.0;40.0;3616.0086;3676.3923;157500.0;singleobj-mzn-gurobiWS-LB-noUB;81;batchcount
1249;~/opl-executable/opl.sh ~/oven-scheduling-problem/solution-methods/cp-optimizer-models/withLB/interval-repr-jobs-noUB-batchcount.mod $file;../../instancesUC1withLB/opl/81_oven_scheduling.cpoptimizer_instance_1212-10.35.15.dat;1;0.000228571;36;-1;1;234.0;71.0;233.0;36.0;3584.31;3600.03;157500.0;singleobj-opl-reprjob-LB-noUB;81;batchcount
1250;~/opl-executable/opl.sh ~/oven-scheduling-problem/solution-methods/cp-optimizer-models/withLB/interval-repr-jobs-warmstart-noUB-batchcount.mod $file;../../instancesUC1withLB/opl/warmstartDataOplDec24/81_warm_start_81RandomOvenSchedulingInstance-n250-k2-a2--2212-22.44.12.dat;1;0.00024127;38;-1;1;244.0;57.0;243.0;38.0;3584.22;3600.04;157500.0;singleobj-opl-reprjob-LB-WS-noUB;81;batchcount
1251;~/minizinc-executables/mzn-gurobi.sh ~/oven-scheduling-problem/solution-methods/minizinc-models/withLowerBounds/direct-batch-pos-ovenruntime-objective.mzn $file --time-limit 3600000 -v;../../instancesUC1withLB/mzn/81_oven_scheduling.minizinc_instance_1212-10.35.16.dzn;1;-1.0;-1;-1;-1;;;;;3553.2244;;;singleobj-mzn-gurobi-LB-noUB;81;ovenruntime
1252;~/minizinc-executables/mzn-gurobi.sh $file ~/oven-scheduling-problem/solution-methods/minizinc-models/withLowerBounds/direct-batch-pos-warmstart-noUB-ovenruntime-objective.mzn $1 -d $2 --time-limit 3600000 -v;../../instancesUC1withLB/mzn/81_oven_scheduling.minizinc_instance_1212-10.35.16.dzn ../../instancesUC1withLB/mzn/warmstart/81_warm_start_81RandomOvenSchedulingInstance-n250-k2-a2--2212-22.44.12.dzn;1;0.947606349;149248;-1;1;480.0;164.0;245.0;117.0;3618.6038;3678.1598;157500.0;singleobj-mzn-gurobiWS-LB-noUB;81;ovenruntime
1253;~/opl-executable/opl.sh ~/oven-scheduling-problem/solution-methods/cp-optimizer-models/withLB/interval-repr-jobs-noUB-ovenruntime.mod $file;../../instancesUC1withLB/opl/81_oven_scheduling.cpoptimizer_instance_1212-10.35.15.dat;1;0.001511111;238;-1;1;238.0;62.0;249.0;38.0;3584.33;3600.04;157500.0;singleobj-opl-reprjob-LB-noUB;81;ovenruntime
1254;~/opl-executable/opl.sh ~/oven-scheduling-problem/solution-methods/cp-optimizer-models/withLB/interval-repr-jobs-warmstart-noUB-ovenruntime.mod $file;../../instancesUC1withLB/opl/warmstartDataOplDec24/81_warm_start_81RandomOvenSchedulingInstance-n250-k2-a2--2212-22.44.12.dat;1;0.001549206;244;-1;1;244.0;62.0;236.0;39.0;3584.53;3600.03;157500.0;singleobj-opl-reprjob-LB-WS-noUB;81;ovenruntime
1255;~/minizinc-executables/mzn-gurobi.sh ~/oven-scheduling-problem/solution-methods/minizinc-models/withLowerBounds/direct-batch-pos-setupcosts-objective.mzn $file --time-limit 3600000 -v;../../instancesUC1withLB/mzn/81_oven_scheduling.minizinc_instance_1212-10.35.16.dzn;1;-1.0;-1;-1;-1;;;;;3552.536;;;singleobj-mzn-gurobi-LB-noUB;81;setupcosts
1256;~/minizinc-executables/mzn-gurobi.sh $file ~/oven-scheduling-problem/solution-methods/minizinc-models/withLowerBounds/direct-batch-pos-warmstart-noUB-setupcosts-objective.mzn $1 -d $2 --time-limit 3600000 -v;../../instancesUC1withLB/mzn/81_oven_scheduling.minizinc_instance_1212-10.35.16.dzn ../../instancesUC1withLB/mzn/warmstart/81_warm_start_81RandomOvenSchedulingInstance-n250-k2-a2--2212-22.44.12.dzn;1;0.940685714;148158;-1;1;709.0;61.0;242.0;117.0;3616.3425;3675.343;157500.0;singleobj-mzn-gurobiWS-LB-noUB;81;setupcosts
1257;~/opl-executable/opl.sh ~/oven-scheduling-problem/solution-methods/cp-optimizer-models/withLB/interval-repr-jobs-noUB-setupcosts.mod $file;../../instancesUC1withLB/opl/81_oven_scheduling.cpoptimizer_instance_1212-10.35.15.dat;1;0.000171429;27;-1;1;323.0;27.0;247.0;48.0;3584.76;3600.03;157500.0;singleobj-opl-reprjob-LB-noUB;81;setupcosts
1258;~/opl-executable/opl.sh ~/oven-scheduling-problem/solution-methods/cp-optimizer-models/withLB/interval-repr-jobs-warmstart-noUB-setupcosts.mod $file;../../instancesUC1withLB/opl/warmstartDataOplDec24/81_warm_start_81RandomOvenSchedulingInstance-n250-k2-a2--2212-22.44.12.dat;1;0.000177778;28;-1;1;367.0;28.0;245.0;59.0;3584.62;3600.03;157500.0;singleobj-opl-reprjob-LB-WS-noUB;81;setupcosts
1259;~/minizinc-executables/mzn-gurobi.sh ~/oven-scheduling-problem/solution-methods/minizinc-models/withLowerBounds/direct-batch-pos-tardiness-objective.mzn $file --time-limit 3600000 -v;../../instancesUC1withLB/mzn/81_oven_scheduling.minizinc_instance_1212-10.35.16.dzn;1;-1.0;-1;-1;-1;;;;;3551.5866;;;singleobj-mzn-gurobi-LB-noUB;81;tardiness
1260;~/minizinc-executables/mzn-gurobi.sh $file ~/oven-scheduling-problem/solution-methods/minizinc-models/withLowerBounds/direct-batch-pos-warmstart-noUB-tardiness-objective.mzn $1 -d $2 --time-limit 3600000 -v;../../instancesUC1withLB/mzn/81_oven_scheduling.minizinc_instance_1212-10.35.16.dzn ../../instancesUC1withLB/mzn/warmstart/81_warm_start_81RandomOvenSchedulingInstance-n250-k2-a2--2212-22.44.12.dzn;1;0.733803175;115574;-1;1;610.0;167.0;188.0;118.0;3615.7571;3674.722;157500.0;singleobj-mzn-gurobiWS-LB-noUB;81;tardiness
1261;~/opl-executable/opl.sh ~/oven-scheduling-problem/solution-methods/cp-optimizer-models/withLB/interval-repr-jobs-noUB-tardiness.mod $file;../../instancesUC1withLB/opl/81_oven_scheduling.cpoptimizer_instance_1212-10.35.15.dat;1;0.001015873;160;-1;1;1094.0;235.0;160.0;182.0;3584.45;3600.04;157500.0;singleobj-opl-reprjob-LB-noUB;81;tardiness
1262;~/opl-executable/opl.sh ~/oven-scheduling-problem/solution-methods/cp-optimizer-models/withLB/interval-repr-jobs-warmstart-noUB-tardiness.mod $file;../../instancesUC1withLB/opl/warmstartDataOplDec24/81_warm_start_81RandomOvenSchedulingInstance-n250-k2-a2--2212-22.44.12.dat;1;0.000971429;153;-1;1;915.0;189.0;153.0;157.0;3584.15;3600.04;157500.0;singleobj-opl-reprjob-LB-WS-noUB;81;tardiness
1263;~/minizinc-executables/mzn-gurobi.sh ~/oven-scheduling-problem/solution-methods/minizinc-models/withLowerBounds/direct-batch-pos-batchcount-objective.mzn $file --time-limit 3600000 -v;../../instancesUC1withLB/mzn/82_oven_scheduling.minizinc_instance_1212-10.35.18.dzn;1;0.953219048;150132;1;1;159.0;32.0;249.0;16.0;1031.2278;1088.2056;157500.0;singleobj-mzn-gurobi-LB-noUB;82;batchcount
1264;~/minizinc-executables/mzn-gurobi.sh $file ~/oven-scheduling-problem/solution-methods/minizinc-models/withLowerBounds/direct-batch-pos-warmstart-noUB-batchcount-objective.mzn $1 -d $2 --time-limit 3600000 -v;../../instancesUC1withLB/mzn/82_oven_scheduling.minizinc_instance_1212-10.35.18.dzn ../../instancesUC1withLB/mzn/warmstart/82_warm_start_82RandomOvenSchedulingInstance-n250-k2-a2--2212-22.44.15.dzn;1;0.949206349;149500;1;1;151.0;32.0;248.0;16.0;95.8278;151.5502;157500.0;singleobj-mzn-gurobiWS-LB-noUB;82;batchcount
1265;~/opl-executable/opl.sh ~/oven-scheduling-problem/solution-methods/cp-optimizer-models/withLB/interval-repr-jobs-noUB-batchcount.mod $file;../../instancesUC1withLB/opl/82_oven_scheduling.cpoptimizer_instance_1212-10.35.17.dat;1;0.000101587;16;-1;1;141.0;32.0;250.0;16.0;3584.54;3600.04;157500.0;singleobj-opl-reprjob-LB-noUB;82;batchcount
1266;~/opl-executable/opl.sh ~/oven-scheduling-problem/solution-methods/cp-optimizer-models/withLB/interval-repr-jobs-warmstart-noUB-batchcount.mod $file;../../instancesUC1withLB/opl/warmstartDataOplDec24/82_warm_start_82RandomOvenSchedulingInstance-n250-k2-a2--2212-22.44.15.dat;1;0.000101587;16;-1;1;137.0;32.0;250.0;16.0;3584.67;3600.03;157500.0;singleobj-opl-reprjob-LB-WS-noUB;82;batchcount
1267;~/minizinc-executables/mzn-gurobi.sh ~/oven-scheduling-problem/solution-methods/minizinc-models/withLowerBounds/direct-batch-pos-ovenruntime-objective.mzn $file --time-limit 3600000 -v;../../instancesUC1withLB/mzn/82_oven_scheduling.minizinc_instance_1212-10.35.18.dzn;1;-1.0;-1;-1;-1;;;;;3555.6684;;;singleobj-mzn-gurobi-LB-noUB;82;ovenruntime
1268;~/minizinc-executables/mzn-gurobi.sh $file ~/oven-scheduling-problem/solution-methods/minizinc-models/withLowerBounds/direct-batch-pos-warmstart-noUB-ovenruntime-objective.mzn $1 -d $2 --time-limit 3600000 -v;../../instancesUC1withLB/mzn/82_oven_scheduling.minizinc_instance_1212-10.35.18.dzn ../../instancesUC1withLB/mzn/warmstart/82_warm_start_82RandomOvenSchedulingInstance-n250-k2-a2--2212-22.44.15.dzn;1;0.955898413;150554;-1;1;110.0;38.0;250.0;19.0;3618.6515;3674.1425;157500.0;singleobj-mzn-gurobiWS-LB-noUB;82;ovenruntime
1269;~/opl-executable/opl.sh ~/oven-scheduling-problem/solution-methods/cp-optimizer-models/withLB/interval-repr-jobs-noUB-ovenruntime.mod $file;../../instancesUC1withLB/opl/82_oven_scheduling.cpoptimizer_instance_1212-10.35.17.dat;1;0.000711111;112;-1;1;112.0;36.0;250.0;18.0;3584.72;3600.04;157500.0;singleobj-opl-reprjob-LB-noUB;82;ovenruntime
1270;~/opl-executable/opl.sh ~/oven-scheduling-problem/solution-methods/cp-optimizer-models/withLB/interval-repr-jobs-warmstart-noUB-ovenruntime.mod $file;../../instancesUC1withLB/opl/warmstartDataOplDec24/82_warm_start_82RandomOvenSchedulingInstance-n250-k2-a2--2212-22.44.15.dat;1;0.000692063;109;-1;1;109.0;34.0;250.0;17.0;3584.88;3600.04;157500.0;singleobj-opl-reprjob-LB-WS-noUB;82;ovenruntime
1271;~/minizinc-executables/mzn-gurobi.sh ~/oven-scheduling-problem/solution-methods/minizinc-models/withLowerBounds/direct-batch-pos-setupcosts-objective.mzn $file --time-limit 3600000 -v;../../instancesUC1withLB/mzn/82_oven_scheduling.minizinc_instance_1212-10.35.18.dzn;1;0.94928254;149512;1;1;154.0;32.0;248.0;16.0;2687.4329;2744.0378;157500.0;singleobj-mzn-gurobi-LB-noUB;82;setupcosts
1272;~/minizinc-executables/mzn-gurobi.sh $file ~/oven-scheduling-problem/solution-methods/minizinc-models/withLowerBounds/direct-batch-pos-warmstart-noUB-setupcosts-objective.mzn $1 -d $2 --time-limit 3600000 -v;../../instancesUC1withLB/mzn/82_oven_scheduling.minizinc_instance_1212-10.35.18.dzn ../../instancesUC1withLB/mzn/warmstart/82_warm_start_82RandomOvenSchedulingInstance-n250-k2-a2--2212-22.44.15.dzn;1;0.953219048;150132;1;1;159.0;32.0;249.0;16.0;1019.8185;1078.6052;157500.0;singleobj-mzn-gurobiWS-LB-noUB;82;setupcosts
1273;~/opl-executable/opl.sh ~/oven-scheduling-problem/solution-methods/cp-optimizer-models/withLB/interval-repr-jobs-noUB-setupcosts.mod $file;../../instancesUC1withLB/opl/82_oven_scheduling.cpoptimizer_instance_1212-10.35.17.dat;1;0.000203175;32;-1;1;142.0;32.0;250.0;16.0;3585.08;3600.04;157500.0;singleobj-opl-reprjob-LB-noUB;82;setupcosts
1274;~/opl-executable/opl.sh ~/oven-scheduling-problem/solution-methods/cp-optimizer-models/withLB/interval-repr-jobs-warmstart-noUB-setupcosts.mod $file;../../instancesUC1withLB/opl/warmstartDataOplDec24/82_warm_start_82RandomOvenSchedulingInstance-n250-k2-a2--2212-22.44.15.dat;1;0.000203175;32;-1;1;129.0;32.0;250.0;16.0;3584.79;3600.04;157500.0;singleobj-opl-reprjob-LB-WS-noUB;82;setupcosts
1275;~/minizinc-executables/mzn-gurobi.sh ~/oven-scheduling-problem/solution-methods/minizinc-models/withLowerBounds/direct-batch-pos-tardiness-objective.mzn $file --time-limit 3600000 -v;../../instancesUC1withLB/mzn/82_oven_scheduling.minizinc_instance_1212-10.35.18.dzn;1;-1.0;-1;-1;-1;;;;;3554.7035;;;singleobj-mzn-gurobi-LB-noUB;82;tardiness
1276;~/minizinc-executables/mzn-gurobi.sh $file ~/oven-scheduling-problem/solution-methods/minizinc-models/withLowerBounds/direct-batch-pos-warmstart-noUB-tardiness-objective.mzn $1 -d $2 --time-limit 3600000 -v;../../instancesUC1withLB/mzn/82_oven_scheduling.minizinc_instance_1212-10.35.18.dzn ../../instancesUC1withLB/mzn/warmstart/82_warm_start_82RandomOvenSchedulingInstance-n250-k2-a2--2212-22.44.15.dzn;1;0.915619048;144210;-1;1;171.0;42.0;239.0;21.0;3615.5251;3674.9362;157500.0;singleobj-mzn-gurobiWS-LB-noUB;82;tardiness
1277;~/opl-executable/opl.sh ~/oven-scheduling-problem/solution-methods/cp-optimizer-models/withLB/interval-repr-jobs-noUB-tardiness.mod $file;../../instancesUC1withLB/opl/82_oven_scheduling.cpoptimizer_instance_1212-10.35.17.dat;1;0.001511111;238;-1;1;944.0;344.0;238.0;172.0;3584.97;3600.04;157500.0;singleobj-opl-reprjob-LB-noUB;82;tardiness
1278;~/opl-executable/opl.sh ~/oven-scheduling-problem/solution-methods/cp-optimizer-models/withLB/interval-repr-jobs-warmstart-noUB-tardiness.mod $file;../../instancesUC1withLB/opl/warmstartDataOplDec24/82_warm_start_82RandomOvenSchedulingInstance-n250-k2-a2--2212-22.44.15.dat;1;0.001498413;236;-1;1;1164.0;416.0;236.0;208.0;3584.83;3600.03;157500.0;singleobj-opl-reprjob-LB-WS-noUB;82;tardiness
1279;~/minizinc-executables/mzn-gurobi.sh ~/oven-scheduling-problem/solution-methods/minizinc-models/withLowerBounds/direct-batch-pos-batchcount-objective.mzn $file --time-limit 3600000 -v;../../instancesUC1withLB/mzn/83_oven_scheduling.minizinc_instance_3012-13.23.58.dzn;1;-1.0;-1;-1;-1;;;;;3553.6634;;;singleobj-mzn-gurobi-LB-noUB;83;batchcount
1280;~/minizinc-executables/mzn-gurobi.sh $file ~/oven-scheduling-problem/solution-methods/minizinc-models/withLowerBounds/direct-batch-pos-warmstart-noUB-batchcount-objective.mzn $1 -d $2 --time-limit 3600000 -v;../../instancesUC1withLB/mzn/83_oven_scheduling.minizinc_instance_3012-13.23.58.dzn ../../instancesUC1withLB/mzn/warmstart/83_warm_start_83RandomOvenSchedulingInstance-n250-k2-a2--2212-22.44.53.dzn;1;-1.0;-1;-1;-1;;;;;3556.1496;;;singleobj-mzn-gurobiWS-LB-noUB;83;batchcount
1281;~/opl-executable/opl.sh ~/oven-scheduling-problem/solution-methods/cp-optimizer-models/withLB/interval-repr-jobs-noUB-batchcount.mod $file;../../instancesUC1withLB/opl/83_oven_scheduling.cpoptimizer_instance_3012-13.23.57.dat;1;0.000939683;148;-1;1;1015.0;296.0;248.0;148.0;3584.2;3600.04;157500.0;singleobj-opl-reprjob-LB-noUB;83;batchcount
1282;~/opl-executable/opl.sh ~/oven-scheduling-problem/solution-methods/cp-optimizer-models/withLB/interval-repr-jobs-warmstart-noUB-batchcount.mod $file;../../instancesUC1withLB/opl/warmstartDataOplDec24/83_warm_start_83RandomOvenSchedulingInstance-n250-k2-a2--2212-22.44.53.dat;1;0.000952381;150;-1;1;998.0;300.0;248.0;150.0;3584.17;3600.04;157500.0;singleobj-opl-reprjob-LB-WS-noUB;83;batchcount
1283;~/minizinc-executables/mzn-gurobi.sh ~/oven-scheduling-problem/solution-methods/minizinc-models/withLowerBounds/direct-batch-pos-ovenruntime-objective.mzn $file --time-limit 3600000 -v;../../instancesUC1withLB/mzn/83_oven_scheduling.minizinc_instance_3012-13.23.58.dzn;1;-1.0;-1;-1;-1;;;;;3554.4307;;;singleobj-mzn-gurobi-LB-noUB;83;ovenruntime
1284;~/minizinc-executables/mzn-gurobi.sh $file ~/oven-scheduling-problem/solution-methods/minizinc-models/withLowerBounds/direct-batch-pos-warmstart-noUB-ovenruntime-objective.mzn $1 -d $2 --time-limit 3600000 -v;../../instancesUC1withLB/mzn/83_oven_scheduling.minizinc_instance_3012-13.23.58.dzn ../../instancesUC1withLB/mzn/warmstart/83_warm_start_83RandomOvenSchedulingInstance-n250-k2-a2--2212-22.44.53.dzn;1;-1.0;-1;-1;-1;;;;;3554.41;;;singleobj-mzn-gurobiWS-LB-noUB;83;ovenruntime
1285;~/opl-executable/opl.sh ~/oven-scheduling-problem/solution-methods/cp-optimizer-models/withLB/interval-repr-jobs-noUB-ovenruntime.mod $file;../../instancesUC1withLB/opl/83_oven_scheduling.cpoptimizer_instance_3012-13.23.57.dat;1;0.005695238;897;-1;1;897.0;302.0;247.0;151.0;3584.26;3600.03;157500.0;singleobj-opl-reprjob-LB-noUB;83;ovenruntime
1286;~/opl-executable/opl.sh ~/oven-scheduling-problem/solution-methods/cp-optimizer-models/withLB/interval-repr-jobs-warmstart-noUB-ovenruntime.mod $file;../../instancesUC1withLB/opl/warmstartDataOplDec24/83_warm_start_83RandomOvenSchedulingInstance-n250-k2-a2--2212-22.44.53.dat;1;0.005695238;897;-1;1;897.0;298.0;248.0;149.0;3583.83;3600.03;157500.0;singleobj-opl-reprjob-LB-WS-noUB;83;ovenruntime
1287;~/minizinc-executables/mzn-gurobi.sh ~/oven-scheduling-problem/solution-methods/minizinc-models/withLowerBounds/direct-batch-pos-setupcosts-objective.mzn $file --time-limit 3600000 -v;../../instancesUC1withLB/mzn/83_oven_scheduling.minizinc_instance_3012-13.23.58.dzn;1;-1.0;-1;-1;-1;;;;;3560.3212;;;singleobj-mzn-gurobi-LB-noUB;83;setupcosts
1288;~/minizinc-executables/mzn-gurobi.sh $file ~/oven-scheduling-problem/solution-methods/minizinc-models/withLowerBounds/direct-batch-pos-warmstart-noUB-setupcosts-objective.mzn $1 -d $2 --time-limit 3600000 -v;../../instancesUC1withLB/mzn/83_oven_scheduling.minizinc_instance_3012-13.23.58.dzn ../../instancesUC1withLB/mzn/warmstart/83_warm_start_83RandomOvenSchedulingInstance-n250-k2-a2--2212-22.44.53.dzn;1;0.972660317;153194;-1;1;1175.0;298.0;246.0;149.0;3615.7661;3673.8403;157500.0;singleobj-mzn-gurobiWS-LB-noUB;83;setupcosts
1289;~/opl-executable/opl.sh ~/oven-scheduling-problem/solution-methods/cp-optimizer-models/withLB/interval-repr-jobs-noUB-setupcosts.mod $file;../../instancesUC1withLB/opl/83_oven_scheduling.cpoptimizer_instance_3012-13.23.57.dat;1;0.001904762;300;-1;1;968.0;300.0;246.0;150.0;3584.31;3600.03;157500.0;singleobj-opl-reprjob-LB-noUB;83;setupcosts
1290;~/opl-executable/opl.sh ~/oven-scheduling-problem/solution-methods/cp-optimizer-models/withLB/interval-repr-jobs-warmstart-noUB-setupcosts.mod $file;../../instancesUC1withLB/opl/warmstartDataOplDec24/83_warm_start_83RandomOvenSchedulingInstance-n250-k2-a2--2212-22.44.53.dat;1;0.001904762;300;-1;1;998.0;300.0;248.0;150.0;3584.25;3600.04;157500.0;singleobj-opl-reprjob-LB-WS-noUB;83;setupcosts
1291;~/minizinc-executables/mzn-gurobi.sh ~/oven-scheduling-problem/solution-methods/minizinc-models/withLowerBounds/direct-batch-pos-tardiness-objective.mzn $file --time-limit 3600000 -v;../../instancesUC1withLB/mzn/83_oven_scheduling.minizinc_instance_3012-13.23.58.dzn;1;-1.0;-1;-1;-1;;;;;3552.3542;;;singleobj-mzn-gurobi-LB-noUB;83;tardiness
1292;~/minizinc-executables/mzn-gurobi.sh $file ~/oven-scheduling-problem/solution-methods/minizinc-models/withLowerBounds/direct-batch-pos-warmstart-noUB-tardiness-objective.mzn $1 -d $2 --time-limit 3600000 -v;../../instancesUC1withLB/mzn/83_oven_scheduling.minizinc_instance_3012-13.23.58.dzn ../../instancesUC1withLB/mzn/warmstart/83_warm_start_83RandomOvenSchedulingInstance-n250-k2-a2--2212-22.44.53.dzn;1;-1.0;-1;-1;-1;;;;;3556.1046;;;singleobj-mzn-gurobiWS-LB-noUB;83;tardiness
1293;~/opl-executable/opl.sh ~/oven-scheduling-problem/solution-methods/cp-optimizer-models/withLB/interval-repr-jobs-noUB-tardiness.mod $file;../../instancesUC1withLB/opl/83_oven_scheduling.cpoptimizer_instance_3012-13.23.57.dat;1;0.001301587;205;-1;1;1388.0;490.0;205.0;245.0;3583.7;3600.04;157500.0;singleobj-opl-reprjob-LB-noUB;83;tardiness
1294;~/opl-executable/opl.sh ~/oven-scheduling-problem/solution-methods/cp-optimizer-models/withLB/interval-repr-jobs-warmstart-noUB-tardiness.mod $file;../../instancesUC1withLB/opl/warmstartDataOplDec24/83_warm_start_83RandomOvenSchedulingInstance-n250-k2-a2--2212-22.44.53.dat;1;0.001295238;204;-1;1;1387.0;490.0;204.0;245.0;3583.59;3600.03;157500.0;singleobj-opl-reprjob-LB-WS-noUB;83;tardiness
1295;~/minizinc-executables/mzn-gurobi.sh ~/oven-scheduling-problem/solution-methods/minizinc-models/withLowerBounds/direct-batch-pos-batchcount-objective.mzn $file --time-limit 3600000 -v;../../instancesUC1withLB/mzn/84_oven_scheduling.minizinc_instance_3012-13.24.00.dzn;1;0.989240417;395979337;-1;1;11195.0;2059.0;250.0;172.0;3617.9643;3679.8598;400286250.0;singleobj-mzn-gurobi-LB-noUB;84;batchcount
1296;~/minizinc-executables/mzn-gurobi.sh $file ~/oven-scheduling-problem/solution-methods/minizinc-models/withLowerBounds/direct-batch-pos-warmstart-noUB-batchcount-objective.mzn $1 -d $2 --time-limit 3600000 -v;../../instancesUC1withLB/mzn/84_oven_scheduling.minizinc_instance_3012-13.24.00.dzn ../../instancesUC1withLB/mzn/warmstart/84_warm_start_84RandomOvenSchedulingInstance-n250-k2-a2--2212-22.44.59.dzn;1;-1.0;-1;-1;-1;;;;;3549.7826;;;singleobj-mzn-gurobiWS-LB-noUB;84;batchcount
1297;~/opl-executable/opl.sh ~/oven-scheduling-problem/solution-methods/cp-optimizer-models/withLB/interval-repr-jobs-noUB-batchcount.mod $file;../../instancesUC1withLB/opl/84_oven_scheduling.cpoptimizer_instance_3012-13.23.59.dat;1;3.87e-07;155;-1;1;8863.0;1634.0;250.0;155.0;3584.8;3600.04;400286250.0;singleobj-opl-reprjob-LB-noUB;84;batchcount
1298;~/opl-executable/opl.sh ~/oven-scheduling-problem/solution-methods/cp-optimizer-models/withLB/interval-repr-jobs-warmstart-noUB-batchcount.mod $file;../../instancesUC1withLB/opl/warmstartDataOplDec24/84_warm_start_84RandomOvenSchedulingInstance-n250-k2-a2--2212-22.44.59.dat;1;3.85e-07;154;-1;1;8607.0;1633.0;250.0;154.0;3584.67;3600.04;400286250.0;singleobj-opl-reprjob-LB-WS-noUB;84;batchcount
1299;~/minizinc-executables/mzn-gurobi.sh ~/oven-scheduling-problem/solution-methods/minizinc-models/withLowerBounds/direct-batch-pos-ovenruntime-objective.mzn $file --time-limit 3600000 -v;../../instancesUC1withLB/mzn/84_oven_scheduling.minizinc_instance_3012-13.24.00.dzn;1;-1.0;-1;-1;-1;;;;;3552.1643;;;singleobj-mzn-gurobi-LB-noUB;84;ovenruntime
1300;~/minizinc-executables/mzn-gurobi.sh $file ~/oven-scheduling-problem/solution-methods/minizinc-models/withLowerBounds/direct-batch-pos-warmstart-noUB-ovenruntime-objective.mzn $1 -d $2 --time-limit 3600000 -v;../../instancesUC1withLB/mzn/84_oven_scheduling.minizinc_instance_3012-13.24.00.dzn ../../instancesUC1withLB/mzn/warmstart/84_warm_start_84RandomOvenSchedulingInstance-n250-k2-a2--2212-22.44.59.dzn;1;-1.0;-1;-1;-1;;;;;3550.1433;;;singleobj-mzn-gurobiWS-LB-noUB;84;ovenruntime
1301;~/opl-executable/opl.sh ~/oven-scheduling-problem/solution-methods/cp-optimizer-models/withLB/interval-repr-jobs-noUB-ovenruntime.mod $file;../../instancesUC1withLB/opl/84_oven_scheduling.cpoptimizer_instance_3012-13.23.59.dat;1;2.1e-05;8418;-1;1;8418.0;1532.0;250.0;156.0;3584.78;3600.03;400286250.0;singleobj-opl-reprjob-LB-noUB;84;ovenruntime
1302;~/opl-executable/opl.sh ~/oven-scheduling-problem/solution-methods/cp-optimizer-models/withLB/interval-repr-jobs-warmstart-noUB-ovenruntime.mod $file;../../instancesUC1withLB/opl/warmstartDataOplDec24/84_warm_start_84RandomOvenSchedulingInstance-n250-k2-a2--2212-22.44.59.dat;1;2.06e-05;8232;-1;1;8232.0;1738.0;250.0;154.0;3584.7;3600.04;400286250.0;singleobj-opl-reprjob-LB-WS-noUB;84;ovenruntime
1303;~/minizinc-executables/mzn-gurobi.sh ~/oven-scheduling-problem/solution-methods/minizinc-models/withLowerBounds/direct-batch-pos-setupcosts-objective.mzn $file --time-limit 3600000 -v;../../instancesUC1withLB/mzn/84_oven_scheduling.minizinc_instance_3012-13.24.00.dzn;1;-1.0;-1;-1;-1;;;;;3546.6237;;;singleobj-mzn-gurobi-LB-noUB;84;setupcosts
1304;~/minizinc-executables/mzn-gurobi.sh $file ~/oven-scheduling-problem/solution-methods/minizinc-models/withLowerBounds/direct-batch-pos-warmstart-noUB-setupcosts-objective.mzn $1 -d $2 --time-limit 3600000 -v;../../instancesUC1withLB/mzn/84_oven_scheduling.minizinc_instance_3012-13.24.00.dzn ../../instancesUC1withLB/mzn/warmstart/84_warm_start_84RandomOvenSchedulingInstance-n250-k2-a2--2212-22.44.59.dzn;1;-1.0;-1;-1;-1;;;;;3552.4322;;;singleobj-mzn-gurobiWS-LB-noUB;84;setupcosts
1305;~/opl-executable/opl.sh ~/oven-scheduling-problem/solution-methods/cp-optimizer-models/withLB/interval-repr-jobs-noUB-setupcosts.mod $file;../../instancesUC1withLB/opl/84_oven_scheduling.cpoptimizer_instance_3012-13.23.59.dat;1;3.86e-06;1545;-1;1;10408.0;1545.0;250.0;188.0;3585.04;3600.03;400286250.0;singleobj-opl-reprjob-LB-noUB;84;setupcosts
1306;~/opl-executable/opl.sh ~/oven-scheduling-problem/solution-methods/cp-optimizer-models/withLB/interval-repr-jobs-warmstart-noUB-setupcosts.mod $file;../../instancesUC1withLB/opl/warmstartDataOplDec24/84_warm_start_84RandomOvenSchedulingInstance-n250-k2-a2--2212-22.44.59.dat;1;3.81e-06;1526;-1;1;9701.0;1526.0;250.0;175.0;3584.42;3600.04;400286250.0;singleobj-opl-reprjob-LB-WS-noUB;84;setupcosts
1307;~/minizinc-executables/mzn-gurobi.sh ~/oven-scheduling-problem/solution-methods/minizinc-models/withLowerBounds/direct-batch-pos-tardiness-objective.mzn $file --time-limit 3600000 -v;../../instancesUC1withLB/mzn/84_oven_scheduling.minizinc_instance_3012-13.24.00.dzn;1;-1.0;-1;-1;-1;;;;;3550.675;;;singleobj-mzn-gurobi-LB-noUB;84;tardiness
1308;~/minizinc-executables/mzn-gurobi.sh $file ~/oven-scheduling-problem/solution-methods/minizinc-models/withLowerBounds/direct-batch-pos-warmstart-noUB-tardiness-objective.mzn $1 -d $2 --time-limit 3600000 -v;../../instancesUC1withLB/mzn/84_oven_scheduling.minizinc_instance_3012-13.24.00.dzn ../../instancesUC1withLB/mzn/warmstart/84_warm_start_84RandomOvenSchedulingInstance-n250-k2-a2--2212-22.44.59.dzn;1;0.994984484;398278608;1;1;12720.0;2776.0;250.0;241.0;2948.8701;3009.6609;400286250.0;singleobj-mzn-gurobiWS-LB-noUB;84;tardiness
1309;~/opl-executable/opl.sh ~/oven-scheduling-problem/solution-methods/cp-optimizer-models/withLB/interval-repr-jobs-noUB-tardiness.mod $file;../../instancesUC1withLB/opl/84_oven_scheduling.cpoptimizer_instance_3012-13.23.59.dat;1;6.25e-07;250;1;1;12745.0;2935.0;250.0;250.0;0.85;16.03;400286250.0;singleobj-opl-reprjob-LB-noUB;84;tardiness
1310;~/opl-executable/opl.sh ~/oven-scheduling-problem/solution-methods/cp-optimizer-models/withLB/interval-repr-jobs-warmstart-noUB-tardiness.mod $file;../../instancesUC1withLB/opl/warmstartDataOplDec24/84_warm_start_84RandomOvenSchedulingInstance-n250-k2-a2--2212-22.44.59.dat;1;6.25e-07;250;1;1;9067.0;1879.0;250.0;162.0;0.47;15.46;400286250.0;singleobj-opl-reprjob-LB-WS-noUB;84;tardiness
1311;~/minizinc-executables/mzn-gurobi.sh ~/oven-scheduling-problem/solution-methods/minizinc-models/withLowerBounds/direct-batch-pos-batchcount-objective.mzn $file --time-limit 3600000 -v;../../instancesUC1withLB/mzn/85_oven_scheduling.minizinc_instance_3012-13.24.02.dzn;1;-1.0;-1;-1;-1;;;;;3558.1355;;;singleobj-mzn-gurobi-LB-noUB;85;batchcount
1312;~/minizinc-executables/mzn-gurobi.sh $file ~/oven-scheduling-problem/solution-methods/minizinc-models/withLowerBounds/direct-batch-pos-warmstart-noUB-batchcount-objective.mzn $1 -d $2 --time-limit 3600000 -v;../../instancesUC1withLB/mzn/85_oven_scheduling.minizinc_instance_3012-13.24.02.dzn ../../instancesUC1withLB/mzn/warmstart/85_warm_start_85RandomOvenSchedulingInstance-n250-k2-a2--2212-22.47.02.dzn;1;-1.0;-1;-1;-1;;;;;3557.1513;;;singleobj-mzn-gurobiWS-LB-noUB;85;batchcount
1313;~/opl-executable/opl.sh ~/oven-scheduling-problem/solution-methods/cp-optimizer-models/withLB/interval-repr-jobs-noUB-batchcount.mod $file;../../instancesUC1withLB/opl/85_oven_scheduling.cpoptimizer_instance_3012-13.24.01.dat;1;0.001415873;223;-1;1;1284.0;561.0;246.0;223.0;3584.45;3600.04;157500.0;singleobj-opl-reprjob-LB-noUB;85;batchcount
1314;~/opl-executable/opl.sh ~/oven-scheduling-problem/solution-methods/cp-optimizer-models/withLB/interval-repr-jobs-warmstart-noUB-batchcount.mod $file;../../instancesUC1withLB/opl/warmstartDataOplDec24/85_warm_start_85RandomOvenSchedulingInstance-n250-k2-a2--2212-22.47.02.dat;1;0.000926984;146;-1;1;911.0;366.0;246.0;146.0;3584.49;3600.04;157500.0;singleobj-opl-reprjob-LB-WS-noUB;85;batchcount
1315;~/minizinc-executables/mzn-gurobi.sh ~/oven-scheduling-problem/solution-methods/minizinc-models/withLowerBounds/direct-batch-pos-ovenruntime-objective.mzn $file --time-limit 3600000 -v;../../instancesUC1withLB/mzn/85_oven_scheduling.minizinc_instance_3012-13.24.02.dzn;1;-1.0;-1;-1;-1;;;;;3558.231;;;singleobj-mzn-gurobi-LB-noUB;85;ovenruntime
1316;~/minizinc-executables/mzn-gurobi.sh $file ~/oven-scheduling-problem/solution-methods/minizinc-models/withLowerBounds/direct-batch-pos-warmstart-noUB-ovenruntime-objective.mzn $1 -d $2 --time-limit 3600000 -v;../../instancesUC1withLB/mzn/85_oven_scheduling.minizinc_instance_3012-13.24.02.dzn ../../instancesUC1withLB/mzn/warmstart/85_warm_start_85RandomOvenSchedulingInstance-n250-k2-a2--2212-22.47.02.dzn;1;-1.0;-1;-1;-1;;;;;3556.6599;;;singleobj-mzn-gurobiWS-LB-noUB;85;ovenruntime
1317;~/opl-executable/opl.sh ~/oven-scheduling-problem/solution-methods/cp-optimizer-models/withLB/interval-repr-jobs-noUB-ovenruntime.mod $file;../../instancesUC1withLB/opl/85_oven_scheduling.cpoptimizer_instance_3012-13.24.01.dat;1;0.007866667;1239;-1;1;1239.0;503.0;243.0;201.0;3584.09;3600.03;157500.0;singleobj-opl-reprjob-LB-noUB;85;ovenruntime
1318;~/opl-executable/opl.sh ~/oven-scheduling-problem/solution-methods/cp-optimizer-models/withLB/interval-repr-jobs-warmstart-noUB-ovenruntime.mod $file;../../instancesUC1withLB/opl/warmstartDataOplDec24/85_warm_start_85RandomOvenSchedulingInstance-n250-k2-a2--2212-22.47.02.dat;1;0.005079365;800;-1;1;800.0;369.0;248.0;147.0;3584.25;3600.04;157500.0;singleobj-opl-reprjob-LB-WS-noUB;85;ovenruntime
1319;~/minizinc-executables/mzn-gurobi.sh ~/oven-scheduling-problem/solution-methods/minizinc-models/withLowerBounds/direct-batch-pos-setupcosts-objective.mzn $file --time-limit 3600000 -v;../../instancesUC1withLB/mzn/85_oven_scheduling.minizinc_instance_3012-13.24.02.dzn;1;-1.0;-1;-1;-1;;;;;3555.3017;;;singleobj-mzn-gurobi-LB-noUB;85;setupcosts
1320;~/minizinc-executables/mzn-gurobi.sh $file ~/oven-scheduling-problem/solution-methods/minizinc-models/withLowerBounds/direct-batch-pos-warmstart-noUB-setupcosts-objective.mzn $1 -d $2 --time-limit 3600000 -v;../../instancesUC1withLB/mzn/85_oven_scheduling.minizinc_instance_3012-13.24.02.dzn ../../instancesUC1withLB/mzn/warmstart/85_warm_start_85RandomOvenSchedulingInstance-n250-k2-a2--2212-22.47.02.dzn;1;-1.0;-1;-1;-1;;;;;3557.4202;;;singleobj-mzn-gurobiWS-LB-noUB;85;setupcosts
1321;~/opl-executable/opl.sh ~/oven-scheduling-problem/solution-methods/cp-optimizer-models/withLB/interval-repr-jobs-noUB-setupcosts.mod $file;../../instancesUC1withLB/opl/85_oven_scheduling.cpoptimizer_instance_3012-13.24.01.dat;1;0.003555556;560;-1;1;1286.0;560.0;242.0;224.0;3584.58;3600.03;157500.0;singleobj-opl-reprjob-LB-noUB;85;setupcosts
1322;~/opl-executable/opl.sh ~/oven-scheduling-problem/solution-methods/cp-optimizer-models/withLB/interval-repr-jobs-warmstart-noUB-setupcosts.mod $file;../../instancesUC1withLB/opl/warmstartDataOplDec24/85_warm_start_85RandomOvenSchedulingInstance-n250-k2-a2--2212-22.47.02.dat;1;0.00232381;366;-1;1;911.0;366.0;246.0;146.0;3583.88;3600.04;157500.0;singleobj-opl-reprjob-LB-WS-noUB;85;setupcosts
1323;~/minizinc-executables/mzn-gurobi.sh ~/oven-scheduling-problem/solution-methods/minizinc-models/withLowerBounds/direct-batch-pos-tardiness-objective.mzn $file --time-limit 3600000 -v;../../instancesUC1withLB/mzn/85_oven_scheduling.minizinc_instance_3012-13.24.02.dzn;1;-1.0;-1;-1;-1;;;;;3560.0693;;;singleobj-mzn-gurobi-LB-noUB;85;tardiness
1324;~/minizinc-executables/mzn-gurobi.sh $file ~/oven-scheduling-problem/solution-methods/minizinc-models/withLowerBounds/direct-batch-pos-warmstart-noUB-tardiness-objective.mzn $1 -d $2 --time-limit 3600000 -v;../../instancesUC1withLB/mzn/85_oven_scheduling.minizinc_instance_3012-13.24.02.dzn ../../instancesUC1withLB/mzn/warmstart/85_warm_start_85RandomOvenSchedulingInstance-n250-k2-a2--2212-22.47.02.dzn;1;-1.0;-1;-1;-1;;;;;3555.1284;;;singleobj-mzn-gurobiWS-LB-noUB;85;tardiness
1325;~/opl-executable/opl.sh ~/oven-scheduling-problem/solution-methods/cp-optimizer-models/withLB/interval-repr-jobs-noUB-tardiness.mod $file;../../instancesUC1withLB/opl/85_oven_scheduling.cpoptimizer_instance_3012-13.24.01.dat;1;0.001530159;241;-1;1;1317.0;627.0;241.0;250.0;3584.23;3600.04;157500.0;singleobj-opl-reprjob-LB-noUB;85;tardiness
1326;~/opl-executable/opl.sh ~/oven-scheduling-problem/solution-methods/cp-optimizer-models/withLB/interval-repr-jobs-warmstart-noUB-tardiness.mod $file;../../instancesUC1withLB/opl/warmstartDataOplDec24/85_warm_start_85RandomOvenSchedulingInstance-n250-k2-a2--2212-22.47.02.dat;1;0.001307937;206;-1;1;1079.0;509.0;206.0;200.0;3584.63;3600.03;157500.0;singleobj-opl-reprjob-LB-WS-noUB;85;tardiness
1327;~/minizinc-executables/mzn-gurobi.sh ~/oven-scheduling-problem/solution-methods/minizinc-models/withLowerBounds/direct-batch-pos-batchcount-objective.mzn $file --time-limit 3600000 -v;../../instancesUC1withLB/mzn/86_oven_scheduling.minizinc_instance_3012-13.24.03.dzn;1;-1.0;-1;-1;-1;;;;;3554.4161;;;singleobj-mzn-gurobi-LB-noUB;86;batchcount
1328;~/minizinc-executables/mzn-gurobi.sh $file ~/oven-scheduling-problem/solution-methods/minizinc-models/withLowerBounds/direct-batch-pos-warmstart-noUB-batchcount-objective.mzn $1 -d $2 --time-limit 3600000 -v;../../instancesUC1withLB/mzn/86_oven_scheduling.minizinc_instance_3012-13.24.03.dzn ../../instancesUC1withLB/mzn/warmstart/86_warm_start_86RandomOvenSchedulingInstance-n250-k2-a5--2212-22.47.09.dzn;1;-1.0;-1;-1;-1;;;;;3552.6541;;;singleobj-mzn-gurobiWS-LB-noUB;86;batchcount
1329;~/opl-executable/opl.sh ~/oven-scheduling-problem/solution-methods/cp-optimizer-models/withLB/interval-repr-jobs-noUB-batchcount.mod $file;../../instancesUC1withLB/opl/86_oven_scheduling.cpoptimizer_instance_3012-13.24.03.dat;1;-1.0;-1;-1;-1;;;;;3585.33;3600.03;-1.0;singleobj-opl-reprjob-LB-noUB;86;batchcount
1330;~/opl-executable/opl.sh ~/oven-scheduling-problem/solution-methods/cp-optimizer-models/withLB/interval-repr-jobs-warmstart-noUB-batchcount.mod $file;../../instancesUC1withLB/opl/warmstartDataOplDec24/86_warm_start_86RandomOvenSchedulingInstance-n250-k2-a5--2212-22.47.09.dat;1;0.000946032;149;-1;1;1019.0;235.0;250.0;149.0;3585.5;3600.02;157500.0;singleobj-opl-reprjob-LB-WS-noUB;86;batchcount
1331;~/minizinc-executables/mzn-gurobi.sh ~/oven-scheduling-problem/solution-methods/minizinc-models/withLowerBounds/direct-batch-pos-ovenruntime-objective.mzn $file --time-limit 3600000 -v;../../instancesUC1withLB/mzn/86_oven_scheduling.minizinc_instance_3012-13.24.03.dzn;1;-1.0;-1;-1;-1;;;;;3554.1424;;;singleobj-mzn-gurobi-LB-noUB;86;ovenruntime
1332;~/minizinc-executables/mzn-gurobi.sh $file ~/oven-scheduling-problem/solution-methods/minizinc-models/withLowerBounds/direct-batch-pos-warmstart-noUB-ovenruntime-objective.mzn $1 -d $2 --time-limit 3600000 -v;../../instancesUC1withLB/mzn/86_oven_scheduling.minizinc_instance_3012-13.24.03.dzn ../../instancesUC1withLB/mzn/warmstart/86_warm_start_86RandomOvenSchedulingInstance-n250-k2-a5--2212-22.47.09.dzn;1;-1.0;-1;-1;-1;;;;;3554.6203;;;singleobj-mzn-gurobiWS-LB-noUB;86;ovenruntime
1333;~/opl-executable/opl.sh ~/oven-scheduling-problem/solution-methods/cp-optimizer-models/withLB/interval-repr-jobs-noUB-ovenruntime.mod $file;../../instancesUC1withLB/opl/86_oven_scheduling.cpoptimizer_instance_3012-13.24.03.dat;1;-1.0;-1;-1;-1;;;;;3585.64;3600.04;-1.0;singleobj-opl-reprjob-LB-noUB;86;ovenruntime
1334;~/opl-executable/opl.sh ~/oven-scheduling-problem/solution-methods/cp-optimizer-models/withLB/interval-repr-jobs-warmstart-noUB-ovenruntime.mod $file;../../instancesUC1withLB/opl/warmstartDataOplDec24/86_warm_start_86RandomOvenSchedulingInstance-n250-k2-a5--2212-22.47.09.dat;1;0.005453968;859;-1;1;859.0;216.0;250.0;147.0;3584.99;3600.04;157500.0;singleobj-opl-reprjob-LB-WS-noUB;86;ovenruntime
1335;~/minizinc-executables/mzn-gurobi.sh ~/oven-scheduling-problem/solution-methods/minizinc-models/withLowerBounds/direct-batch-pos-setupcosts-objective.mzn $file --time-limit 3600000 -v;../../instancesUC1withLB/mzn/86_oven_scheduling.minizinc_instance_3012-13.24.03.dzn;1;-1.0;-1;-1;-1;;;;;3553.6065;;;singleobj-mzn-gurobi-LB-noUB;86;setupcosts
1336;~/minizinc-executables/mzn-gurobi.sh $file ~/oven-scheduling-problem/solution-methods/minizinc-models/withLowerBounds/direct-batch-pos-warmstart-noUB-setupcosts-objective.mzn $1 -d $2 --time-limit 3600000 -v;../../instancesUC1withLB/mzn/86_oven_scheduling.minizinc_instance_3012-13.24.03.dzn ../../instancesUC1withLB/mzn/warmstart/86_warm_start_86RandomOvenSchedulingInstance-n250-k2-a5--2212-22.47.09.dzn;1;-1.0;-1;-1;-1;;;;;3552.8479;;;singleobj-mzn-gurobiWS-LB-noUB;86;setupcosts
1337;~/opl-executable/opl.sh ~/oven-scheduling-problem/solution-methods/cp-optimizer-models/withLB/interval-repr-jobs-noUB-setupcosts.mod $file;../../instancesUC1withLB/opl/86_oven_scheduling.cpoptimizer_instance_3012-13.24.03.dat;1;-1.0;-1;-1;-1;;;;;3585.38;3600.02;-1.0;singleobj-opl-reprjob-LB-noUB;86;setupcosts
1338;~/opl-executable/opl.sh ~/oven-scheduling-problem/solution-methods/cp-optimizer-models/withLB/interval-repr-jobs-warmstart-noUB-setupcosts.mod $file;../../instancesUC1withLB/opl/warmstartDataOplDec24/86_warm_start_86RandomOvenSchedulingInstance-n250-k2-a5--2212-22.47.09.dat;1;0.00024127;38;-1;1;1168.0;38.0;250.0;183.0;3585.72;3600.04;157500.0;singleobj-opl-reprjob-LB-WS-noUB;86;setupcosts
1339;~/minizinc-executables/mzn-gurobi.sh ~/oven-scheduling-problem/solution-methods/minizinc-models/withLowerBounds/direct-batch-pos-tardiness-objective.mzn $file --time-limit 3600000 -v;../../instancesUC1withLB/mzn/86_oven_scheduling.minizinc_instance_3012-13.24.03.dzn;1;-1.0;-1;-1;-1;;;;;3554.5208;;;singleobj-mzn-gurobi-LB-noUB;86;tardiness
1340;~/minizinc-executables/mzn-gurobi.sh $file ~/oven-scheduling-problem/solution-methods/minizinc-models/withLowerBounds/direct-batch-pos-warmstart-noUB-tardiness-objective.mzn $1 -d $2 --time-limit 3600000 -v;../../instancesUC1withLB/mzn/86_oven_scheduling.minizinc_instance_3012-13.24.03.dzn ../../instancesUC1withLB/mzn/warmstart/86_warm_start_86RandomOvenSchedulingInstance-n250-k2-a5--2212-22.47.09.dzn;1;0.993587302;156490;1;1;1426.0;393.0;250.0;243.0;2643.5445;2706.2555;157500.0;singleobj-mzn-gurobiWS-LB-noUB;86;tardiness
1341;~/opl-executable/opl.sh ~/oven-scheduling-problem/solution-methods/cp-optimizer-models/withLB/interval-repr-jobs-noUB-tardiness.mod $file;../../instancesUC1withLB/opl/86_oven_scheduling.cpoptimizer_instance_3012-13.24.03.dat;1;-1.0;-1;-1;-1;;;;;3585.64;3600.04;-1.0;singleobj-opl-reprjob-LB-noUB;86;tardiness
1342;~/opl-executable/opl.sh ~/oven-scheduling-problem/solution-methods/cp-optimizer-models/withLB/interval-repr-jobs-warmstart-noUB-tardiness.mod $file;../../instancesUC1withLB/opl/warmstartDataOplDec24/86_warm_start_86RandomOvenSchedulingInstance-n250-k2-a5--2212-22.47.09.dat;1;0.001587302;250;1;1;1019.0;235.0;250.0;149.0;0.43;14.74;157500.0;singleobj-opl-reprjob-LB-WS-noUB;86;tardiness
1343;~/minizinc-executables/mzn-gurobi.sh ~/oven-scheduling-problem/solution-methods/minizinc-models/withLowerBounds/direct-batch-pos-batchcount-objective.mzn $file --time-limit 3600000 -v;../../instancesUC1withLB/mzn/87_oven_scheduling.minizinc_instance_1212-10.35.29.dzn;1;-1.0;-1;-1;-1;;;;;3551.5165;;;singleobj-mzn-gurobi-LB-noUB;87;batchcount
1344;~/minizinc-executables/mzn-gurobi.sh $file ~/oven-scheduling-problem/solution-methods/minizinc-models/withLowerBounds/direct-batch-pos-warmstart-noUB-batchcount-objective.mzn $1 -d $2 --time-limit 3600000 -v;../../instancesUC1withLB/mzn/87_oven_scheduling.minizinc_instance_1212-10.35.29.dzn ../../instancesUC1withLB/mzn/warmstart/87_warm_start_87RandomOvenSchedulingInstance-n250-k2-a5--2212-22.47.15.dzn;1;-1.0;-1;-1;-1;;;;;3553.8481;;;singleobj-mzn-gurobiWS-LB-noUB;87;batchcount
1345;~/opl-executable/opl.sh ~/oven-scheduling-problem/solution-methods/cp-optimizer-models/withLB/interval-repr-jobs-noUB-batchcount.mod $file;../../instancesUC1withLB/opl/87_oven_scheduling.cpoptimizer_instance_1212-10.35.28.dat;1;0.000425397;67;-1;1;559.0;163.0;250.0;67.0;3585.31;3600.04;157500.0;singleobj-opl-reprjob-LB-noUB;87;batchcount
1346;~/opl-executable/opl.sh ~/oven-scheduling-problem/solution-methods/cp-optimizer-models/withLB/interval-repr-jobs-warmstart-noUB-batchcount.mod $file;../../instancesUC1withLB/opl/warmstartDataOplDec24/87_warm_start_87RandomOvenSchedulingInstance-n250-k2-a5--2212-22.47.15.dat;1;0.000444444;70;-1;1;585.0;201.0;250.0;70.0;3585.42;3600.03;157500.0;singleobj-opl-reprjob-LB-WS-noUB;87;batchcount
1347;~/minizinc-executables/mzn-gurobi.sh ~/oven-scheduling-problem/solution-methods/minizinc-models/withLowerBounds/direct-batch-pos-ovenruntime-objective.mzn $file --time-limit 3600000 -v;../../instancesUC1withLB/mzn/87_oven_scheduling.minizinc_instance_1212-10.35.29.dzn;1;-1.0;-1;-1;-1;;;;;3554.4573;;;singleobj-mzn-gurobi-LB-noUB;87;ovenruntime
1348;~/minizinc-executables/mzn-gurobi.sh $file ~/oven-scheduling-problem/solution-methods/minizinc-models/withLowerBounds/direct-batch-pos-warmstart-noUB-ovenruntime-objective.mzn $1 -d $2 --time-limit 3600000 -v;../../instancesUC1withLB/mzn/87_oven_scheduling.minizinc_instance_1212-10.35.29.dzn ../../instancesUC1withLB/mzn/warmstart/87_warm_start_87RandomOvenSchedulingInstance-n250-k2-a5--2212-22.47.15.dzn;1;-1.0;-1;-1;-1;;;;;3554.3078;;;singleobj-mzn-gurobiWS-LB-noUB;87;ovenruntime
1349;~/opl-executable/opl.sh ~/oven-scheduling-problem/solution-methods/cp-optimizer-models/withLB/interval-repr-jobs-noUB-ovenruntime.mod $file;../../instancesUC1withLB/opl/87_oven_scheduling.cpoptimizer_instance_1212-10.35.28.dat;1;0.002761905;435;-1;1;435.0;165.0;250.0;66.0;3585.12;3600.02;157500.0;singleobj-opl-reprjob-LB-noUB;87;ovenruntime
1350;~/opl-executable/opl.sh ~/oven-scheduling-problem/solution-methods/cp-optimizer-models/withLB/interval-repr-jobs-warmstart-noUB-ovenruntime.mod $file;../../instancesUC1withLB/opl/warmstartDataOplDec24/87_warm_start_87RandomOvenSchedulingInstance-n250-k2-a5--2212-22.47.15.dat;1;0.002901587;457;-1;1;457.0;150.0;246.0;66.0;3585.04;3600.04;157500.0;singleobj-opl-reprjob-LB-WS-noUB;87;ovenruntime
1351;~/minizinc-executables/mzn-gurobi.sh ~/oven-scheduling-problem/solution-methods/minizinc-models/withLowerBounds/direct-batch-pos-setupcosts-objective.mzn $file --time-limit 3600000 -v;../../instancesUC1withLB/mzn/87_oven_scheduling.minizinc_instance_1212-10.35.29.dzn;1;-1.0;-1;-1;-1;;;;;3552.18;;;singleobj-mzn-gurobi-LB-noUB;87;setupcosts
1352;~/minizinc-executables/mzn-gurobi.sh $file ~/oven-scheduling-problem/solution-methods/minizinc-models/withLowerBounds/direct-batch-pos-warmstart-noUB-setupcosts-objective.mzn $1 -d $2 --time-limit 3600000 -v;../../instancesUC1withLB/mzn/87_oven_scheduling.minizinc_instance_1212-10.35.29.dzn ../../instancesUC1withLB/mzn/warmstart/87_warm_start_87RandomOvenSchedulingInstance-n250-k2-a5--2212-22.47.15.dzn;1;-1.0;-1;-1;-1;;;;;3553.3908;;;singleobj-mzn-gurobiWS-LB-noUB;87;setupcosts
1353;~/opl-executable/opl.sh ~/oven-scheduling-problem/solution-methods/cp-optimizer-models/withLB/interval-repr-jobs-noUB-setupcosts.mod $file;../../instancesUC1withLB/opl/87_oven_scheduling.cpoptimizer_instance_1212-10.35.28.dat;1;0.000526984;83;-1;1;569.0;83.0;245.0;82.0;3584.95;3600.04;157500.0;singleobj-opl-reprjob-LB-noUB;87;setupcosts
1354;~/opl-executable/opl.sh ~/oven-scheduling-problem/solution-methods/cp-optimizer-models/withLB/interval-repr-jobs-warmstart-noUB-setupcosts.mod $file;../../instancesUC1withLB/opl/warmstartDataOplDec24/87_warm_start_87RandomOvenSchedulingInstance-n250-k2-a5--2212-22.47.15.dat;1;0.00048254;76;-1;1;493.0;76.0;247.0;71.0;3585.78;3600.04;157500.0;singleobj-opl-reprjob-LB-WS-noUB;87;setupcosts
1355;~/minizinc-executables/mzn-gurobi.sh ~/oven-scheduling-problem/solution-methods/minizinc-models/withLowerBounds/direct-batch-pos-tardiness-objective.mzn $file --time-limit 3600000 -v;../../instancesUC1withLB/mzn/87_oven_scheduling.minizinc_instance_1212-10.35.29.dzn;1;-1.0;-1;-1;-1;;;;;3551.9477;;;singleobj-mzn-gurobi-LB-noUB;87;tardiness
1356;~/minizinc-executables/mzn-gurobi.sh $file ~/oven-scheduling-problem/solution-methods/minizinc-models/withLowerBounds/direct-batch-pos-warmstart-noUB-tardiness-objective.mzn $1 -d $2 --time-limit 3600000 -v;../../instancesUC1withLB/mzn/87_oven_scheduling.minizinc_instance_1212-10.35.29.dzn ../../instancesUC1withLB/mzn/warmstart/87_warm_start_87RandomOvenSchedulingInstance-n250-k2-a5--2212-22.47.15.dzn;1;-1.0;-1;-1;-1;;;;;3554.0293;;;singleobj-mzn-gurobiWS-LB-noUB;87;tardiness
1357;~/opl-executable/opl.sh ~/oven-scheduling-problem/solution-methods/cp-optimizer-models/withLB/interval-repr-jobs-noUB-tardiness.mod $file;../../instancesUC1withLB/opl/87_oven_scheduling.cpoptimizer_instance_1212-10.35.28.dat;1;0.001453968;229;-1;1;855.0;375.0;229.0;145.0;3585.38;3600.04;157500.0;singleobj-opl-reprjob-LB-noUB;87;tardiness
1358;~/opl-executable/opl.sh ~/oven-scheduling-problem/solution-methods/cp-optimizer-models/withLB/interval-repr-jobs-warmstart-noUB-tardiness.mod $file;../../instancesUC1withLB/opl/warmstartDataOplDec24/87_warm_start_87RandomOvenSchedulingInstance-n250-k2-a5--2212-22.47.15.dat;1;0.00144127;227;-1;1;970.0;347.0;227.0;155.0;3585.35;3600.04;157500.0;singleobj-opl-reprjob-LB-WS-noUB;87;tardiness
1359;~/minizinc-executables/mzn-gurobi.sh ~/oven-scheduling-problem/solution-methods/minizinc-models/withLowerBounds/direct-batch-pos-batchcount-objective.mzn $file --time-limit 3600000 -v;../../instancesUC1withLB/mzn/88_oven_scheduling.minizinc_instance_1212-10.35.31.dzn;1;-1.0;-1;-1;-1;;;;;3547.3733;;;singleobj-mzn-gurobi-LB-noUB;88;batchcount
1360;~/minizinc-executables/mzn-gurobi.sh $file ~/oven-scheduling-problem/solution-methods/minizinc-models/withLowerBounds/direct-batch-pos-warmstart-noUB-batchcount-objective.mzn $1 -d $2 --time-limit 3600000 -v;../../instancesUC1withLB/mzn/88_oven_scheduling.minizinc_instance_1212-10.35.31.dzn ../../instancesUC1withLB/mzn/warmstart/88_warm_start_88RandomOvenSchedulingInstance-n250-k2-a5--2212-22.47.19.dzn;1;-1.0;-1;-1;-1;;;;;3545.5248;;;singleobj-mzn-gurobiWS-LB-noUB;88;batchcount
1361;~/opl-executable/opl.sh ~/oven-scheduling-problem/solution-methods/cp-optimizer-models/withLB/interval-repr-jobs-noUB-batchcount.mod $file;../../instancesUC1withLB/opl/88_oven_scheduling.cpoptimizer_instance_1212-10.35.30.dat;1;-1.0;-1;-1;-1;;;;;3585.08;3600.04;-1.0;singleobj-opl-reprjob-LB-noUB;88;batchcount
1362;~/opl-executable/opl.sh ~/oven-scheduling-problem/solution-methods/cp-optimizer-models/withLB/interval-repr-jobs-warmstart-noUB-batchcount.mod $file;../../instancesUC1withLB/opl/warmstartDataOplDec24/88_warm_start_88RandomOvenSchedulingInstance-n250-k2-a5--2212-22.47.19.dat;1;5.89e-08;40;-1;1;3219.0;516.0;248.0;40.0;3585.13;3600.03;678562500.0;singleobj-opl-reprjob-LB-WS-noUB;88;batchcount
1363;~/minizinc-executables/mzn-gurobi.sh ~/oven-scheduling-problem/solution-methods/minizinc-models/withLowerBounds/direct-batch-pos-ovenruntime-objective.mzn $file --time-limit 3600000 -v;../../instancesUC1withLB/mzn/88_oven_scheduling.minizinc_instance_1212-10.35.31.dzn;1;-1.0;-1;-1;-1;;;;;3550.1833;;;singleobj-mzn-gurobi-LB-noUB;88;ovenruntime
1364;~/minizinc-executables/mzn-gurobi.sh $file ~/oven-scheduling-problem/solution-methods/minizinc-models/withLowerBounds/direct-batch-pos-warmstart-noUB-ovenruntime-objective.mzn $1 -d $2 --time-limit 3600000 -v;../../instancesUC1withLB/mzn/88_oven_scheduling.minizinc_instance_1212-10.35.31.dzn ../../instancesUC1withLB/mzn/warmstart/88_warm_start_88RandomOvenSchedulingInstance-n250-k2-a5--2212-22.47.19.dzn;1;-1.0;-1;-1;-1;;;;;3551.4012;;;singleobj-mzn-gurobiWS-LB-noUB;88;ovenruntime
1365;~/opl-executable/opl.sh ~/oven-scheduling-problem/solution-methods/cp-optimizer-models/withLB/interval-repr-jobs-noUB-ovenruntime.mod $file;../../instancesUC1withLB/opl/88_oven_scheduling.cpoptimizer_instance_1212-10.35.30.dat;1;-1.0;-1;-1;-1;;;;;3584.82;3600.04;-1.0;singleobj-opl-reprjob-LB-noUB;88;ovenruntime
1366;~/opl-executable/opl.sh ~/oven-scheduling-problem/solution-methods/cp-optimizer-models/withLB/interval-repr-jobs-warmstart-noUB-ovenruntime.mod $file;../../instancesUC1withLB/opl/warmstartDataOplDec24/88_warm_start_88RandomOvenSchedulingInstance-n250-k2-a5--2212-22.47.19.dat;1;3.32e-06;2252;-1;1;2252.0;484.0;249.0;40.0;3585.0;3600.03;678562500.0;singleobj-opl-reprjob-LB-WS-noUB;88;ovenruntime
1367;~/minizinc-executables/mzn-gurobi.sh ~/oven-scheduling-problem/solution-methods/minizinc-models/withLowerBounds/direct-batch-pos-setupcosts-objective.mzn $file --time-limit 3600000 -v;../../instancesUC1withLB/mzn/88_oven_scheduling.minizinc_instance_1212-10.35.31.dzn;1;-1.0;-1;-1;-1;;;;;3548.3094;;;singleobj-mzn-gurobi-LB-noUB;88;setupcosts
1368;~/minizinc-executables/mzn-gurobi.sh $file ~/oven-scheduling-problem/solution-methods/minizinc-models/withLowerBounds/direct-batch-pos-warmstart-noUB-setupcosts-objective.mzn $1 -d $2 --time-limit 3600000 -v;../../instancesUC1withLB/mzn/88_oven_scheduling.minizinc_instance_1212-10.35.31.dzn ../../instancesUC1withLB/mzn/warmstart/88_warm_start_88RandomOvenSchedulingInstance-n250-k2-a5--2212-22.47.19.dzn;1;-1.0;-1;-1;-1;;;;;3548.3422;;;singleobj-mzn-gurobiWS-LB-noUB;88;setupcosts
1369;~/opl-executable/opl.sh ~/oven-scheduling-problem/solution-methods/cp-optimizer-models/withLB/interval-repr-jobs-noUB-setupcosts.mod $file;../../instancesUC1withLB/opl/88_oven_scheduling.cpoptimizer_instance_1212-10.35.30.dat;1;2.77e-06;1878;-1;1;8228.0;1878.0;250.0;158.0;3584.9;3600.04;678562500.0;singleobj-opl-reprjob-LB-noUB;88;setupcosts
1370;~/opl-executable/opl.sh ~/oven-scheduling-problem/solution-methods/cp-optimizer-models/withLB/interval-repr-jobs-warmstart-noUB-setupcosts.mod $file;../../instancesUC1withLB/opl/warmstartDataOplDec24/88_warm_start_88RandomOvenSchedulingInstance-n250-k2-a5--2212-22.47.19.dat;1;1.74e-07;118;-1;1;2987.0;118.0;243.0;39.0;3585.03;3600.02;678562500.0;singleobj-opl-reprjob-LB-WS-noUB;88;setupcosts
1371;~/minizinc-executables/mzn-gurobi.sh ~/oven-scheduling-problem/solution-methods/minizinc-models/withLowerBounds/direct-batch-pos-tardiness-objective.mzn $file --time-limit 3600000 -v;../../instancesUC1withLB/mzn/88_oven_scheduling.minizinc_instance_1212-10.35.31.dzn;1;-1.0;-1;-1;-1;;;;;3548.3386;;;singleobj-mzn-gurobi-LB-noUB;88;tardiness
1372;~/minizinc-executables/mzn-gurobi.sh $file ~/oven-scheduling-problem/solution-methods/minizinc-models/withLowerBounds/direct-batch-pos-warmstart-noUB-tardiness-objective.mzn $1 -d $2 --time-limit 3600000 -v;../../instancesUC1withLB/mzn/88_oven_scheduling.minizinc_instance_1212-10.35.31.dzn ../../instancesUC1withLB/mzn/warmstart/88_warm_start_88RandomOvenSchedulingInstance-n250-k2-a5--2212-22.47.19.dzn;1;-1.0;-1;-1;-1;;;;;3545.4397;;;singleobj-mzn-gurobiWS-LB-noUB;88;tardiness
1373;~/opl-executable/opl.sh ~/oven-scheduling-problem/solution-methods/cp-optimizer-models/withLB/interval-repr-jobs-noUB-tardiness.mod $file;../../instancesUC1withLB/opl/88_oven_scheduling.cpoptimizer_instance_1212-10.35.30.dat;1;-1.0;-1;-1;-1;;;;;3584.83;3600.04;-1.0;singleobj-opl-reprjob-LB-noUB;88;tardiness
1374;~/opl-executable/opl.sh ~/oven-scheduling-problem/solution-methods/cp-optimizer-models/withLB/interval-repr-jobs-warmstart-noUB-tardiness.mod $file;../../instancesUC1withLB/opl/warmstartDataOplDec24/88_warm_start_88RandomOvenSchedulingInstance-n250-k2-a5--2212-22.47.19.dat;1;3.29e-07;223;-1;1;6520.0;1545.0;223.0;132.0;3585.07;3600.04;678562500.0;singleobj-opl-reprjob-LB-WS-noUB;88;tardiness
1375;~/minizinc-executables/mzn-gurobi.sh ~/oven-scheduling-problem/solution-methods/minizinc-models/withLowerBounds/direct-batch-pos-batchcount-objective.mzn $file --time-limit 3600000 -v;../../instancesUC1withLB/mzn/89_oven_scheduling.minizinc_instance_1212-10.35.33.dzn;1;-1.0;-1;-1;-1;;;;;3549.8315;;;singleobj-mzn-gurobi-LB-noUB;89;batchcount
1376;~/minizinc-executables/mzn-gurobi.sh $file ~/oven-scheduling-problem/solution-methods/minizinc-models/withLowerBounds/direct-batch-pos-warmstart-noUB-batchcount-objective.mzn $1 -d $2 --time-limit 3600000 -v;../../instancesUC1withLB/mzn/89_oven_scheduling.minizinc_instance_1212-10.35.33.dzn ../../instancesUC1withLB/mzn/warmstart/89_warm_start_89RandomOvenSchedulingInstance-n250-k2-a5--2212-22.47.22.dzn;1;0.958857143;151020;-1;1;255.0;0.0;250.0;40.0;3616.0992;3677.1292;157500.0;singleobj-mzn-gurobiWS-LB-noUB;89;batchcount
1377;~/opl-executable/opl.sh ~/oven-scheduling-problem/solution-methods/cp-optimizer-models/withLB/interval-repr-jobs-noUB-batchcount.mod $file;../../instancesUC1withLB/opl/89_oven_scheduling.cpoptimizer_instance_1212-10.35.33.dat;1;0.000253968;40;-1;1;257.0;0.0;250.0;40.0;3585.99;3600.04;157500.0;singleobj-opl-reprjob-LB-noUB;89;batchcount
1378;~/opl-executable/opl.sh ~/oven-scheduling-problem/solution-methods/cp-optimizer-models/withLB/interval-repr-jobs-warmstart-noUB-batchcount.mod $file;../../instancesUC1withLB/opl/warmstartDataOplDec24/89_warm_start_89RandomOvenSchedulingInstance-n250-k2-a5--2212-22.47.22.dat;1;0.000253968;40;-1;1;255.0;0.0;250.0;40.0;3585.47;3600.04;157500.0;singleobj-opl-reprjob-LB-WS-noUB;89;batchcount
1379;~/minizinc-executables/mzn-gurobi.sh ~/oven-scheduling-problem/solution-methods/minizinc-models/withLowerBounds/direct-batch-pos-ovenruntime-objective.mzn $file --time-limit 3600000 -v;../../instancesUC1withLB/mzn/89_oven_scheduling.minizinc_instance_1212-10.35.33.dzn;1;-1.0;-1;-1;-1;;;;;3553.2756;;;singleobj-mzn-gurobi-LB-noUB;89;ovenruntime
1380;~/minizinc-executables/mzn-gurobi.sh $file ~/oven-scheduling-problem/solution-methods/minizinc-models/withLowerBounds/direct-batch-pos-warmstart-noUB-ovenruntime-objective.mzn $1 -d $2 --time-limit 3600000 -v;../../instancesUC1withLB/mzn/89_oven_scheduling.minizinc_instance_1212-10.35.33.dzn ../../instancesUC1withLB/mzn/warmstart/89_warm_start_89RandomOvenSchedulingInstance-n250-k2-a5--2212-22.47.22.dzn;1;-1.0;-1;-1;-1;;;;;3552.2053;;;singleobj-mzn-gurobiWS-LB-noUB;89;ovenruntime
1381;~/opl-executable/opl.sh ~/oven-scheduling-problem/solution-methods/cp-optimizer-models/withLB/interval-repr-jobs-noUB-ovenruntime.mod $file;../../instancesUC1withLB/opl/89_oven_scheduling.cpoptimizer_instance_1212-10.35.33.dat;1;0.001612698;254;-1;1;254.0;0.0;250.0;41.0;3585.63;3600.04;157500.0;singleobj-opl-reprjob-LB-noUB;89;ovenruntime
1382;~/opl-executable/opl.sh ~/oven-scheduling-problem/solution-methods/cp-optimizer-models/withLB/interval-repr-jobs-warmstart-noUB-ovenruntime.mod $file;../../instancesUC1withLB/opl/warmstartDataOplDec24/89_warm_start_89RandomOvenSchedulingInstance-n250-k2-a5--2212-22.47.22.dat;1;0.001619048;255;-1;1;255.0;0.0;250.0;41.0;3585.74;3600.03;157500.0;singleobj-opl-reprjob-LB-WS-noUB;89;ovenruntime
1383;~/minizinc-executables/mzn-gurobi.sh ~/oven-scheduling-problem/solution-methods/minizinc-models/withLowerBounds/direct-batch-pos-setupcosts-objective.mzn $file --time-limit 3600000 -v;../../instancesUC1withLB/mzn/89_oven_scheduling.minizinc_instance_1212-10.35.33.dzn;1;-1.0;-1;-1;-1;;;;;3546.8644;;;singleobj-mzn-gurobi-LB-noUB;89;setupcosts
1384;~/minizinc-executables/mzn-gurobi.sh $file ~/oven-scheduling-problem/solution-methods/minizinc-models/withLowerBounds/direct-batch-pos-warmstart-noUB-setupcosts-objective.mzn $1 -d $2 --time-limit 3600000 -v;../../instancesUC1withLB/mzn/89_oven_scheduling.minizinc_instance_1212-10.35.33.dzn ../../instancesUC1withLB/mzn/warmstart/89_warm_start_89RandomOvenSchedulingInstance-n250-k2-a5--2212-22.47.22.dzn;1;0.960025397;151204;1;1;301.0;0.0;250.0;49.0;89.5876;150.6902;157500.0;singleobj-mzn-gurobiWS-LB-noUB;89;setupcosts
1385;~/opl-executable/opl.sh ~/oven-scheduling-problem/solution-methods/cp-optimizer-models/withLB/interval-repr-jobs-noUB-setupcosts.mod $file;../../instancesUC1withLB/opl/89_oven_scheduling.cpoptimizer_instance_1212-10.35.33.dat;1;0.0;0;1;1;1297.0;0.0;250.0;238.0;2.2;16.45;157500.0;singleobj-opl-reprjob-LB-noUB;89;setupcosts
1386;~/opl-executable/opl.sh ~/oven-scheduling-problem/solution-methods/cp-optimizer-models/withLB/interval-repr-jobs-warmstart-noUB-setupcosts.mod $file;../../instancesUC1withLB/opl/warmstartDataOplDec24/89_warm_start_89RandomOvenSchedulingInstance-n250-k2-a5--2212-22.47.22.dat;1;0.0;0;1;1;313.0;0.0;250.0;49.0;0.58;14.75;157500.0;singleobj-opl-reprjob-LB-WS-noUB;89;setupcosts
1387;~/minizinc-executables/mzn-gurobi.sh ~/oven-scheduling-problem/solution-methods/minizinc-models/withLowerBounds/direct-batch-pos-tardiness-objective.mzn $file --time-limit 3600000 -v;../../instancesUC1withLB/mzn/89_oven_scheduling.minizinc_instance_1212-10.35.33.dzn;1;-1.0;-1;-1;-1;;;;;3548.8119;;;singleobj-mzn-gurobi-LB-noUB;89;tardiness
1388;~/minizinc-executables/mzn-gurobi.sh $file ~/oven-scheduling-problem/solution-methods/minizinc-models/withLowerBounds/direct-batch-pos-warmstart-noUB-tardiness-objective.mzn $1 -d $2 --time-limit 3600000 -v;../../instancesUC1withLB/mzn/89_oven_scheduling.minizinc_instance_1212-10.35.33.dzn ../../instancesUC1withLB/mzn/warmstart/89_warm_start_89RandomOvenSchedulingInstance-n250-k2-a5--2212-22.47.22.dzn;1;0.959898413;151184;1;1;296.0;0.0;250.0;49.0;85.3924;145.8567;157500.0;singleobj-mzn-gurobiWS-LB-noUB;89;tardiness
1389;~/opl-executable/opl.sh ~/oven-scheduling-problem/solution-methods/cp-optimizer-models/withLB/interval-repr-jobs-noUB-tardiness.mod $file;../../instancesUC1withLB/opl/89_oven_scheduling.cpoptimizer_instance_1212-10.35.33.dat;1;0.001587302;250;1;1;1417.0;0.0;250.0;250.0;3.93;17.95;157500.0;singleobj-opl-reprjob-LB-noUB;89;tardiness
1390;~/opl-executable/opl.sh ~/oven-scheduling-problem/solution-methods/cp-optimizer-models/withLB/interval-repr-jobs-warmstart-noUB-tardiness.mod $file;../../instancesUC1withLB/opl/warmstartDataOplDec24/89_warm_start_89RandomOvenSchedulingInstance-n250-k2-a5--2212-22.47.22.dat;1;0.001587302;250;1;1;313.0;0.0;250.0;49.0;0.42;14.99;157500.0;singleobj-opl-reprjob-LB-WS-noUB;89;tardiness
1391;~/minizinc-executables/mzn-gurobi.sh ~/oven-scheduling-problem/solution-methods/minizinc-models/withLowerBounds/direct-batch-pos-batchcount-objective.mzn $file --time-limit 3600000 -v;../../instancesUC1withLB/mzn/90_oven_scheduling.minizinc_instance_1212-10.35.35.dzn;1;-1.0;-1;-1;-1;;;;;3550.9668;;;singleobj-mzn-gurobi-LB-noUB;90;batchcount
1392;~/minizinc-executables/mzn-gurobi.sh $file ~/oven-scheduling-problem/solution-methods/minizinc-models/withLowerBounds/direct-batch-pos-warmstart-noUB-batchcount-objective.mzn $1 -d $2 --time-limit 3600000 -v;../../instancesUC1withLB/mzn/90_oven_scheduling.minizinc_instance_1212-10.35.35.dzn ../../instancesUC1withLB/mzn/warmstart/90_warm_start_90RandomOvenSchedulingInstance-n250-k2-a5--2212-22.47.28.dzn;1;-1.0;-1;-1;-1;;;;;3551.5987;;;singleobj-mzn-gurobiWS-LB-noUB;90;batchcount
1393;~/opl-executable/opl.sh ~/oven-scheduling-problem/solution-methods/cp-optimizer-models/withLB/interval-repr-jobs-noUB-batchcount.mod $file;../../instancesUC1withLB/opl/90_oven_scheduling.cpoptimizer_instance_1212-10.35.35.dat;1;-1.0;-1;-1;-1;;;;;3585.67;3600.03;-1.0;singleobj-opl-reprjob-LB-noUB;90;batchcount
1394;~/opl-executable/opl.sh ~/oven-scheduling-problem/solution-methods/cp-optimizer-models/withLB/interval-repr-jobs-warmstart-noUB-batchcount.mod $file;../../instancesUC1withLB/opl/warmstartDataOplDec24/90_warm_start_90RandomOvenSchedulingInstance-n250-k2-a5--2212-22.47.28.dat;1;6.35e-07;85;-1;1;6310.0;896.0;250.0;85.0;3585.87;3600.03;133875000.0;singleobj-opl-reprjob-LB-WS-noUB;90;batchcount
1395;~/minizinc-executables/mzn-gurobi.sh ~/oven-scheduling-problem/solution-methods/minizinc-models/withLowerBounds/direct-batch-pos-ovenruntime-objective.mzn $file --time-limit 3600000 -v;../../instancesUC1withLB/mzn/90_oven_scheduling.minizinc_instance_1212-10.35.35.dzn;1;-1.0;-1;-1;-1;;;;;3553.719;;;singleobj-mzn-gurobi-LB-noUB;90;ovenruntime
1396;~/minizinc-executables/mzn-gurobi.sh $file ~/oven-scheduling-problem/solution-methods/minizinc-models/withLowerBounds/direct-batch-pos-warmstart-noUB-ovenruntime-objective.mzn $1 -d $2 --time-limit 3600000 -v;../../instancesUC1withLB/mzn/90_oven_scheduling.minizinc_instance_1212-10.35.35.dzn ../../instancesUC1withLB/mzn/warmstart/90_warm_start_90RandomOvenSchedulingInstance-n250-k2-a5--2212-22.47.28.dzn;1;-1.0;-1;-1;-1;;;;;3554.5135;;;singleobj-mzn-gurobiWS-LB-noUB;90;ovenruntime
1397;~/opl-executable/opl.sh ~/oven-scheduling-problem/solution-methods/cp-optimizer-models/withLB/interval-repr-jobs-noUB-ovenruntime.mod $file;../../instancesUC1withLB/opl/90_oven_scheduling.cpoptimizer_instance_1212-10.35.35.dat;1;6.23e-05;8342;-1;1;8342.0;1221.0;250.0;146.0;3585.49;3600.02;133875000.0;singleobj-opl-reprjob-LB-noUB;90;ovenruntime
1398;~/opl-executable/opl.sh ~/oven-scheduling-problem/solution-methods/cp-optimizer-models/withLB/interval-repr-jobs-warmstart-noUB-ovenruntime.mod $file;../../instancesUC1withLB/opl/warmstartDataOplDec24/90_warm_start_90RandomOvenSchedulingInstance-n250-k2-a5--2212-22.47.28.dat;1;4.71e-05;6310;-1;1;6310.0;896.0;250.0;85.0;3585.75;3600.02;133875000.0;singleobj-opl-reprjob-LB-WS-noUB;90;ovenruntime
1399;~/minizinc-executables/mzn-gurobi.sh ~/oven-scheduling-problem/solution-methods/minizinc-models/withLowerBounds/direct-batch-pos-setupcosts-objective.mzn $file --time-limit 3600000 -v;../../instancesUC1withLB/mzn/90_oven_scheduling.minizinc_instance_1212-10.35.35.dzn;1;-1.0;-1;-1;-1;;;;;3552.1726;;;singleobj-mzn-gurobi-LB-noUB;90;setupcosts
1400;~/minizinc-executables/mzn-gurobi.sh $file ~/oven-scheduling-problem/solution-methods/minizinc-models/withLowerBounds/direct-batch-pos-warmstart-noUB-setupcosts-objective.mzn $1 -d $2 --time-limit 3600000 -v;../../instancesUC1withLB/mzn/90_oven_scheduling.minizinc_instance_1212-10.35.35.dzn ../../instancesUC1withLB/mzn/warmstart/90_warm_start_90RandomOvenSchedulingInstance-n250-k2-a5--2212-22.47.28.dzn;1;-1.0;-1;-1;-1;;;;;3552.5589;;;singleobj-mzn-gurobiWS-LB-noUB;90;setupcosts
1401;~/opl-executable/opl.sh ~/oven-scheduling-problem/solution-methods/cp-optimizer-models/withLB/interval-repr-jobs-noUB-setupcosts.mod $file;../../instancesUC1withLB/opl/90_oven_scheduling.cpoptimizer_instance_1212-10.35.35.dat;1;-1.0;-1;-1;-1;;;;;3586.04;3600.03;-1.0;singleobj-opl-reprjob-LB-noUB;90;setupcosts
1402;~/opl-executable/opl.sh ~/oven-scheduling-problem/solution-methods/cp-optimizer-models/withLB/interval-repr-jobs-warmstart-noUB-setupcosts.mod $file;../../instancesUC1withLB/opl/warmstartDataOplDec24/90_warm_start_90RandomOvenSchedulingInstance-n250-k2-a5--2212-22.47.28.dat;1;6.69e-06;896;-1;1;6310.0;896.0;250.0;85.0;3585.55;3600.03;133875000.0;singleobj-opl-reprjob-LB-WS-noUB;90;setupcosts
1403;~/minizinc-executables/mzn-gurobi.sh ~/oven-scheduling-problem/solution-methods/minizinc-models/withLowerBounds/direct-batch-pos-tardiness-objective.mzn $file --time-limit 3600000 -v;../../instancesUC1withLB/mzn/90_oven_scheduling.minizinc_instance_1212-10.35.35.dzn;1;-1.0;-1;-1;-1;;;;;3553.132;;;singleobj-mzn-gurobi-LB-noUB;90;tardiness
1404;~/minizinc-executables/mzn-gurobi.sh $file ~/oven-scheduling-problem/solution-methods/minizinc-models/withLowerBounds/direct-batch-pos-warmstart-noUB-tardiness-objective.mzn $1 -d $2 --time-limit 3600000 -v;../../instancesUC1withLB/mzn/90_oven_scheduling.minizinc_instance_1212-10.35.35.dzn ../../instancesUC1withLB/mzn/warmstart/90_warm_start_90RandomOvenSchedulingInstance-n250-k2-a5--2212-22.47.28.dzn;1;-1.0;-1;-1;-1;;;;;3554.8174;;;singleobj-mzn-gurobiWS-LB-noUB;90;tardiness
1405;~/opl-executable/opl.sh ~/oven-scheduling-problem/solution-methods/cp-optimizer-models/withLB/interval-repr-jobs-noUB-tardiness.mod $file;../../instancesUC1withLB/opl/90_oven_scheduling.cpoptimizer_instance_1212-10.35.35.dat;1;-1.0;-1;-1;-1;;;;;3586.08;3600.04;-1.0;singleobj-opl-reprjob-LB-noUB;90;tardiness
1406;~/opl-executable/opl.sh ~/oven-scheduling-problem/solution-methods/cp-optimizer-models/withLB/interval-repr-jobs-warmstart-noUB-tardiness.mod $file;../../instancesUC1withLB/opl/warmstartDataOplDec24/90_warm_start_90RandomOvenSchedulingInstance-n250-k2-a5--2212-22.47.28.dat;1;1.87e-06;250;1;1;6310.0;896.0;250.0;85.0;0.45;15.1;133875000.0;singleobj-opl-reprjob-LB-WS-noUB;90;tardiness
1407;~/minizinc-executables/mzn-gurobi.sh ~/oven-scheduling-problem/solution-methods/minizinc-models/withLowerBounds/direct-batch-pos-batchcount-objective.mzn $file --time-limit 3600000 -v;../../instancesUC1withLB/mzn/91_oven_scheduling.minizinc_instance_1212-10.35.38.dzn;1;-1.0;-1;-1;-1;;;;;3465.6989;;;singleobj-mzn-gurobi-LB-noUB;91;batchcount
1408;~/minizinc-executables/mzn-gurobi.sh $file ~/oven-scheduling-problem/solution-methods/minizinc-models/withLowerBounds/direct-batch-pos-warmstart-noUB-batchcount-objective.mzn $1 -d $2 --time-limit 3600000 -v;../../instancesUC1withLB/mzn/91_oven_scheduling.minizinc_instance_1212-10.35.38.dzn ../../instancesUC1withLB/mzn/warmstart/91_warm_start_91RandomOvenSchedulingInstance-n250-k5-a2--2212-22.47.34.dzn;1;0.96535873;152044;-1;1;472.0;26.0;250.0;51.0;3623.2107;3767.7247;157500.0;singleobj-mzn-gurobiWS-LB-noUB;91;batchcount
1409;~/opl-executable/opl.sh ~/oven-scheduling-problem/solution-methods/cp-optimizer-models/withLB/interval-repr-jobs-noUB-batchcount.mod $file;../../instancesUC1withLB/opl/91_oven_scheduling.cpoptimizer_instance_1212-10.35.37.dat;1;0.000831746;131;-1;1;726.0;72.0;250.0;131.0;3548.32;3600.05;157500.0;singleobj-opl-reprjob-LB-noUB;91;batchcount
1410;~/opl-executable/opl.sh ~/oven-scheduling-problem/solution-methods/cp-optimizer-models/withLB/interval-repr-jobs-warmstart-noUB-batchcount.mod $file;../../instancesUC1withLB/opl/warmstartDataOplDec24/91_warm_start_91RandomOvenSchedulingInstance-n250-k5-a2--2212-22.47.34.dat;1;0.000349206;55;-1;1;460.0;29.0;250.0;55.0;3548.44;3600.04;157500.0;singleobj-opl-reprjob-LB-WS-noUB;91;batchcount
1411;~/minizinc-executables/mzn-gurobi.sh ~/oven-scheduling-problem/solution-methods/minizinc-models/withLowerBounds/direct-batch-pos-ovenruntime-objective.mzn $file --time-limit 3600000 -v;../../instancesUC1withLB/mzn/91_oven_scheduling.minizinc_instance_1212-10.35.38.dzn;1;-1.0;-1;-1;-1;;;;;3468.5254;;;singleobj-mzn-gurobi-LB-noUB;91;ovenruntime
1412;~/minizinc-executables/mzn-gurobi.sh $file ~/oven-scheduling-problem/solution-methods/minizinc-models/withLowerBounds/direct-batch-pos-warmstart-noUB-ovenruntime-objective.mzn $1 -d $2 --time-limit 3600000 -v;../../instancesUC1withLB/mzn/91_oven_scheduling.minizinc_instance_1212-10.35.38.dzn ../../instancesUC1withLB/mzn/warmstart/91_warm_start_91RandomOvenSchedulingInstance-n250-k5-a2--2212-22.47.34.dzn;1;0.961561905;151446;-1;1;318.0;29.0;250.0;55.0;3623.1817;3767.2817;157500.0;singleobj-mzn-gurobiWS-LB-noUB;91;ovenruntime
1413;~/opl-executable/opl.sh ~/oven-scheduling-problem/solution-methods/cp-optimizer-models/withLB/interval-repr-jobs-noUB-ovenruntime.mod $file;../../instancesUC1withLB/opl/91_oven_scheduling.cpoptimizer_instance_1212-10.35.37.dat;1;0.002266667;357;-1;1;357.0;31.0;250.0;56.0;3547.05;3600.03;157500.0;singleobj-opl-reprjob-LB-noUB;91;ovenruntime
1414;~/opl-executable/opl.sh ~/oven-scheduling-problem/solution-methods/cp-optimizer-models/withLB/interval-repr-jobs-warmstart-noUB-ovenruntime.mod $file;../../instancesUC1withLB/opl/warmstartDataOplDec24/91_warm_start_91RandomOvenSchedulingInstance-n250-k5-a2--2212-22.47.34.dat;1;0.002260317;356;-1;1;356.0;30.0;250.0;59.0;3547.52;3600.04;157500.0;singleobj-opl-reprjob-LB-WS-noUB;91;ovenruntime
1415;~/minizinc-executables/mzn-gurobi.sh ~/oven-scheduling-problem/solution-methods/minizinc-models/withLowerBounds/direct-batch-pos-setupcosts-objective.mzn $file --time-limit 3600000 -v;../../instancesUC1withLB/mzn/91_oven_scheduling.minizinc_instance_1212-10.35.38.dzn;1;-1.0;-1;-1;-1;;;;;3466.1816;;;singleobj-mzn-gurobi-LB-noUB;91;setupcosts
1416;~/minizinc-executables/mzn-gurobi.sh $file ~/oven-scheduling-problem/solution-methods/minizinc-models/withLowerBounds/direct-batch-pos-warmstart-noUB-setupcosts-objective.mzn $1 -d $2 --time-limit 3600000 -v;../../instancesUC1withLB/mzn/91_oven_scheduling.minizinc_instance_1212-10.35.38.dzn ../../instancesUC1withLB/mzn/warmstart/91_warm_start_91RandomOvenSchedulingInstance-n250-k5-a2--2212-22.47.34.dzn;1;0.965371429;152046;-1;1;474.0;25.0;250.0;55.0;3622.5026;3768.0086;157500.0;singleobj-mzn-gurobiWS-LB-noUB;91;setupcosts
1417;~/opl-executable/opl.sh ~/oven-scheduling-problem/solution-methods/cp-optimizer-models/withLB/interval-repr-jobs-noUB-setupcosts.mod $file;../../instancesUC1withLB/opl/91_oven_scheduling.cpoptimizer_instance_1212-10.35.37.dat;1;0.000171429;27;-1;1;471.0;27.0;250.0;66.0;3546.32;3600.05;157500.0;singleobj-opl-reprjob-LB-noUB;91;setupcosts
1418;~/opl-executable/opl.sh ~/oven-scheduling-problem/solution-methods/cp-optimizer-models/withLB/interval-repr-jobs-warmstart-noUB-setupcosts.mod $file;../../instancesUC1withLB/opl/warmstartDataOplDec24/91_warm_start_91RandomOvenSchedulingInstance-n250-k5-a2--2212-22.47.34.dat;1;0.000184127;29;-1;1;460.0;29.0;250.0;55.0;3547.72;3600.03;157500.0;singleobj-opl-reprjob-LB-WS-noUB;91;setupcosts
1419;~/minizinc-executables/mzn-gurobi.sh ~/oven-scheduling-problem/solution-methods/minizinc-models/withLowerBounds/direct-batch-pos-tardiness-objective.mzn $file --time-limit 3600000 -v;../../instancesUC1withLB/mzn/91_oven_scheduling.minizinc_instance_1212-10.35.38.dzn;1;-1.0;-1;-1;-1;;;;;3464.4282;;;singleobj-mzn-gurobi-LB-noUB;91;tardiness
1420;~/minizinc-executables/mzn-gurobi.sh $file ~/oven-scheduling-problem/solution-methods/minizinc-models/withLowerBounds/direct-batch-pos-warmstart-noUB-tardiness-objective.mzn $1 -d $2 --time-limit 3600000 -v;../../instancesUC1withLB/mzn/91_oven_scheduling.minizinc_instance_1212-10.35.38.dzn ../../instancesUC1withLB/mzn/warmstart/91_warm_start_91RandomOvenSchedulingInstance-n250-k5-a2--2212-22.47.34.dzn;1;0.965333333;152040;1;1;468.0;28.0;250.0;55.0;158.7872;301.8242;157500.0;singleobj-mzn-gurobiWS-LB-noUB;91;tardiness
1421;~/opl-executable/opl.sh ~/oven-scheduling-problem/solution-methods/cp-optimizer-models/withLB/interval-repr-jobs-noUB-tardiness.mod $file;../../instancesUC1withLB/opl/91_oven_scheduling.cpoptimizer_instance_1212-10.35.37.dat;1;0.001587302;250;1;1;911.0;85.0;250.0;156.0;15.86;67.43;157500.0;singleobj-opl-reprjob-LB-noUB;91;tardiness
1422;~/opl-executable/opl.sh ~/oven-scheduling-problem/solution-methods/cp-optimizer-models/withLB/interval-repr-jobs-warmstart-noUB-tardiness.mod $file;../../instancesUC1withLB/opl/warmstartDataOplDec24/91_warm_start_91RandomOvenSchedulingInstance-n250-k5-a2--2212-22.47.34.dat;1;0.001587302;250;1;1;460.0;29.0;250.0;55.0;2.02;55.61;157500.0;singleobj-opl-reprjob-LB-WS-noUB;91;tardiness
1423;~/minizinc-executables/mzn-gurobi.sh ~/oven-scheduling-problem/solution-methods/minizinc-models/withLowerBounds/direct-batch-pos-batchcount-objective.mzn $file --time-limit 3600000 -v;../../instancesUC1withLB/mzn/92_oven_scheduling.minizinc_instance_1212-10.35.40.dzn;1;-1.0;-1;-1;-1;;;;;3462.0631;;;singleobj-mzn-gurobi-LB-noUB;92;batchcount
1424;~/minizinc-executables/mzn-gurobi.sh $file ~/oven-scheduling-problem/solution-methods/minizinc-models/withLowerBounds/direct-batch-pos-warmstart-noUB-batchcount-objective.mzn $1 -d $2 --time-limit 3600000 -v;../../instancesUC1withLB/mzn/92_oven_scheduling.minizinc_instance_1212-10.35.40.dzn ../../instancesUC1withLB/mzn/warmstart/92_warm_start_92RandomOvenSchedulingInstance-n250-k5-a2--2212-22.48.02.dzn;1;0.960575506;271415412;-1;1;3690.0;719.0;249.0;41.0;3625.5924;3780.7374;282555000.0;singleobj-mzn-gurobiWS-LB-noUB;92;batchcount
1425;~/opl-executable/opl.sh ~/oven-scheduling-problem/solution-methods/cp-optimizer-models/withLB/interval-repr-jobs-noUB-batchcount.mod $file;../../instancesUC1withLB/opl/92_oven_scheduling.cpoptimizer_instance_1212-10.35.39.dat;1;5.66e-08;16;-1;1;1474.0;288.0;250.0;16.0;3465.77;3600.05;282555000.0;singleobj-opl-reprjob-LB-noUB;92;batchcount
1426;~/opl-executable/opl.sh ~/oven-scheduling-problem/solution-methods/cp-optimizer-models/withLB/interval-repr-jobs-warmstart-noUB-batchcount.mod $file;../../instancesUC1withLB/opl/warmstartDataOplDec24/92_warm_start_92RandomOvenSchedulingInstance-n250-k5-a2--2212-22.48.02.dat;1;4.95e-08;14;-1;1;1275.0;244.0;250.0;14.0;3466.17;3600.06;282555000.0;singleobj-opl-reprjob-LB-WS-noUB;92;batchcount
1427;~/minizinc-executables/mzn-gurobi.sh ~/oven-scheduling-problem/solution-methods/minizinc-models/withLowerBounds/direct-batch-pos-ovenruntime-objective.mzn $file --time-limit 3600000 -v;../../instancesUC1withLB/mzn/92_oven_scheduling.minizinc_instance_1212-10.35.40.dzn;1;-1.0;-1;-1;-1;;;;;3458.3048;;;singleobj-mzn-gurobi-LB-noUB;92;ovenruntime
1428;~/minizinc-executables/mzn-gurobi.sh $file ~/oven-scheduling-problem/solution-methods/minizinc-models/withLowerBounds/direct-batch-pos-warmstart-noUB-ovenruntime-objective.mzn $1 -d $2 --time-limit 3600000 -v;../../instancesUC1withLB/mzn/92_oven_scheduling.minizinc_instance_1212-10.35.40.dzn ../../instancesUC1withLB/mzn/warmstart/92_warm_start_92RandomOvenSchedulingInstance-n250-k5-a2--2212-22.48.02.dzn;1;0.957525593;270553644;-1;1;1434.0;569.0;250.0;41.0;3627.781;3776.144;282555000.0;singleobj-mzn-gurobiWS-LB-noUB;92;ovenruntime
1429;~/opl-executable/opl.sh ~/oven-scheduling-problem/solution-methods/cp-optimizer-models/withLB/interval-repr-jobs-noUB-ovenruntime.mod $file;../../instancesUC1withLB/opl/92_oven_scheduling.cpoptimizer_instance_1212-10.35.39.dat;1;4.33e-06;1223;-1;1;1223.0;307.0;247.0;19.0;3465.88;3600.03;282555000.0;singleobj-opl-reprjob-LB-noUB;92;ovenruntime
1430;~/opl-executable/opl.sh ~/oven-scheduling-problem/solution-methods/cp-optimizer-models/withLB/interval-repr-jobs-warmstart-noUB-ovenruntime.mod $file;../../instancesUC1withLB/opl/warmstartDataOplDec24/92_warm_start_92RandomOvenSchedulingInstance-n250-k5-a2--2212-22.48.02.dat;1;4.18e-06;1182;-1;1;1182.0;243.0;250.0;17.0;3465.67;3600.81;282555000.0;singleobj-opl-reprjob-LB-WS-noUB;92;ovenruntime
1431;~/minizinc-executables/mzn-gurobi.sh ~/oven-scheduling-problem/solution-methods/minizinc-models/withLowerBounds/direct-batch-pos-setupcosts-objective.mzn $file --time-limit 3600000 -v;../../instancesUC1withLB/mzn/92_oven_scheduling.minizinc_instance_1212-10.35.40.dzn;1;-1.0;-1;-1;-1;;;;;3465.1186;;;singleobj-mzn-gurobi-LB-noUB;92;setupcosts
1432;~/minizinc-executables/mzn-gurobi.sh $file ~/oven-scheduling-problem/solution-methods/minizinc-models/withLowerBounds/direct-batch-pos-warmstart-noUB-setupcosts-objective.mzn $1 -d $2 --time-limit 3600000 -v;../../instancesUC1withLB/mzn/92_oven_scheduling.minizinc_instance_1212-10.35.40.dzn ../../instancesUC1withLB/mzn/warmstart/92_warm_start_92RandomOvenSchedulingInstance-n250-k5-a2--2212-22.48.02.dzn;1;0.95606243;270140220;-1;1;2376.0;319.0;249.0;27.0;3625.2381;3781.4621;282555000.0;singleobj-mzn-gurobiWS-LB-noUB;92;setupcosts
1433;~/opl-executable/opl.sh ~/oven-scheduling-problem/solution-methods/cp-optimizer-models/withLB/interval-repr-jobs-noUB-setupcosts.mod $file;../../instancesUC1withLB/opl/92_oven_scheduling.cpoptimizer_instance_1212-10.35.39.dat;1;8e-07;226;-1;1;1399.0;226.0;250.0;16.0;3464.72;3600.04;282555000.0;singleobj-opl-reprjob-LB-noUB;92;setupcosts
1434;~/opl-executable/opl.sh ~/oven-scheduling-problem/solution-methods/cp-optimizer-models/withLB/interval-repr-jobs-warmstart-noUB-setupcosts.mod $file;../../instancesUC1withLB/opl/warmstartDataOplDec24/92_warm_start_92RandomOvenSchedulingInstance-n250-k5-a2--2212-22.48.02.dat;1;8.6e-07;243;-1;1;1499.0;243.0;250.0;19.0;3462.27;3600.04;282555000.0;singleobj-opl-reprjob-LB-WS-noUB;92;setupcosts
1435;~/minizinc-executables/mzn-gurobi.sh ~/oven-scheduling-problem/solution-methods/minizinc-models/withLowerBounds/direct-batch-pos-tardiness-objective.mzn $file --time-limit 3600000 -v;../../instancesUC1withLB/mzn/92_oven_scheduling.minizinc_instance_1212-10.35.40.dzn;1;-1.0;-1;-1;-1;;;;;3462.0199;;;singleobj-mzn-gurobi-LB-noUB;92;tardiness
1436;~/minizinc-executables/mzn-gurobi.sh $file ~/oven-scheduling-problem/solution-methods/minizinc-models/withLowerBounds/direct-batch-pos-warmstart-noUB-tardiness-objective.mzn $1 -d $2 --time-limit 3600000 -v;../../instancesUC1withLB/mzn/92_oven_scheduling.minizinc_instance_1212-10.35.40.dzn ../../instancesUC1withLB/mzn/warmstart/92_warm_start_92RandomOvenSchedulingInstance-n250-k5-a2--2212-22.48.02.dzn;1;0.907207772;256336092;-1;1;3728.0;631.0;235.0;41.0;3625.7941;3774.2971;282555000.0;singleobj-mzn-gurobiWS-LB-noUB;92;tardiness
1437;~/opl-executable/opl.sh ~/oven-scheduling-problem/solution-methods/cp-optimizer-models/withLB/interval-repr-jobs-noUB-tardiness.mod $file;../../instancesUC1withLB/opl/92_oven_scheduling.cpoptimizer_instance_1212-10.35.39.dat;1;8.25e-07;233;-1;1;2743.0;590.0;233.0;44.0;3464.81;3600.04;282555000.0;singleobj-opl-reprjob-LB-noUB;92;tardiness
1438;~/opl-executable/opl.sh ~/oven-scheduling-problem/solution-methods/cp-optimizer-models/withLB/interval-repr-jobs-warmstart-noUB-tardiness.mod $file;../../instancesUC1withLB/opl/warmstartDataOplDec24/92_warm_start_92RandomOvenSchedulingInstance-n250-k5-a2--2212-22.48.02.dat;1;8.32e-07;235;-1;1;5217.0;1488.0;235.0;100.0;3465.39;3600.04;282555000.0;singleobj-opl-reprjob-LB-WS-noUB;92;tardiness
1439;~/minizinc-executables/mzn-gurobi.sh ~/oven-scheduling-problem/solution-methods/minizinc-models/withLowerBounds/direct-batch-pos-batchcount-objective.mzn $file --time-limit 3600000 -v;../../instancesUC1withLB/mzn/93_oven_scheduling.minizinc_instance_1212-10.35.42.dzn;1;-1.0;-1;-1;-1;;;;;3456.389;;;singleobj-mzn-gurobi-LB-noUB;93;batchcount
1440;~/minizinc-executables/mzn-gurobi.sh $file ~/oven-scheduling-problem/solution-methods/minizinc-models/withLowerBounds/direct-batch-pos-warmstart-noUB-batchcount-objective.mzn $1 -d $2 --time-limit 3600000 -v;../../instancesUC1withLB/mzn/93_oven_scheduling.minizinc_instance_1212-10.35.42.dzn ../../instancesUC1withLB/mzn/warmstart/93_warm_start_93RandomOvenSchedulingInstance-n250-k5-a2--2212-22.48.46.dzn;1;0.961790476;151482;-1;1;427.0;187.0;249.0;80.0;3626.777;3779.364;157500.0;singleobj-mzn-gurobiWS-LB-noUB;93;batchcount
1441;~/opl-executable/opl.sh ~/oven-scheduling-problem/solution-methods/cp-optimizer-models/withLB/interval-repr-jobs-noUB-batchcount.mod $file;../../instancesUC1withLB/opl/93_oven_scheduling.cpoptimizer_instance_1212-10.35.41.dat;1;0.000234921;37;-1;1;244.0;98.0;240.0;37.0;3489.96;3600.04;157500.0;singleobj-opl-reprjob-LB-noUB;93;batchcount
1442;~/opl-executable/opl.sh ~/oven-scheduling-problem/solution-methods/cp-optimizer-models/withLB/interval-repr-jobs-warmstart-noUB-batchcount.mod $file;../../instancesUC1withLB/opl/warmstartDataOplDec24/93_warm_start_93RandomOvenSchedulingInstance-n250-k5-a2--2212-22.48.46.dat;1;0.00024127;38;-1;1;254.0;93.0;242.0;38.0;3489.68;3600.04;157500.0;singleobj-opl-reprjob-LB-WS-noUB;93;batchcount
1443;~/minizinc-executables/mzn-gurobi.sh ~/oven-scheduling-problem/solution-methods/minizinc-models/withLowerBounds/direct-batch-pos-ovenruntime-objective.mzn $file --time-limit 3600000 -v;../../instancesUC1withLB/mzn/93_oven_scheduling.minizinc_instance_1212-10.35.42.dzn;1;-1.0;-1;-1;-1;;;;;3458.1533;;;singleobj-mzn-gurobi-LB-noUB;93;ovenruntime
1444;~/minizinc-executables/mzn-gurobi.sh $file ~/oven-scheduling-problem/solution-methods/minizinc-models/withLowerBounds/direct-batch-pos-warmstart-noUB-ovenruntime-objective.mzn $1 -d $2 --time-limit 3600000 -v;../../instancesUC1withLB/mzn/93_oven_scheduling.minizinc_instance_1212-10.35.42.dzn ../../instancesUC1withLB/mzn/warmstart/93_warm_start_93RandomOvenSchedulingInstance-n250-k5-a2--2212-22.48.46.dzn;1;0.962819048;151644;-1;1;315.0;192.0;250.0;80.0;3627.6502;3780.6062;157500.0;singleobj-mzn-gurobiWS-LB-noUB;93;ovenruntime
1445;~/opl-executable/opl.sh ~/oven-scheduling-problem/solution-methods/cp-optimizer-models/withLB/interval-repr-jobs-noUB-ovenruntime.mod $file;../../instancesUC1withLB/opl/93_oven_scheduling.cpoptimizer_instance_1212-10.35.41.dat;1;0.001403175;221;-1;1;221.0;87.0;246.0;36.0;3488.18;3600.04;157500.0;singleobj-opl-reprjob-LB-noUB;93;ovenruntime
1446;~/opl-executable/opl.sh ~/oven-scheduling-problem/solution-methods/cp-optimizer-models/withLB/interval-repr-jobs-warmstart-noUB-ovenruntime.mod $file;../../instancesUC1withLB/opl/warmstartDataOplDec24/93_warm_start_93RandomOvenSchedulingInstance-n250-k5-a2--2212-22.48.46.dat;1;0.001892063;298;-1;1;298.0;108.0;246.0;45.0;3488.03;3600.05;157500.0;singleobj-opl-reprjob-LB-WS-noUB;93;ovenruntime
1447;~/minizinc-executables/mzn-gurobi.sh ~/oven-scheduling-problem/solution-methods/minizinc-models/withLowerBounds/direct-batch-pos-setupcosts-objective.mzn $file --time-limit 3600000 -v;../../instancesUC1withLB/mzn/93_oven_scheduling.minizinc_instance_1212-10.35.42.dzn;1;-1.0;-1;-1;-1;;;;;3456.56;;;singleobj-mzn-gurobi-LB-noUB;93;setupcosts
1448;~/minizinc-executables/mzn-gurobi.sh $file ~/oven-scheduling-problem/solution-methods/minizinc-models/withLowerBounds/direct-batch-pos-warmstart-noUB-setupcosts-objective.mzn $1 -d $2 --time-limit 3600000 -v;../../instancesUC1withLB/mzn/93_oven_scheduling.minizinc_instance_1212-10.35.42.dzn ../../instancesUC1withLB/mzn/warmstart/93_warm_start_93RandomOvenSchedulingInstance-n250-k5-a2--2212-22.48.46.dzn;1;0.965765079;152108;-1;1;444.0;166.0;250.0;80.0;3626.2766;3788.8996;157500.0;singleobj-mzn-gurobiWS-LB-noUB;93;setupcosts
1449;~/opl-executable/opl.sh ~/oven-scheduling-problem/solution-methods/cp-optimizer-models/withLB/interval-repr-jobs-noUB-setupcosts.mod $file;../../instancesUC1withLB/opl/93_oven_scheduling.cpoptimizer_instance_1212-10.35.41.dat;1;0.000488889;77;-1;1;243.0;77.0;249.0;36.0;3483.94;3600.04;157500.0;singleobj-opl-reprjob-LB-noUB;93;setupcosts
1450;~/opl-executable/opl.sh ~/oven-scheduling-problem/solution-methods/cp-optimizer-models/withLB/interval-repr-jobs-warmstart-noUB-setupcosts.mod $file;../../instancesUC1withLB/opl/warmstartDataOplDec24/93_warm_start_93RandomOvenSchedulingInstance-n250-k5-a2--2212-22.48.46.dat;1;0.000603175;95;-1;1;306.0;95.0;247.0;45.0;3490.02;3600.04;157500.0;singleobj-opl-reprjob-LB-WS-noUB;93;setupcosts
1451;~/minizinc-executables/mzn-gurobi.sh ~/oven-scheduling-problem/solution-methods/minizinc-models/withLowerBounds/direct-batch-pos-tardiness-objective.mzn $file --time-limit 3600000 -v;../../instancesUC1withLB/mzn/93_oven_scheduling.minizinc_instance_1212-10.35.42.dzn;1;-1.0;-1;-1;-1;;;;;3457.7896;;;singleobj-mzn-gurobi-LB-noUB;93;tardiness
1452;~/minizinc-executables/mzn-gurobi.sh $file ~/oven-scheduling-problem/solution-methods/minizinc-models/withLowerBounds/direct-batch-pos-warmstart-noUB-tardiness-objective.mzn $1 -d $2 --time-limit 3600000 -v;../../instancesUC1withLB/mzn/93_oven_scheduling.minizinc_instance_1212-10.35.42.dzn ../../instancesUC1withLB/mzn/warmstart/93_warm_start_93RandomOvenSchedulingInstance-n250-k5-a2--2212-22.48.46.dzn;1;0.871085714;137196;-1;1;452.0;194.0;225.0;80.0;3624.8812;3777.5212;157500.0;singleobj-mzn-gurobiWS-LB-noUB;93;tardiness
1453;~/opl-executable/opl.sh ~/oven-scheduling-problem/solution-methods/cp-optimizer-models/withLB/interval-repr-jobs-noUB-tardiness.mod $file;../../instancesUC1withLB/opl/93_oven_scheduling.cpoptimizer_instance_1212-10.35.41.dat;1;0.00135873;214;-1;1;1124.0;498.0;214.0;200.0;3488.51;3600.04;157500.0;singleobj-opl-reprjob-LB-noUB;93;tardiness
1454;~/opl-executable/opl.sh ~/oven-scheduling-problem/solution-methods/cp-optimizer-models/withLB/interval-repr-jobs-warmstart-noUB-tardiness.mod $file;../../instancesUC1withLB/opl/warmstartDataOplDec24/93_warm_start_93RandomOvenSchedulingInstance-n250-k5-a2--2212-22.48.46.dat;1;0.001346032;212;-1;1;596.0;232.0;212.0;103.0;3489.71;3600.04;157500.0;singleobj-opl-reprjob-LB-WS-noUB;93;tardiness
1455;~/minizinc-executables/mzn-gurobi.sh ~/oven-scheduling-problem/solution-methods/minizinc-models/withLowerBounds/direct-batch-pos-batchcount-objective.mzn $file --time-limit 3600000 -v;../../instancesUC1withLB/mzn/94_oven_scheduling.minizinc_instance_3012-13.24.19.dzn;1;-1.0;-1;-1;-1;;;;;3449.3224;;;singleobj-mzn-gurobi-LB-noUB;94;batchcount
1456;~/minizinc-executables/mzn-gurobi.sh $file ~/oven-scheduling-problem/solution-methods/minizinc-models/withLowerBounds/direct-batch-pos-warmstart-noUB-batchcount-objective.mzn $1 -d $2 --time-limit 3600000 -v;../../instancesUC1withLB/mzn/94_oven_scheduling.minizinc_instance_3012-13.24.19.dzn ../../instancesUC1withLB/mzn/warmstart/94_warm_start_94RandomOvenSchedulingInstance-n250-k5-a2--2212-22.48.56.dzn;1;-1.0;-1;-1;-1;;;;;3447.6994;;;singleobj-mzn-gurobiWS-LB-noUB;94;batchcount
1457;~/opl-executable/opl.sh ~/oven-scheduling-problem/solution-methods/cp-optimizer-models/withLB/interval-repr-jobs-noUB-batchcount.mod $file;../../instancesUC1withLB/opl/94_oven_scheduling.cpoptimizer_instance_3012-13.24.18.dat;1;2.23e-06;225;-1;1;12188.0;1103.0;228.0;225.0;3493.13;3600.05;101062500.0;singleobj-opl-reprjob-LB-noUB;94;batchcount
1458;~/opl-executable/opl.sh ~/oven-scheduling-problem/solution-methods/cp-optimizer-models/withLB/interval-repr-jobs-warmstart-noUB-batchcount.mod $file;../../instancesUC1withLB/opl/warmstartDataOplDec24/94_warm_start_94RandomOvenSchedulingInstance-n250-k5-a2--2212-22.48.56.dat;1;1.43e-06;145;-1;1;8094.0;413.0;230.0;145.0;3492.52;3600.04;101062500.0;singleobj-opl-reprjob-LB-WS-noUB;94;batchcount
1459;~/minizinc-executables/mzn-gurobi.sh ~/oven-scheduling-problem/solution-methods/minizinc-models/withLowerBounds/direct-batch-pos-ovenruntime-objective.mzn $file --time-limit 3600000 -v;../../instancesUC1withLB/mzn/94_oven_scheduling.minizinc_instance_3012-13.24.19.dzn;1;-1.0;-1;-1;-1;;;;;3456.3837;;;singleobj-mzn-gurobi-LB-noUB;94;ovenruntime
1460;~/minizinc-executables/mzn-gurobi.sh $file ~/oven-scheduling-problem/solution-methods/minizinc-models/withLowerBounds/direct-batch-pos-warmstart-noUB-ovenruntime-objective.mzn $1 -d $2 --time-limit 3600000 -v;../../instancesUC1withLB/mzn/94_oven_scheduling.minizinc_instance_3012-13.24.19.dzn ../../instancesUC1withLB/mzn/warmstart/94_warm_start_94RandomOvenSchedulingInstance-n250-k5-a2--2212-22.48.56.dzn;1;-1.0;-1;-1;-1;;;;;3453.9863;;;singleobj-mzn-gurobiWS-LB-noUB;94;ovenruntime
1461;~/opl-executable/opl.sh ~/oven-scheduling-problem/solution-methods/cp-optimizer-models/withLB/interval-repr-jobs-noUB-ovenruntime.mod $file;../../instancesUC1withLB/opl/94_oven_scheduling.cpoptimizer_instance_3012-13.24.18.dat;1;0.00012141;12270;-1;1;12270.0;1198.0;225.0;236.0;3490.77;3600.04;101062500.0;singleobj-opl-reprjob-LB-noUB;94;ovenruntime
1462;~/opl-executable/opl.sh ~/oven-scheduling-problem/solution-methods/cp-optimizer-models/withLB/interval-repr-jobs-warmstart-noUB-ovenruntime.mod $file;../../instancesUC1withLB/opl/warmstartDataOplDec24/94_warm_start_94RandomOvenSchedulingInstance-n250-k5-a2--2212-22.48.56.dat;1;8.08e-05;8162;-1;1;8162.0;326.0;237.0;151.0;3491.09;3600.18;101062500.0;singleobj-opl-reprjob-LB-WS-noUB;94;ovenruntime
1463;~/minizinc-executables/mzn-gurobi.sh ~/oven-scheduling-problem/solution-methods/minizinc-models/withLowerBounds/direct-batch-pos-setupcosts-objective.mzn $file --time-limit 3600000 -v;../../instancesUC1withLB/mzn/94_oven_scheduling.minizinc_instance_3012-13.24.19.dzn;1;-1.0;-1;-1;-1;;;;;3447.3295;;;singleobj-mzn-gurobi-LB-noUB;94;setupcosts
1464;~/minizinc-executables/mzn-gurobi.sh $file ~/oven-scheduling-problem/solution-methods/minizinc-models/withLowerBounds/direct-batch-pos-warmstart-noUB-setupcosts-objective.mzn $1 -d $2 --time-limit 3600000 -v;../../instancesUC1withLB/mzn/94_oven_scheduling.minizinc_instance_3012-13.24.19.dzn ../../instancesUC1withLB/mzn/warmstart/94_warm_start_94RandomOvenSchedulingInstance-n250-k5-a2--2212-22.48.56.dzn;1;-1.0;-1;-1;-1;;;;;3454.2332;;;singleobj-mzn-gurobiWS-LB-noUB;94;setupcosts
1465;~/opl-executable/opl.sh ~/oven-scheduling-problem/solution-methods/cp-optimizer-models/withLB/interval-repr-jobs-noUB-setupcosts.mod $file;../../instancesUC1withLB/opl/94_oven_scheduling.cpoptimizer_instance_3012-13.24.18.dat;1;1.18e-05;1194;-1;1;12279.0;1194.0;228.0;238.0;3490.3;3600.04;101062500.0;singleobj-opl-reprjob-LB-noUB;94;setupcosts
1466;~/opl-executable/opl.sh ~/oven-scheduling-problem/solution-methods/cp-optimizer-models/withLB/interval-repr-jobs-warmstart-noUB-setupcosts.mod $file;../../instancesUC1withLB/opl/warmstartDataOplDec24/94_warm_start_94RandomOvenSchedulingInstance-n250-k5-a2--2212-22.48.56.dat;1;2.3e-06;232;-1;1;8422.0;232.0;246.0;156.0;3493.89;3600.05;101062500.0;singleobj-opl-reprjob-LB-WS-noUB;94;setupcosts
1467;~/minizinc-executables/mzn-gurobi.sh ~/oven-scheduling-problem/solution-methods/minizinc-models/withLowerBounds/direct-batch-pos-tardiness-objective.mzn $file --time-limit 3600000 -v;../../instancesUC1withLB/mzn/94_oven_scheduling.minizinc_instance_3012-13.24.19.dzn;1;-1.0;-1;-1;-1;;;;;3453.6514;;;singleobj-mzn-gurobi-LB-noUB;94;tardiness
1468;~/minizinc-executables/mzn-gurobi.sh $file ~/oven-scheduling-problem/solution-methods/minizinc-models/withLowerBounds/direct-batch-pos-warmstart-noUB-tardiness-objective.mzn $1 -d $2 --time-limit 3600000 -v;../../instancesUC1withLB/mzn/94_oven_scheduling.minizinc_instance_3012-13.24.19.dzn ../../instancesUC1withLB/mzn/warmstart/94_warm_start_94RandomOvenSchedulingInstance-n250-k5-a2--2212-22.48.56.dzn;1;0.716349605;72396082;-1;1;9254.0;447.0;180.0;168.0;3626.0628;3782.9798;101062500.0;singleobj-mzn-gurobiWS-LB-noUB;94;tardiness
1469;~/opl-executable/opl.sh ~/oven-scheduling-problem/solution-methods/cp-optimizer-models/withLB/interval-repr-jobs-noUB-tardiness.mod $file;../../instancesUC1withLB/opl/94_oven_scheduling.cpoptimizer_instance_3012-13.24.18.dat;1;2.01e-06;203;-1;1;12319.0;1308.0;203.0;249.0;3492.91;3600.05;101062500.0;singleobj-opl-reprjob-LB-noUB;94;tardiness
1470;~/opl-executable/opl.sh ~/oven-scheduling-problem/solution-methods/cp-optimizer-models/withLB/interval-repr-jobs-warmstart-noUB-tardiness.mod $file;../../instancesUC1withLB/opl/warmstartDataOplDec24/94_warm_start_94RandomOvenSchedulingInstance-n250-k5-a2--2212-22.48.56.dat;1;1.3e-06;131;-1;1;9859.0;688.0;131.0;191.0;3494.15;3600.38;101062500.0;singleobj-opl-reprjob-LB-WS-noUB;94;tardiness
1471;~/minizinc-executables/mzn-gurobi.sh ~/oven-scheduling-problem/solution-methods/minizinc-models/withLowerBounds/direct-batch-pos-batchcount-objective.mzn $file --time-limit 3600000 -v;../../instancesUC1withLB/mzn/95_oven_scheduling.minizinc_instance_3012-13.24.21.dzn;1;-1.0;-1;-1;-1;;;;;3453.1478;;;singleobj-mzn-gurobi-LB-noUB;95;batchcount
1472;~/minizinc-executables/mzn-gurobi.sh $file ~/oven-scheduling-problem/solution-methods/minizinc-models/withLowerBounds/direct-batch-pos-warmstart-noUB-batchcount-objective.mzn $1 -d $2 --time-limit 3600000 -v;../../instancesUC1withLB/mzn/95_oven_scheduling.minizinc_instance_3012-13.24.21.dzn ../../instancesUC1withLB/mzn/warmstart/95_warm_start_95RandomOvenSchedulingInstance-n250-k5-a2--2212-22.49.14.dzn;1;-1.0;-1;-1;-1;;;;;3435.2224;;;singleobj-mzn-gurobiWS-LB-noUB;95;batchcount
1473;~/opl-executable/opl.sh ~/oven-scheduling-problem/solution-methods/cp-optimizer-models/withLB/interval-repr-jobs-noUB-batchcount.mod $file;../../instancesUC1withLB/opl/95_oven_scheduling.cpoptimizer_instance_3012-13.24.20.dat;1;2.14e-07;156;-1;1;9137.0;1499.0;249.0;156.0;3553.12;3600.04;730406250.0;singleobj-opl-reprjob-LB-noUB;95;batchcount
1474;~/opl-executable/opl.sh ~/oven-scheduling-problem/solution-methods/cp-optimizer-models/withLB/interval-repr-jobs-warmstart-noUB-batchcount.mod $file;../../instancesUC1withLB/opl/warmstartDataOplDec24/95_warm_start_95RandomOvenSchedulingInstance-n250-k5-a2--2212-22.49.14.dat;1;2.15e-07;157;-1;1;8959.0;1440.0;250.0;157.0;3553.88;3600.04;730406250.0;singleobj-opl-reprjob-LB-WS-noUB;95;batchcount
1475;~/minizinc-executables/mzn-gurobi.sh ~/oven-scheduling-problem/solution-methods/minizinc-models/withLowerBounds/direct-batch-pos-ovenruntime-objective.mzn $file --time-limit 3600000 -v;../../instancesUC1withLB/mzn/95_oven_scheduling.minizinc_instance_3012-13.24.21.dzn;1;-1.0;-1;-1;-1;;;;;3446.6276;;;singleobj-mzn-gurobi-LB-noUB;95;ovenruntime
1476;~/minizinc-executables/mzn-gurobi.sh $file ~/oven-scheduling-problem/solution-methods/minizinc-models/withLowerBounds/direct-batch-pos-warmstart-noUB-ovenruntime-objective.mzn $1 -d $2 --time-limit 3600000 -v;../../instancesUC1withLB/mzn/95_oven_scheduling.minizinc_instance_3012-13.24.21.dzn ../../instancesUC1withLB/mzn/warmstart/95_warm_start_95RandomOvenSchedulingInstance-n250-k5-a2--2212-22.49.14.dzn;1;-1.0;-1;-1;-1;;;;;3453.9828;;;singleobj-mzn-gurobiWS-LB-noUB;95;ovenruntime
1477;~/opl-executable/opl.sh ~/oven-scheduling-problem/solution-methods/cp-optimizer-models/withLB/interval-repr-jobs-noUB-ovenruntime.mod $file;../../instancesUC1withLB/opl/95_oven_scheduling.cpoptimizer_instance_3012-13.24.20.dat;1;1.23e-05;8986;-1;1;8986.0;1566.0;250.0;158.0;3553.9;3600.03;730406250.0;singleobj-opl-reprjob-LB-noUB;95;ovenruntime
1478;~/opl-executable/opl.sh ~/oven-scheduling-problem/solution-methods/cp-optimizer-models/withLB/interval-repr-jobs-warmstart-noUB-ovenruntime.mod $file;../../instancesUC1withLB/opl/warmstartDataOplDec24/95_warm_start_95RandomOvenSchedulingInstance-n250-k5-a2--2212-22.49.14.dat;1;1.2e-05;8734;-1;1;8734.0;1395.0;250.0;156.0;3552.49;3600.43;730406250.0;singleobj-opl-reprjob-LB-WS-noUB;95;ovenruntime
1479;~/minizinc-executables/mzn-gurobi.sh ~/oven-scheduling-problem/solution-methods/minizinc-models/withLowerBounds/direct-batch-pos-setupcosts-objective.mzn $file --time-limit 3600000 -v;../../instancesUC1withLB/mzn/95_oven_scheduling.minizinc_instance_3012-13.24.21.dzn;1;-1.0;-1;-1;-1;;;;;3447.8711;;;singleobj-mzn-gurobi-LB-noUB;95;setupcosts
1480;~/minizinc-executables/mzn-gurobi.sh $file ~/oven-scheduling-problem/solution-methods/minizinc-models/withLowerBounds/direct-batch-pos-warmstart-noUB-setupcosts-objective.mzn $1 -d $2 --time-limit 3600000 -v;../../instancesUC1withLB/mzn/95_oven_scheduling.minizinc_instance_3012-13.24.21.dzn ../../instancesUC1withLB/mzn/warmstart/95_warm_start_95RandomOvenSchedulingInstance-n250-k5-a2--2212-22.49.14.dzn;1;-1.0;-1;-1;-1;;;;;3437.9133;;;singleobj-mzn-gurobiWS-LB-noUB;95;setupcosts
1481;~/opl-executable/opl.sh ~/oven-scheduling-problem/solution-methods/cp-optimizer-models/withLB/interval-repr-jobs-noUB-setupcosts.mod $file;../../instancesUC1withLB/opl/95_oven_scheduling.cpoptimizer_instance_3012-13.24.20.dat;1;1.6e-06;1166;-1;1;8998.0;1166.0;250.0;157.0;3555.09;3600.04;730406250.0;singleobj-opl-reprjob-LB-noUB;95;setupcosts
1482;~/opl-executable/opl.sh ~/oven-scheduling-problem/solution-methods/cp-optimizer-models/withLB/interval-repr-jobs-warmstart-noUB-setupcosts.mod $file;../../instancesUC1withLB/opl/warmstartDataOplDec24/95_warm_start_95RandomOvenSchedulingInstance-n250-k5-a2--2212-22.49.14.dat;1;1.62e-06;1186;-1;1;8907.0;1186.0;250.0;156.0;3553.92;3600.04;730406250.0;singleobj-opl-reprjob-LB-WS-noUB;95;setupcosts
1483;~/minizinc-executables/mzn-gurobi.sh ~/oven-scheduling-problem/solution-methods/minizinc-models/withLowerBounds/direct-batch-pos-tardiness-objective.mzn $file --time-limit 3600000 -v;../../instancesUC1withLB/mzn/95_oven_scheduling.minizinc_instance_3012-13.24.21.dzn;1;-1.0;-1;-1;-1;;;;;3453.2291;;;singleobj-mzn-gurobi-LB-noUB;95;tardiness
1484;~/minizinc-executables/mzn-gurobi.sh $file ~/oven-scheduling-problem/solution-methods/minizinc-models/withLowerBounds/direct-batch-pos-warmstart-noUB-tardiness-objective.mzn $1 -d $2 --time-limit 3600000 -v;../../instancesUC1withLB/mzn/95_oven_scheduling.minizinc_instance_3012-13.24.21.dzn ../../instancesUC1withLB/mzn/warmstart/95_warm_start_95RandomOvenSchedulingInstance-n250-k5-a2--2212-22.49.14.dzn;1;-1.0;-1;-1;-1;;;;;3451.8706;;;singleobj-mzn-gurobiWS-LB-noUB;95;tardiness
1485;~/opl-executable/opl.sh ~/oven-scheduling-problem/solution-methods/cp-optimizer-models/withLB/interval-repr-jobs-noUB-tardiness.mod $file;../../instancesUC1withLB/opl/95_oven_scheduling.cpoptimizer_instance_3012-13.24.20.dat;1;3.38e-07;247;-1;1;11962.0;2030.0;247.0;224.0;3553.81;3600.09;730406250.0;singleobj-opl-reprjob-LB-noUB;95;tardiness
1486;~/opl-executable/opl.sh ~/oven-scheduling-problem/solution-methods/cp-optimizer-models/withLB/interval-repr-jobs-warmstart-noUB-tardiness.mod $file;../../instancesUC1withLB/opl/warmstartDataOplDec24/95_warm_start_95RandomOvenSchedulingInstance-n250-k5-a2--2212-22.49.14.dat;1;3.38e-07;247;-1;1;10710.0;1930.0;247.0;196.0;3553.22;3600.04;730406250.0;singleobj-opl-reprjob-LB-WS-noUB;95;tardiness
1487;~/minizinc-executables/mzn-gurobi.sh ~/oven-scheduling-problem/solution-methods/minizinc-models/withLowerBounds/direct-batch-pos-batchcount-objective.mzn $file --time-limit 3600000 -v;../../instancesUC1withLB/mzn/96_oven_scheduling.minizinc_instance_3012-13.24.23.dzn;1;-1.0;-1;-1;-1;;;;;3458.9116;;;singleobj-mzn-gurobi-LB-noUB;96;batchcount
1488;~/minizinc-executables/mzn-gurobi.sh $file ~/oven-scheduling-problem/solution-methods/minizinc-models/withLowerBounds/direct-batch-pos-warmstart-noUB-batchcount-objective.mzn $1 -d $2 --time-limit 3600000 -v;../../instancesUC1withLB/mzn/96_oven_scheduling.minizinc_instance_3012-13.24.23.dzn ../../instancesUC1withLB/mzn/warmstart/96_warm_start_96RandomOvenSchedulingInstance-n250-k5-a5--2212-22.49.31.dzn;1;-1.0;-1;-1;-1;;;;;3452.4336;;;singleobj-mzn-gurobiWS-LB-noUB;96;batchcount
1489;~/opl-executable/opl.sh ~/oven-scheduling-problem/solution-methods/cp-optimizer-models/withLB/interval-repr-jobs-noUB-batchcount.mod $file;../../instancesUC1withLB/opl/96_oven_scheduling.cpoptimizer_instance_3012-13.24.22.dat;1;0.000939683;148;-1;1;920.0;288.0;250.0;148.0;3539.86;3600.04;157500.0;singleobj-opl-reprjob-LB-noUB;96;batchcount
1490;~/opl-executable/opl.sh ~/oven-scheduling-problem/solution-methods/cp-optimizer-models/withLB/interval-repr-jobs-warmstart-noUB-batchcount.mod $file;../../instancesUC1withLB/opl/warmstartDataOplDec24/96_warm_start_96RandomOvenSchedulingInstance-n250-k5-a5--2212-22.49.31.dat;1;0.00095873;151;-1;1;900.0;229.0;250.0;151.0;3539.88;3600.04;157500.0;singleobj-opl-reprjob-LB-WS-noUB;96;batchcount
1491;~/minizinc-executables/mzn-gurobi.sh ~/oven-scheduling-problem/solution-methods/minizinc-models/withLowerBounds/direct-batch-pos-ovenruntime-objective.mzn $file --time-limit 3600000 -v;../../instancesUC1withLB/mzn/96_oven_scheduling.minizinc_instance_3012-13.24.23.dzn;1;-1.0;-1;-1;-1;;;;;3455.4012;;;singleobj-mzn-gurobi-LB-noUB;96;ovenruntime
1492;~/minizinc-executables/mzn-gurobi.sh $file ~/oven-scheduling-problem/solution-methods/minizinc-models/withLowerBounds/direct-batch-pos-warmstart-noUB-ovenruntime-objective.mzn $1 -d $2 --time-limit 3600000 -v;../../instancesUC1withLB/mzn/96_oven_scheduling.minizinc_instance_3012-13.24.23.dzn ../../instancesUC1withLB/mzn/warmstart/96_warm_start_96RandomOvenSchedulingInstance-n250-k5-a5--2212-22.49.31.dzn;1;-1.0;-1;-1;-1;;;;;3457.2352;;;singleobj-mzn-gurobiWS-LB-noUB;96;ovenruntime
1493;~/opl-executable/opl.sh ~/oven-scheduling-problem/solution-methods/cp-optimizer-models/withLB/interval-repr-jobs-noUB-ovenruntime.mod $file;../../instancesUC1withLB/opl/96_oven_scheduling.cpoptimizer_instance_3012-13.24.22.dat;1;0.005536508;872;-1;1;872.0;131.0;250.0;151.0;3537.59;3600.03;157500.0;singleobj-opl-reprjob-LB-noUB;96;ovenruntime
1494;~/opl-executable/opl.sh ~/oven-scheduling-problem/solution-methods/cp-optimizer-models/withLB/interval-repr-jobs-warmstart-noUB-ovenruntime.mod $file;../../instancesUC1withLB/opl/warmstartDataOplDec24/96_warm_start_96RandomOvenSchedulingInstance-n250-k5-a5--2212-22.49.31.dat;1;0.005504762;867;-1;1;867.0;227.0;250.0;150.0;3538.82;3600.05;157500.0;singleobj-opl-reprjob-LB-WS-noUB;96;ovenruntime
1495;~/minizinc-executables/mzn-gurobi.sh ~/oven-scheduling-problem/solution-methods/minizinc-models/withLowerBounds/direct-batch-pos-setupcosts-objective.mzn $file --time-limit 3600000 -v;../../instancesUC1withLB/mzn/96_oven_scheduling.minizinc_instance_3012-13.24.23.dzn;1;-1.0;-1;-1;-1;;;;;3456.5005;;;singleobj-mzn-gurobi-LB-noUB;96;setupcosts
1496;~/minizinc-executables/mzn-gurobi.sh $file ~/oven-scheduling-problem/solution-methods/minizinc-models/withLowerBounds/direct-batch-pos-warmstart-noUB-setupcosts-objective.mzn $1 -d $2 --time-limit 3600000 -v;../../instancesUC1withLB/mzn/96_oven_scheduling.minizinc_instance_3012-13.24.23.dzn ../../instancesUC1withLB/mzn/warmstart/96_warm_start_96RandomOvenSchedulingInstance-n250-k5-a5--2212-22.49.31.dzn;1;-1.0;-1;-1;-1;;;;;3452.5202;;;singleobj-mzn-gurobiWS-LB-noUB;96;setupcosts
1497;~/opl-executable/opl.sh ~/oven-scheduling-problem/solution-methods/cp-optimizer-models/withLB/interval-repr-jobs-noUB-setupcosts.mod $file;../../instancesUC1withLB/opl/96_oven_scheduling.cpoptimizer_instance_3012-13.24.22.dat;1;0.000692063;109;-1;1;1229.0;109.0;250.0;210.0;3538.52;3600.04;157500.0;singleobj-opl-reprjob-LB-noUB;96;setupcosts
1498;~/opl-executable/opl.sh ~/oven-scheduling-problem/solution-methods/cp-optimizer-models/withLB/interval-repr-jobs-warmstart-noUB-setupcosts.mod $file;../../instancesUC1withLB/opl/warmstartDataOplDec24/96_warm_start_96RandomOvenSchedulingInstance-n250-k5-a5--2212-22.49.31.dat;1;0.000679365;107;-1;1;1062.0;107.0;250.0;185.0;3537.04;3600.03;157500.0;singleobj-opl-reprjob-LB-WS-noUB;96;setupcosts
1499;~/minizinc-executables/mzn-gurobi.sh ~/oven-scheduling-problem/solution-methods/minizinc-models/withLowerBounds/direct-batch-pos-tardiness-objective.mzn $file --time-limit 3600000 -v;../../instancesUC1withLB/mzn/96_oven_scheduling.minizinc_instance_3012-13.24.23.dzn;1;-1.0;-1;-1;-1;;;;;3451.7102;;;singleobj-mzn-gurobi-LB-noUB;96;tardiness
1500;~/minizinc-executables/mzn-gurobi.sh $file ~/oven-scheduling-problem/solution-methods/minizinc-models/withLowerBounds/direct-batch-pos-warmstart-noUB-tardiness-objective.mzn $1 -d $2 --time-limit 3600000 -v;../../instancesUC1withLB/mzn/96_oven_scheduling.minizinc_instance_3012-13.24.23.dzn ../../instancesUC1withLB/mzn/warmstart/96_warm_start_96RandomOvenSchedulingInstance-n250-k5-a5--2212-22.49.31.dzn;1;-1.0;-1;-1;-1;;;;;3451.9611;;;singleobj-mzn-gurobiWS-LB-noUB;96;tardiness
1501;~/opl-executable/opl.sh ~/oven-scheduling-problem/solution-methods/cp-optimizer-models/withLB/interval-repr-jobs-noUB-tardiness.mod $file;../../instancesUC1withLB/opl/96_oven_scheduling.cpoptimizer_instance_3012-13.24.22.dat;1;0.001587302;250;1;1;1391.0;344.0;250.0;250.0;13.92;74.65;157500.0;singleobj-opl-reprjob-LB-noUB;96;tardiness
1502;~/opl-executable/opl.sh ~/oven-scheduling-problem/solution-methods/cp-optimizer-models/withLB/interval-repr-jobs-warmstart-noUB-tardiness.mod $file;../../instancesUC1withLB/opl/warmstartDataOplDec24/96_warm_start_96RandomOvenSchedulingInstance-n250-k5-a5--2212-22.49.31.dat;1;0.001587302;250;1;1;981.0;372.0;250.0;158.0;1.88;62.97;157500.0;singleobj-opl-reprjob-LB-WS-noUB;96;tardiness
1503;~/minizinc-executables/mzn-gurobi.sh ~/oven-scheduling-problem/solution-methods/minizinc-models/withLowerBounds/direct-batch-pos-batchcount-objective.mzn $file --time-limit 3600000 -v;../../instancesUC1withLB/mzn/97_oven_scheduling.minizinc_instance_1212-10.35.51.dzn;1;-1.0;-1;-1;-1;;;;;3450.0348;;;singleobj-mzn-gurobi-LB-noUB;97;batchcount
1504;~/minizinc-executables/mzn-gurobi.sh $file ~/oven-scheduling-problem/solution-methods/minizinc-models/withLowerBounds/direct-batch-pos-warmstart-noUB-batchcount-objective.mzn $1 -d $2 --time-limit 3600000 -v;../../instancesUC1withLB/mzn/97_oven_scheduling.minizinc_instance_1212-10.35.51.dzn ../../instancesUC1withLB/mzn/warmstart/97_warm_start_97RandomOvenSchedulingInstance-n250-k5-a5--2212-22.49.40.dzn;1;-1.0;-1;-1;-1;;;;;3451.5621;;;singleobj-mzn-gurobiWS-LB-noUB;97;batchcount
1505;~/opl-executable/opl.sh ~/oven-scheduling-problem/solution-methods/cp-optimizer-models/withLB/interval-repr-jobs-noUB-batchcount.mod $file;../../instancesUC1withLB/opl/97_oven_scheduling.cpoptimizer_instance_1212-10.35.50.dat;1;0.00032381;51;-1;1;344.0;71.0;214.0;51.0;3541.45;3600.04;157500.0;singleobj-opl-reprjob-LB-noUB;97;batchcount
1506;~/opl-executable/opl.sh ~/oven-scheduling-problem/solution-methods/cp-optimizer-models/withLB/interval-repr-jobs-warmstart-noUB-batchcount.mod $file;../../instancesUC1withLB/opl/warmstartDataOplDec24/97_warm_start_97RandomOvenSchedulingInstance-n250-k5-a5--2212-22.49.40.dat;1;0.000349206;55;-1;1;353.0;84.0;239.0;55.0;3542.62;3600.05;157500.0;singleobj-opl-reprjob-LB-WS-noUB;97;batchcount
1507;~/minizinc-executables/mzn-gurobi.sh ~/oven-scheduling-problem/solution-methods/minizinc-models/withLowerBounds/direct-batch-pos-ovenruntime-objective.mzn $file --time-limit 3600000 -v;../../instancesUC1withLB/mzn/97_oven_scheduling.minizinc_instance_1212-10.35.51.dzn;1;-1.0;-1;-1;-1;;;;;3453.2935;;;singleobj-mzn-gurobi-LB-noUB;97;ovenruntime
1508;~/minizinc-executables/mzn-gurobi.sh $file ~/oven-scheduling-problem/solution-methods/minizinc-models/withLowerBounds/direct-batch-pos-warmstart-noUB-ovenruntime-objective.mzn $1 -d $2 --time-limit 3600000 -v;../../instancesUC1withLB/mzn/97_oven_scheduling.minizinc_instance_1212-10.35.51.dzn ../../instancesUC1withLB/mzn/warmstart/97_warm_start_97RandomOvenSchedulingInstance-n250-k5-a5--2212-22.49.40.dzn;1;-1.0;-1;-1;-1;;;;;3449.5324;;;singleobj-mzn-gurobiWS-LB-noUB;97;ovenruntime
1509;~/opl-executable/opl.sh ~/oven-scheduling-problem/solution-methods/cp-optimizer-models/withLB/interval-repr-jobs-noUB-ovenruntime.mod $file;../../instancesUC1withLB/opl/97_oven_scheduling.cpoptimizer_instance_1212-10.35.50.dat;1;0.002311111;364;-1;1;364.0;79.0;248.0;55.0;3541.27;3600.04;157500.0;singleobj-opl-reprjob-LB-noUB;97;ovenruntime
1510;~/opl-executable/opl.sh ~/oven-scheduling-problem/solution-methods/cp-optimizer-models/withLB/interval-repr-jobs-warmstart-noUB-ovenruntime.mod $file;../../instancesUC1withLB/opl/warmstartDataOplDec24/97_warm_start_97RandomOvenSchedulingInstance-n250-k5-a5--2212-22.49.40.dat;1;0.002260317;356;-1;1;356.0;82.0;236.0;56.0;3542.52;3600.04;157500.0;singleobj-opl-reprjob-LB-WS-noUB;97;ovenruntime
1511;~/minizinc-executables/mzn-gurobi.sh ~/oven-scheduling-problem/solution-methods/minizinc-models/withLowerBounds/direct-batch-pos-setupcosts-objective.mzn $file --time-limit 3600000 -v;../../instancesUC1withLB/mzn/97_oven_scheduling.minizinc_instance_1212-10.35.51.dzn;1;-1.0;-1;-1;-1;;;;;3447.4916;;;singleobj-mzn-gurobi-LB-noUB;97;setupcosts
1512;~/minizinc-executables/mzn-gurobi.sh $file ~/oven-scheduling-problem/solution-methods/minizinc-models/withLowerBounds/direct-batch-pos-warmstart-noUB-setupcosts-objective.mzn $1 -d $2 --time-limit 3600000 -v;../../instancesUC1withLB/mzn/97_oven_scheduling.minizinc_instance_1212-10.35.51.dzn ../../instancesUC1withLB/mzn/warmstart/97_warm_start_97RandomOvenSchedulingInstance-n250-k5-a5--2212-22.49.40.dzn;1;-1.0;-1;-1;-1;;;;;3452.4241;;;singleobj-mzn-gurobiWS-LB-noUB;97;setupcosts
1513;~/opl-executable/opl.sh ~/oven-scheduling-problem/solution-methods/cp-optimizer-models/withLB/interval-repr-jobs-noUB-setupcosts.mod $file;../../instancesUC1withLB/opl/97_oven_scheduling.cpoptimizer_instance_1212-10.35.50.dat;1;0.000298413;47;-1;1;622.0;47.0;214.0;92.0;3542.04;3600.04;157500.0;singleobj-opl-reprjob-LB-noUB;97;setupcosts
1514;~/opl-executable/opl.sh ~/oven-scheduling-problem/solution-methods/cp-optimizer-models/withLB/interval-repr-jobs-warmstart-noUB-setupcosts.mod $file;../../instancesUC1withLB/opl/warmstartDataOplDec24/97_warm_start_97RandomOvenSchedulingInstance-n250-k5-a5--2212-22.49.40.dat;1;0.00024127;38;-1;1;574.0;38.0;233.0;86.0;3541.13;3600.04;157500.0;singleobj-opl-reprjob-LB-WS-noUB;97;setupcosts
1515;~/minizinc-executables/mzn-gurobi.sh ~/oven-scheduling-problem/solution-methods/minizinc-models/withLowerBounds/direct-batch-pos-tardiness-objective.mzn $file --time-limit 3600000 -v;../../instancesUC1withLB/mzn/97_oven_scheduling.minizinc_instance_1212-10.35.51.dzn;1;-1.0;-1;-1;-1;;;;;3449.1116;;;singleobj-mzn-gurobi-LB-noUB;97;tardiness
1516;~/minizinc-executables/mzn-gurobi.sh $file ~/oven-scheduling-problem/solution-methods/minizinc-models/withLowerBounds/direct-batch-pos-warmstart-noUB-tardiness-objective.mzn $1 -d $2 --time-limit 3600000 -v;../../instancesUC1withLB/mzn/97_oven_scheduling.minizinc_instance_1212-10.35.51.dzn ../../instancesUC1withLB/mzn/warmstart/97_warm_start_97RandomOvenSchedulingInstance-n250-k5-a5--2212-22.49.40.dzn;1;-1.0;-1;-1;-1;;;;;3452.6903;;;singleobj-mzn-gurobiWS-LB-noUB;97;tardiness
1517;~/opl-executable/opl.sh ~/oven-scheduling-problem/solution-methods/cp-optimizer-models/withLB/interval-repr-jobs-noUB-tardiness.mod $file;../../instancesUC1withLB/opl/97_oven_scheduling.cpoptimizer_instance_1212-10.35.50.dat;1;0.001231746;194;-1;1;1078.0;285.0;194.0;185.0;3541.79;3600.04;157500.0;singleobj-opl-reprjob-LB-noUB;97;tardiness
1518;~/opl-executable/opl.sh ~/oven-scheduling-problem/solution-methods/cp-optimizer-models/withLB/interval-repr-jobs-warmstart-noUB-tardiness.mod $file;../../instancesUC1withLB/opl/warmstartDataOplDec24/97_warm_start_97RandomOvenSchedulingInstance-n250-k5-a5--2212-22.49.40.dat;1;0.000742857;117;-1;1;1231.0;311.0;117.0;206.0;3541.26;3600.04;157500.0;singleobj-opl-reprjob-LB-WS-noUB;97;tardiness
1519;~/minizinc-executables/mzn-gurobi.sh ~/oven-scheduling-problem/solution-methods/minizinc-models/withLowerBounds/direct-batch-pos-batchcount-objective.mzn $file --time-limit 3600000 -v;../../instancesUC1withLB/mzn/98_oven_scheduling.minizinc_instance_1212-10.35.53.dzn;1;-1.0;-1;-1;-1;;;;;3455.2961;;;singleobj-mzn-gurobi-LB-noUB;98;batchcount
1520;~/minizinc-executables/mzn-gurobi.sh $file ~/oven-scheduling-problem/solution-methods/minizinc-models/withLowerBounds/direct-batch-pos-warmstart-noUB-batchcount-objective.mzn $1 -d $2 --time-limit 3600000 -v;../../instancesUC1withLB/mzn/98_oven_scheduling.minizinc_instance_1212-10.35.53.dzn ../../instancesUC1withLB/mzn/warmstart/98_warm_start_98RandomOvenSchedulingInstance-n250-k5-a5--2212-22.49.43.dzn;1;0.966424498;197875416;-1;1;4302.0;943.0;250.0;76.0;3625.9001;3779.5401;204750000.0;singleobj-mzn-gurobiWS-LB-noUB;98;batchcount
1521;~/opl-executable/opl.sh ~/oven-scheduling-problem/solution-methods/cp-optimizer-models/withLB/interval-repr-jobs-noUB-batchcount.mod $file;../../instancesUC1withLB/opl/98_oven_scheduling.cpoptimizer_instance_1212-10.35.52.dat;1;9.13e-07;187;-1;1;9964.0;2304.0;250.0;187.0;3539.54;3600.04;204750000.0;singleobj-opl-reprjob-LB-noUB;98;batchcount
1522;~/opl-executable/opl.sh ~/oven-scheduling-problem/solution-methods/cp-optimizer-models/withLB/interval-repr-jobs-warmstart-noUB-batchcount.mod $file;../../instancesUC1withLB/opl/warmstartDataOplDec24/98_warm_start_98RandomOvenSchedulingInstance-n250-k5-a5--2212-22.49.43.dat;1;3.71e-07;76;-1;1;5859.0;872.0;250.0;76.0;3539.83;3600.03;204750000.0;singleobj-opl-reprjob-LB-WS-noUB;98;batchcount
1523;~/minizinc-executables/mzn-gurobi.sh ~/oven-scheduling-problem/solution-methods/minizinc-models/withLowerBounds/direct-batch-pos-ovenruntime-objective.mzn $file --time-limit 3600000 -v;../../instancesUC1withLB/mzn/98_oven_scheduling.minizinc_instance_1212-10.35.53.dzn;1;-1.0;-1;-1;-1;;;;;3458.77;;;singleobj-mzn-gurobi-LB-noUB;98;ovenruntime
1524;~/minizinc-executables/mzn-gurobi.sh $file ~/oven-scheduling-problem/solution-methods/minizinc-models/withLowerBounds/direct-batch-pos-warmstart-noUB-ovenruntime-objective.mzn $1 -d $2 --time-limit 3600000 -v;../../instancesUC1withLB/mzn/98_oven_scheduling.minizinc_instance_1212-10.35.53.dzn ../../instancesUC1withLB/mzn/warmstart/98_warm_start_98RandomOvenSchedulingInstance-n250-k5-a5--2212-22.49.43.dzn;1;-1.0;-1;-1;-1;;;;;3460.0639;;;singleobj-mzn-gurobiWS-LB-noUB;98;ovenruntime
1525;~/opl-executable/opl.sh ~/oven-scheduling-problem/solution-methods/cp-optimizer-models/withLB/interval-repr-jobs-noUB-ovenruntime.mod $file;../../instancesUC1withLB/opl/98_oven_scheduling.cpoptimizer_instance_1212-10.35.52.dat;1;5e-05;10233;-1;1;10233.0;2286.0;250.0;184.0;3539.42;3600.03;204750000.0;singleobj-opl-reprjob-LB-noUB;98;ovenruntime
1526;~/opl-executable/opl.sh ~/oven-scheduling-problem/solution-methods/cp-optimizer-models/withLB/interval-repr-jobs-warmstart-noUB-ovenruntime.mod $file;../../instancesUC1withLB/opl/warmstartDataOplDec24/98_warm_start_98RandomOvenSchedulingInstance-n250-k5-a5--2212-22.49.43.dat;1;1.82e-05;3731;-1;1;3731.0;642.0;250.0;58.0;3537.95;3600.03;204750000.0;singleobj-opl-reprjob-LB-WS-noUB;98;ovenruntime
1527;~/minizinc-executables/mzn-gurobi.sh ~/oven-scheduling-problem/solution-methods/minizinc-models/withLowerBounds/direct-batch-pos-setupcosts-objective.mzn $file --time-limit 3600000 -v;../../instancesUC1withLB/mzn/98_oven_scheduling.minizinc_instance_1212-10.35.53.dzn;1;-1.0;-1;-1;-1;;;;;3455.7683;;;singleobj-mzn-gurobi-LB-noUB;98;setupcosts
1528;~/minizinc-executables/mzn-gurobi.sh $file ~/oven-scheduling-problem/solution-methods/minizinc-models/withLowerBounds/direct-batch-pos-warmstart-noUB-setupcosts-objective.mzn $1 -d $2 --time-limit 3600000 -v;../../instancesUC1withLB/mzn/98_oven_scheduling.minizinc_instance_1212-10.35.53.dzn ../../instancesUC1withLB/mzn/warmstart/98_warm_start_98RandomOvenSchedulingInstance-n250-k5-a5--2212-22.49.43.dzn;1;-1.0;-1;-1;-1;;;;;3449.6113;;;singleobj-mzn-gurobiWS-LB-noUB;98;setupcosts
1529;~/opl-executable/opl.sh ~/oven-scheduling-problem/solution-methods/cp-optimizer-models/withLB/interval-repr-jobs-noUB-setupcosts.mod $file;../../instancesUC1withLB/opl/98_oven_scheduling.cpoptimizer_instance_1212-10.35.52.dat;1;1.43e-06;293;-1;1;3945.0;293.0;250.0;60.0;3540.58;3600.04;204750000.0;singleobj-opl-reprjob-LB-noUB;98;setupcosts
1530;~/opl-executable/opl.sh ~/oven-scheduling-problem/solution-methods/cp-optimizer-models/withLB/interval-repr-jobs-warmstart-noUB-setupcosts.mod $file;../../instancesUC1withLB/opl/warmstartDataOplDec24/98_warm_start_98RandomOvenSchedulingInstance-n250-k5-a5--2212-22.49.43.dat;1;4.55e-06;932;-1;1;5938.0;932.0;250.0;77.0;3539.86;3600.04;204750000.0;singleobj-opl-reprjob-LB-WS-noUB;98;setupcosts
1531;~/minizinc-executables/mzn-gurobi.sh ~/oven-scheduling-problem/solution-methods/minizinc-models/withLowerBounds/direct-batch-pos-tardiness-objective.mzn $file --time-limit 3600000 -v;../../instancesUC1withLB/mzn/98_oven_scheduling.minizinc_instance_1212-10.35.53.dzn;1;-1.0;-1;-1;-1;;;;;3458.6164;;;singleobj-mzn-gurobi-LB-noUB;98;tardiness
1532;~/minizinc-executables/mzn-gurobi.sh $file ~/oven-scheduling-problem/solution-methods/minizinc-models/withLowerBounds/direct-batch-pos-warmstart-noUB-tardiness-objective.mzn $1 -d $2 --time-limit 3600000 -v;../../instancesUC1withLB/mzn/98_oven_scheduling.minizinc_instance_1212-10.35.53.dzn ../../instancesUC1withLB/mzn/warmstart/98_warm_start_98RandomOvenSchedulingInstance-n250-k5-a5--2212-22.49.43.dzn;1;0.971889114;198994296;1;1;6185.0;908.0;250.0;77.0;189.7208;344.0488;204750000.0;singleobj-mzn-gurobiWS-LB-noUB;98;tardiness
1533;~/opl-executable/opl.sh ~/oven-scheduling-problem/solution-methods/cp-optimizer-models/withLB/interval-repr-jobs-noUB-tardiness.mod $file;../../instancesUC1withLB/opl/98_oven_scheduling.cpoptimizer_instance_1212-10.35.52.dat;1;1.22e-06;250;1;1;9230.0;2263.0;250.0;178.0;934.88;996.34;204750000.0;singleobj-opl-reprjob-LB-noUB;98;tardiness
1534;~/opl-executable/opl.sh ~/oven-scheduling-problem/solution-methods/cp-optimizer-models/withLB/interval-repr-jobs-warmstart-noUB-tardiness.mod $file;../../instancesUC1withLB/opl/warmstartDataOplDec24/98_warm_start_98RandomOvenSchedulingInstance-n250-k5-a5--2212-22.49.43.dat;1;1.22e-06;250;1;1;5938.0;983.0;250.0;77.0;1.96;61.69;204750000.0;singleobj-opl-reprjob-LB-WS-noUB;98;tardiness
1535;~/minizinc-executables/mzn-gurobi.sh ~/oven-scheduling-problem/solution-methods/minizinc-models/withLowerBounds/direct-batch-pos-batchcount-objective.mzn $file --time-limit 3600000 -v;../../instancesUC1withLB/mzn/99_oven_scheduling.minizinc_instance_3012-13.24.28.dzn;1;-1.0;-1;-1;-1;;;;;3457.078;;;singleobj-mzn-gurobi-LB-noUB;99;batchcount
1536;~/minizinc-executables/mzn-gurobi.sh $file ~/oven-scheduling-problem/solution-methods/minizinc-models/withLowerBounds/direct-batch-pos-warmstart-noUB-batchcount-objective.mzn $1 -d $2 --time-limit 3600000 -v;../../instancesUC1withLB/mzn/99_oven_scheduling.minizinc_instance_3012-13.24.28.dzn ../../instancesUC1withLB/mzn/warmstart/99_warm_start_99RandomOvenSchedulingInstance-n250-k5-a5--2212-22.52.57.dzn;1;-1.0;-1;-1;-1;;;;;3456.385;;;singleobj-mzn-gurobiWS-LB-noUB;99;batchcount
1537;~/opl-executable/opl.sh ~/oven-scheduling-problem/solution-methods/cp-optimizer-models/withLB/interval-repr-jobs-noUB-batchcount.mod $file;../../instancesUC1withLB/opl/99_oven_scheduling.cpoptimizer_instance_3012-13.24.28.dat;1;-1.0;-1;-1;-1;;;;;3572.35;3600.04;-1.0;singleobj-opl-reprjob-LB-noUB;99;batchcount
1538;~/opl-executable/opl.sh ~/oven-scheduling-problem/solution-methods/cp-optimizer-models/withLB/interval-repr-jobs-warmstart-noUB-batchcount.mod $file;../../instancesUC1withLB/opl/warmstartDataOplDec24/99_warm_start_99RandomOvenSchedulingInstance-n250-k5-a5--2212-22.52.57.dat;1;5.13e-06;155;-1;1;8880.0;1810.0;250.0;155.0;3571.89;3600.05;30187500.0;singleobj-opl-reprjob-LB-WS-noUB;99;batchcount
1539;~/minizinc-executables/mzn-gurobi.sh ~/oven-scheduling-problem/solution-methods/minizinc-models/withLowerBounds/direct-batch-pos-ovenruntime-objective.mzn $file --time-limit 3600000 -v;../../instancesUC1withLB/mzn/99_oven_scheduling.minizinc_instance_3012-13.24.28.dzn;1;-1.0;-1;-1;-1;;;;;3456.9891;;;singleobj-mzn-gurobi-LB-noUB;99;ovenruntime
1540;~/minizinc-executables/mzn-gurobi.sh $file ~/oven-scheduling-problem/solution-methods/minizinc-models/withLowerBounds/direct-batch-pos-warmstart-noUB-ovenruntime-objective.mzn $1 -d $2 --time-limit 3600000 -v;../../instancesUC1withLB/mzn/99_oven_scheduling.minizinc_instance_3012-13.24.28.dzn ../../instancesUC1withLB/mzn/warmstart/99_warm_start_99RandomOvenSchedulingInstance-n250-k5-a5--2212-22.52.57.dzn;1;-1.0;-1;-1;-1;;;;;3454.3318;;;singleobj-mzn-gurobiWS-LB-noUB;99;ovenruntime
1541;~/opl-executable/opl.sh ~/oven-scheduling-problem/solution-methods/cp-optimizer-models/withLB/interval-repr-jobs-noUB-ovenruntime.mod $file;../../instancesUC1withLB/opl/99_oven_scheduling.cpoptimizer_instance_3012-13.24.28.dat;1;-1.0;-1;-1;-1;;;;;3571.97;3600.04;-1.0;singleobj-opl-reprjob-LB-noUB;99;ovenruntime
1542;~/opl-executable/opl.sh ~/oven-scheduling-problem/solution-methods/cp-optimizer-models/withLB/interval-repr-jobs-warmstart-noUB-ovenruntime.mod $file;../../instancesUC1withLB/opl/warmstartDataOplDec24/99_warm_start_99RandomOvenSchedulingInstance-n250-k5-a5--2212-22.52.57.dat;1;0.000294161;8880;-1;1;8880.0;1810.0;250.0;155.0;3572.45;3600.04;30187500.0;singleobj-opl-reprjob-LB-WS-noUB;99;ovenruntime
1543;~/minizinc-executables/mzn-gurobi.sh ~/oven-scheduling-problem/solution-methods/minizinc-models/withLowerBounds/direct-batch-pos-setupcosts-objective.mzn $file --time-limit 3600000 -v;../../instancesUC1withLB/mzn/99_oven_scheduling.minizinc_instance_3012-13.24.28.dzn;1;-1.0;-1;-1;-1;;;;;3455.1949;;;singleobj-mzn-gurobi-LB-noUB;99;setupcosts
1544;~/minizinc-executables/mzn-gurobi.sh $file ~/oven-scheduling-problem/solution-methods/minizinc-models/withLowerBounds/direct-batch-pos-warmstart-noUB-setupcosts-objective.mzn $1 -d $2 --time-limit 3600000 -v;../../instancesUC1withLB/mzn/99_oven_scheduling.minizinc_instance_3012-13.24.28.dzn ../../instancesUC1withLB/mzn/warmstart/99_warm_start_99RandomOvenSchedulingInstance-n250-k5-a5--2212-22.52.57.dzn;1;-1.0;-1;-1;-1;;;;;3456.7186;;;singleobj-mzn-gurobiWS-LB-noUB;99;setupcosts
1545;~/opl-executable/opl.sh ~/oven-scheduling-problem/solution-methods/cp-optimizer-models/withLB/interval-repr-jobs-noUB-setupcosts.mod $file;../../instancesUC1withLB/opl/99_oven_scheduling.cpoptimizer_instance_3012-13.24.28.dat;1;-1.0;-1;-1;-1;;;;;3572.77;3600.04;-1.0;singleobj-opl-reprjob-LB-noUB;99;setupcosts
1546;~/opl-executable/opl.sh ~/oven-scheduling-problem/solution-methods/cp-optimizer-models/withLB/interval-repr-jobs-warmstart-noUB-setupcosts.mod $file;../../instancesUC1withLB/opl/warmstartDataOplDec24/99_warm_start_99RandomOvenSchedulingInstance-n250-k5-a5--2212-22.52.57.dat;1;6e-05;1810;-1;1;8880.0;1810.0;250.0;155.0;3572.83;3600.06;30187500.0;singleobj-opl-reprjob-LB-WS-noUB;99;setupcosts
1547;~/minizinc-executables/mzn-gurobi.sh ~/oven-scheduling-problem/solution-methods/minizinc-models/withLowerBounds/direct-batch-pos-tardiness-objective.mzn $file --time-limit 3600000 -v;../../instancesUC1withLB/mzn/99_oven_scheduling.minizinc_instance_3012-13.24.28.dzn;1;-1.0;-1;-1;-1;;;;;3458.4786;;;singleobj-mzn-gurobi-LB-noUB;99;tardiness
1548;~/minizinc-executables/mzn-gurobi.sh $file ~/oven-scheduling-problem/solution-methods/minizinc-models/withLowerBounds/direct-batch-pos-warmstart-noUB-tardiness-objective.mzn $1 -d $2 --time-limit 3600000 -v;../../instancesUC1withLB/mzn/99_oven_scheduling.minizinc_instance_3012-13.24.28.dzn ../../instancesUC1withLB/mzn/warmstart/99_warm_start_99RandomOvenSchedulingInstance-n250-k5-a5--2212-22.52.57.dzn;1;-1.0;-1;-1;0;;;;;2937.1203;;;singleobj-mzn-gurobiWS-LB-noUB;99;tardiness
1549;~/opl-executable/opl.sh ~/oven-scheduling-problem/solution-methods/cp-optimizer-models/withLB/interval-repr-jobs-noUB-tardiness.mod $file;../../instancesUC1withLB/opl/99_oven_scheduling.cpoptimizer_instance_3012-13.24.28.dat;1;-1.0;-1;-1;-1;;;;;3572.58;3600.03;-1.0;singleobj-opl-reprjob-LB-noUB;99;tardiness
1550;~/opl-executable/opl.sh ~/oven-scheduling-problem/solution-methods/cp-optimizer-models/withLB/interval-repr-jobs-warmstart-noUB-tardiness.mod $file;../../instancesUC1withLB/opl/warmstartDataOplDec24/99_warm_start_99RandomOvenSchedulingInstance-n250-k5-a5--2212-22.52.57.dat;1;8.28e-06;250;1;1;8880.0;1810.0;250.0;155.0;0.56;28.4;30187500.0;singleobj-opl-reprjob-LB-WS-noUB;99;tardiness
1551;~/minizinc-executables/mzn-gurobi.sh ~/oven-scheduling-problem/solution-methods/minizinc-models/withLowerBounds/direct-batch-pos-batchcount-objective.mzn $file --time-limit 3600000 -v;../../instancesUC1withLB/mzn/100_oven_scheduling.minizinc_instance_1212-10.35.57.dzn;1;-1.0;-1;-1;-1;;;;;3451.1214;;;singleobj-mzn-gurobi-LB-noUB;100;batchcount
1552;~/minizinc-executables/mzn-gurobi.sh $file ~/oven-scheduling-problem/solution-methods/minizinc-models/withLowerBounds/direct-batch-pos-warmstart-noUB-batchcount-objective.mzn $1 -d $2 --time-limit 3600000 -v;../../instancesUC1withLB/mzn/100_oven_scheduling.minizinc_instance_1212-10.35.57.dzn ../../instancesUC1withLB/mzn/warmstart/100_warm_start_100RandomOvenSchedulingInstance-n250-k5-a5--2212-22.59.37.dzn;1;-1.0;-1;-1;-1;;;;;3453.8371;;;singleobj-mzn-gurobiWS-LB-noUB;100;batchcount
1553;~/opl-executable/opl.sh ~/oven-scheduling-problem/solution-methods/cp-optimizer-models/withLB/interval-repr-jobs-noUB-batchcount.mod $file;../../instancesUC1withLB/opl/100_oven_scheduling.cpoptimizer_instance_1212-10.35.57.dat;1;-1.0;-1;-1;-1;;;;;3545.68;3600.04;-1.0;singleobj-opl-reprjob-LB-noUB;100;batchcount
1554;~/opl-executable/opl.sh ~/oven-scheduling-problem/solution-methods/cp-optimizer-models/withLB/interval-repr-jobs-warmstart-noUB-batchcount.mod $file;../../instancesUC1withLB/opl/warmstartDataOplDec24/100_warm_start_100RandomOvenSchedulingInstance-n250-k5-a5--2212-22.59.37.dat;1;0.000380952;60;-1;1;388.0;70.0;250.0;60.0;3545.0;3600.04;157500.0;singleobj-opl-reprjob-LB-WS-noUB;100;batchcount
1555;~/minizinc-executables/mzn-gurobi.sh ~/oven-scheduling-problem/solution-methods/minizinc-models/withLowerBounds/direct-batch-pos-ovenruntime-objective.mzn $file --time-limit 3600000 -v;../../instancesUC1withLB/mzn/100_oven_scheduling.minizinc_instance_1212-10.35.57.dzn;1;-1.0;-1;-1;-1;;;;;3451.8913;;;singleobj-mzn-gurobi-LB-noUB;100;ovenruntime
1556;~/minizinc-executables/mzn-gurobi.sh $file ~/oven-scheduling-problem/solution-methods/minizinc-models/withLowerBounds/direct-batch-pos-warmstart-noUB-ovenruntime-objective.mzn $1 -d $2 --time-limit 3600000 -v;../../instancesUC1withLB/mzn/100_oven_scheduling.minizinc_instance_1212-10.35.57.dzn ../../instancesUC1withLB/mzn/warmstart/100_warm_start_100RandomOvenSchedulingInstance-n250-k5-a5--2212-22.59.37.dzn;1;-1.0;-1;-1;-1;;;;;3452.85;;;singleobj-mzn-gurobiWS-LB-noUB;100;ovenruntime
1557;~/opl-executable/opl.sh ~/oven-scheduling-problem/solution-methods/cp-optimizer-models/withLB/interval-repr-jobs-noUB-ovenruntime.mod $file;../../instancesUC1withLB/opl/100_oven_scheduling.cpoptimizer_instance_1212-10.35.57.dat;1;-1.0;-1;-1;-1;;;;;3545.83;3600.04;-1.0;singleobj-opl-reprjob-LB-noUB;100;ovenruntime
1558;~/opl-executable/opl.sh ~/oven-scheduling-problem/solution-methods/cp-optimizer-models/withLB/interval-repr-jobs-warmstart-noUB-ovenruntime.mod $file;../../instancesUC1withLB/opl/warmstartDataOplDec24/100_warm_start_100RandomOvenSchedulingInstance-n250-k5-a5--2212-22.59.37.dat;1;0.002457143;387;-1;1;387.0;76.0;248.0;63.0;3544.34;3600.04;157500.0;singleobj-opl-reprjob-LB-WS-noUB;100;ovenruntime
1559;~/minizinc-executables/mzn-gurobi.sh ~/oven-scheduling-problem/solution-methods/minizinc-models/withLowerBounds/direct-batch-pos-setupcosts-objective.mzn $file --time-limit 3600000 -v;../../instancesUC1withLB/mzn/100_oven_scheduling.minizinc_instance_1212-10.35.57.dzn;1;-1.0;-1;-1;-1;;;;;3450.1366;;;singleobj-mzn-gurobi-LB-noUB;100;setupcosts
1560;~/minizinc-executables/mzn-gurobi.sh $file ~/oven-scheduling-problem/solution-methods/minizinc-models/withLowerBounds/direct-batch-pos-warmstart-noUB-setupcosts-objective.mzn $1 -d $2 --time-limit 3600000 -v;../../instancesUC1withLB/mzn/100_oven_scheduling.minizinc_instance_1212-10.35.57.dzn ../../instancesUC1withLB/mzn/warmstart/100_warm_start_100RandomOvenSchedulingInstance-n250-k5-a5--2212-22.59.37.dzn;1;-1.0;-1;-1;-1;;;;;3454.5743;;;singleobj-mzn-gurobiWS-LB-noUB;100;setupcosts
1561;~/opl-executable/opl.sh ~/oven-scheduling-problem/solution-methods/cp-optimizer-models/withLB/interval-repr-jobs-noUB-setupcosts.mod $file;../../instancesUC1withLB/opl/100_oven_scheduling.cpoptimizer_instance_1212-10.35.57.dat;1;-1.0;-1;-1;-1;;;;;3543.34;3600.04;-1.0;singleobj-opl-reprjob-LB-noUB;100;setupcosts
1562;~/opl-executable/opl.sh ~/oven-scheduling-problem/solution-methods/cp-optimizer-models/withLB/interval-repr-jobs-warmstart-noUB-setupcosts.mod $file;../../instancesUC1withLB/opl/warmstartDataOplDec24/100_warm_start_100RandomOvenSchedulingInstance-n250-k5-a5--2212-22.59.37.dat;1;6.98e-05;11;-1;1;513.0;11.0;249.0;86.0;3545.5;3600.04;157500.0;singleobj-opl-reprjob-LB-WS-noUB;100;setupcosts
1563;~/minizinc-executables/mzn-gurobi.sh ~/oven-scheduling-problem/solution-methods/minizinc-models/withLowerBounds/direct-batch-pos-tardiness-objective.mzn $file --time-limit 3600000 -v;../../instancesUC1withLB/mzn/100_oven_scheduling.minizinc_instance_1212-10.35.57.dzn;1;-1.0;-1;-1;-1;;;;;3452.434;;;singleobj-mzn-gurobi-LB-noUB;100;tardiness
1564;~/minizinc-executables/mzn-gurobi.sh $file ~/oven-scheduling-problem/solution-methods/minizinc-models/withLowerBounds/direct-batch-pos-warmstart-noUB-tardiness-objective.mzn $1 -d $2 --time-limit 3600000 -v;../../instancesUC1withLB/mzn/100_oven_scheduling.minizinc_instance_1212-10.35.57.dzn ../../instancesUC1withLB/mzn/warmstart/100_warm_start_100RandomOvenSchedulingInstance-n250-k5-a5--2212-22.59.37.dzn;1;-1.0;-1;-1;-1;;;;;3454.4991;;;singleobj-mzn-gurobiWS-LB-noUB;100;tardiness
1565;~/opl-executable/opl.sh ~/oven-scheduling-problem/solution-methods/cp-optimizer-models/withLB/interval-repr-jobs-noUB-tardiness.mod $file;../../instancesUC1withLB/opl/100_oven_scheduling.cpoptimizer_instance_1212-10.35.57.dat;1;0.001574603;248;-1;1;1041.0;225.0;248.0;188.0;3546.42;3600.03;157500.0;singleobj-opl-reprjob-LB-noUB;100;tardiness
1566;~/opl-executable/opl.sh ~/oven-scheduling-problem/solution-methods/cp-optimizer-models/withLB/interval-repr-jobs-warmstart-noUB-tardiness.mod $file;../../instancesUC1withLB/opl/warmstartDataOplDec24/100_warm_start_100RandomOvenSchedulingInstance-n250-k5-a5--2212-22.59.37.dat;1;0.001453968;229;-1;1;674.0;120.0;229.0;120.0;3544.93;3600.04;157500.0;singleobj-opl-reprjob-LB-WS-noUB;100;tardiness
1567;~/minizinc-executables/mzn-gurobi.sh ~/oven-scheduling-problem/solution-methods/minizinc-models/withLowerBounds/direct-batch-pos-batchcount-objective.mzn $file --time-limit 3600000 -v;../../instancesUC1withLB/mzn/101_oven_scheduling.minizinc_instance_1212-10.35.59.dzn;1;-1.0;-1;-1;-1;;;;;3380.9367;;;singleobj-mzn-gurobi-LB-noUB;101;batchcount
1568;~/minizinc-executables/mzn-gurobi.sh $file ~/oven-scheduling-problem/solution-methods/minizinc-models/withLowerBounds/direct-batch-pos-warmstart-noUB-batchcount-objective.mzn $1 -d $2 --time-limit 3600000 -v;../../instancesUC1withLB/mzn/101_oven_scheduling.minizinc_instance_1212-10.35.59.dzn ../../instancesUC1withLB/mzn/warmstart/101_warm_start_101RandomOvenSchedulingInstance-n500-k2-a2--2312-08.39.34.dzn;1;0.964006349;303662;-1;1;893.0;230.0;499.0;115.0;3634.6428;3863.8308;315000.0;singleobj-mzn-gurobiWS-LB-noUB;101;batchcount
1569;~/opl-executable/opl.sh ~/oven-scheduling-problem/solution-methods/cp-optimizer-models/withLB/interval-repr-jobs-noUB-batchcount.mod $file;../../instancesUC1withLB/opl/101_oven_scheduling.cpoptimizer_instance_1212-10.35.59.dat;1;0.00031746;100;-1;1;750.0;200.0;499.0;100.0;3537.22;3600.13;315000.0;singleobj-opl-reprjob-LB-noUB;101;batchcount
1570;~/opl-executable/opl.sh ~/oven-scheduling-problem/solution-methods/cp-optimizer-models/withLB/interval-repr-jobs-warmstart-noUB-batchcount.mod $file;../../instancesUC1withLB/opl/warmstartDataOplDec24/101_warm_start_101RandomOvenSchedulingInstance-n500-k2-a2--2312-08.39.34.dat;1;0.000307937;97;-1;1;766.0;194.0;494.0;97.0;3535.44;3600.14;315000.0;singleobj-opl-reprjob-LB-WS-noUB;101;batchcount
1571;~/minizinc-executables/mzn-gurobi.sh ~/oven-scheduling-problem/solution-methods/minizinc-models/withLowerBounds/direct-batch-pos-ovenruntime-objective.mzn $file --time-limit 3600000 -v;../../instancesUC1withLB/mzn/101_oven_scheduling.minizinc_instance_1212-10.35.59.dzn;1;-1.0;-1;-1;-1;;;;;3382.4622;;;singleobj-mzn-gurobi-LB-noUB;101;ovenruntime
1572;~/minizinc-executables/mzn-gurobi.sh $file ~/oven-scheduling-problem/solution-methods/minizinc-models/withLowerBounds/direct-batch-pos-warmstart-noUB-ovenruntime-objective.mzn $1 -d $2 --time-limit 3600000 -v;../../instancesUC1withLB/mzn/101_oven_scheduling.minizinc_instance_1212-10.35.59.dzn ../../instancesUC1withLB/mzn/warmstart/101_warm_start_101RandomOvenSchedulingInstance-n500-k2-a2--2312-08.39.34.dzn;1;0.960298413;302494;-1;1;751.0;230.0;498.0;115.0;3634.8425;3863.3895;315000.0;singleobj-mzn-gurobiWS-LB-noUB;101;ovenruntime
1573;~/opl-executable/opl.sh ~/oven-scheduling-problem/solution-methods/cp-optimizer-models/withLB/interval-repr-jobs-noUB-ovenruntime.mod $file;../../instancesUC1withLB/opl/101_oven_scheduling.cpoptimizer_instance_1212-10.35.59.dat;1;0.001961905;618;-1;1;618.0;208.0;494.0;104.0;3534.65;3600.22;315000.0;singleobj-opl-reprjob-LB-noUB;101;ovenruntime
1574;~/opl-executable/opl.sh ~/oven-scheduling-problem/solution-methods/cp-optimizer-models/withLB/interval-repr-jobs-warmstart-noUB-ovenruntime.mod $file;../../instancesUC1withLB/opl/warmstartDataOplDec24/101_warm_start_101RandomOvenSchedulingInstance-n500-k2-a2--2312-08.39.34.dat;1;0.00207619;654;-1;1;654.0;226.0;495.0;113.0;3534.59;3600.13;315000.0;singleobj-opl-reprjob-LB-WS-noUB;101;ovenruntime
1575;~/minizinc-executables/mzn-gurobi.sh ~/oven-scheduling-problem/solution-methods/minizinc-models/withLowerBounds/direct-batch-pos-setupcosts-objective.mzn $file --time-limit 3600000 -v;../../instancesUC1withLB/mzn/101_oven_scheduling.minizinc_instance_1212-10.35.59.dzn;1;-1.0;-1;-1;-1;;;;;3381.5345;;;singleobj-mzn-gurobi-LB-noUB;101;setupcosts
1576;~/minizinc-executables/mzn-gurobi.sh $file ~/oven-scheduling-problem/solution-methods/minizinc-models/withLowerBounds/direct-batch-pos-warmstart-noUB-setupcosts-objective.mzn $1 -d $2 --time-limit 3600000 -v;../../instancesUC1withLB/mzn/101_oven_scheduling.minizinc_instance_1212-10.35.59.dzn ../../instancesUC1withLB/mzn/warmstart/101_warm_start_101RandomOvenSchedulingInstance-n500-k2-a2--2312-08.39.34.dzn;1;0.960412698;302530;-1;1;910.0;230.0;497.0;115.0;3635.4944;3864.8824;315000.0;singleobj-mzn-gurobiWS-LB-noUB;101;setupcosts
1577;~/opl-executable/opl.sh ~/oven-scheduling-problem/solution-methods/cp-optimizer-models/withLB/interval-repr-jobs-noUB-setupcosts.mod $file;../../instancesUC1withLB/opl/101_oven_scheduling.cpoptimizer_instance_1212-10.35.59.dat;1;0.000634921;200;-1;1;759.0;200.0;496.0;100.0;3535.81;3600.13;315000.0;singleobj-opl-reprjob-LB-noUB;101;setupcosts
1578;~/opl-executable/opl.sh ~/oven-scheduling-problem/solution-methods/cp-optimizer-models/withLB/interval-repr-jobs-warmstart-noUB-setupcosts.mod $file;../../instancesUC1withLB/opl/warmstartDataOplDec24/101_warm_start_101RandomOvenSchedulingInstance-n500-k2-a2--2312-08.39.34.dat;1;0.000730159;230;-1;1;908.0;230.0;500.0;115.0;3537.04;3600.13;315000.0;singleobj-opl-reprjob-LB-WS-noUB;101;setupcosts
1579;~/minizinc-executables/mzn-gurobi.sh ~/oven-scheduling-problem/solution-methods/minizinc-models/withLowerBounds/direct-batch-pos-tardiness-objective.mzn $file --time-limit 3600000 -v;../../instancesUC1withLB/mzn/101_oven_scheduling.minizinc_instance_1212-10.35.59.dzn;1;-1.0;-1;-1;-1;;;;;3382.9466;;;singleobj-mzn-gurobi-LB-noUB;101;tardiness
1580;~/minizinc-executables/mzn-gurobi.sh $file ~/oven-scheduling-problem/solution-methods/minizinc-models/withLowerBounds/direct-batch-pos-warmstart-noUB-tardiness-objective.mzn $1 -d $2 --time-limit 3600000 -v;../../instancesUC1withLB/mzn/101_oven_scheduling.minizinc_instance_1212-10.35.59.dzn ../../instancesUC1withLB/mzn/warmstart/101_warm_start_101RandomOvenSchedulingInstance-n500-k2-a2--2312-08.39.34.dzn;1;0.883180952;278202;-1;1;828.0;230.0;457.0;115.0;3633.8016;3865.5916;315000.0;singleobj-mzn-gurobiWS-LB-noUB;101;tardiness
1581;~/opl-executable/opl.sh ~/oven-scheduling-problem/solution-methods/cp-optimizer-models/withLB/interval-repr-jobs-noUB-tardiness.mod $file;../../instancesUC1withLB/opl/101_oven_scheduling.cpoptimizer_instance_1212-10.35.59.dat;1;0.001463492;461;-1;1;1432.0;548.0;461.0;274.0;3536.29;3600.13;315000.0;singleobj-opl-reprjob-LB-noUB;101;tardiness
1582;~/opl-executable/opl.sh ~/oven-scheduling-problem/solution-methods/cp-optimizer-models/withLB/interval-repr-jobs-warmstart-noUB-tardiness.mod $file;../../instancesUC1withLB/opl/warmstartDataOplDec24/101_warm_start_101RandomOvenSchedulingInstance-n500-k2-a2--2312-08.39.34.dat;1;0.001438095;453;-1;1;1681.0;612.0;453.0;306.0;3534.72;3600.13;315000.0;singleobj-opl-reprjob-LB-WS-noUB;101;tardiness
1583;~/minizinc-executables/mzn-gurobi.sh ~/oven-scheduling-problem/solution-methods/minizinc-models/withLowerBounds/direct-batch-pos-batchcount-objective.mzn $file --time-limit 3600000 -v;../../instancesUC1withLB/mzn/102_oven_scheduling.minizinc_instance_1212-10.36.02.dzn;1;-1.0;-1;-1;-1;;;;;3362.7478;;;singleobj-mzn-gurobi-LB-noUB;102;batchcount
1584;~/minizinc-executables/mzn-gurobi.sh $file ~/oven-scheduling-problem/solution-methods/minizinc-models/withLowerBounds/direct-batch-pos-warmstart-noUB-batchcount-objective.mzn $1 -d $2 --time-limit 3600000 -v;../../instancesUC1withLB/mzn/102_oven_scheduling.minizinc_instance_1212-10.36.02.dzn ../../instancesUC1withLB/mzn/warmstart/102_warm_start_102RandomOvenSchedulingInstance-n500-k2-a2--2312-08.39.52.dzn;1;0.961775258;324469310;-1;1;5755.0;1405.0;500.0;101.0;3638.403;3885.7;337365000.0;singleobj-mzn-gurobiWS-LB-noUB;102;batchcount
1585;~/opl-executable/opl.sh ~/oven-scheduling-problem/solution-methods/cp-optimizer-models/withLB/interval-repr-jobs-noUB-batchcount.mod $file;../../instancesUC1withLB/opl/102_oven_scheduling.cpoptimizer_instance_1212-10.36.01.dat;1;2.13e-07;72;-1;1;4687.0;812.0;500.0;72.0;3537.04;3600.13;337365000.0;singleobj-opl-reprjob-LB-noUB;102;batchcount
1586;~/opl-executable/opl.sh ~/oven-scheduling-problem/solution-methods/cp-optimizer-models/withLB/interval-repr-jobs-warmstart-noUB-batchcount.mod $file;../../instancesUC1withLB/opl/warmstartDataOplDec24/102_warm_start_102RandomOvenSchedulingInstance-n500-k2-a2--2312-08.39.52.dat;1;2.22e-07;75;-1;1;4698.0;755.0;500.0;75.0;3535.2;3600.13;337365000.0;singleobj-opl-reprjob-LB-WS-noUB;102;batchcount
1587;~/minizinc-executables/mzn-gurobi.sh ~/oven-scheduling-problem/solution-methods/minizinc-models/withLowerBounds/direct-batch-pos-ovenruntime-objective.mzn $file --time-limit 3600000 -v;../../instancesUC1withLB/mzn/102_oven_scheduling.minizinc_instance_1212-10.36.02.dzn;1;-1.0;-1;-1;-1;;;;;3359.5329;;;singleobj-mzn-gurobi-LB-noUB;102;ovenruntime
1588;~/minizinc-executables/mzn-gurobi.sh $file ~/oven-scheduling-problem/solution-methods/minizinc-models/withLowerBounds/direct-batch-pos-warmstart-noUB-ovenruntime-objective.mzn $1 -d $2 --time-limit 3600000 -v;../../instancesUC1withLB/mzn/102_oven_scheduling.minizinc_instance_1212-10.36.02.dzn ../../instancesUC1withLB/mzn/warmstart/102_warm_start_102RandomOvenSchedulingInstance-n500-k2-a2--2312-08.39.52.dzn;1;-1.0;-1;-1;-1;;;;;3351.4949;;;singleobj-mzn-gurobiWS-LB-noUB;102;ovenruntime
1589;~/opl-executable/opl.sh ~/oven-scheduling-problem/solution-methods/cp-optimizer-models/withLB/interval-repr-jobs-noUB-ovenruntime.mod $file;../../instancesUC1withLB/opl/102_oven_scheduling.cpoptimizer_instance_1212-10.36.01.dat;1;1.39e-05;4689;-1;1;4689.0;687.0;500.0;71.0;3537.74;3600.14;337365000.0;singleobj-opl-reprjob-LB-noUB;102;ovenruntime
1590;~/opl-executable/opl.sh ~/oven-scheduling-problem/solution-methods/cp-optimizer-models/withLB/interval-repr-jobs-warmstart-noUB-ovenruntime.mod $file;../../instancesUC1withLB/opl/warmstartDataOplDec24/102_warm_start_102RandomOvenSchedulingInstance-n500-k2-a2--2312-08.39.52.dat;1;1.38e-05;4641;-1;1;4641.0;721.0;500.0;73.0;3535.22;3600.13;337365000.0;singleobj-opl-reprjob-LB-WS-noUB;102;ovenruntime
1591;~/minizinc-executables/mzn-gurobi.sh ~/oven-scheduling-problem/solution-methods/minizinc-models/withLowerBounds/direct-batch-pos-setupcosts-objective.mzn $file --time-limit 3600000 -v;../../instancesUC1withLB/mzn/102_oven_scheduling.minizinc_instance_1212-10.36.02.dzn;1;-1.0;-1;-1;-1;;;;;3360.7404;;;singleobj-mzn-gurobi-LB-noUB;102;setupcosts
1592;~/minizinc-executables/mzn-gurobi.sh $file ~/oven-scheduling-problem/solution-methods/minizinc-models/withLowerBounds/direct-batch-pos-warmstart-noUB-setupcosts-objective.mzn $1 -d $2 --time-limit 3600000 -v;../../instancesUC1withLB/mzn/102_oven_scheduling.minizinc_instance_1212-10.36.02.dzn ../../instancesUC1withLB/mzn/warmstart/102_warm_start_102RandomOvenSchedulingInstance-n500-k2-a2--2312-08.39.52.dzn;1;-1.0;-1;-1;-1;;;;;3365.4527;;;singleobj-mzn-gurobiWS-LB-noUB;102;setupcosts
1593;~/opl-executable/opl.sh ~/oven-scheduling-problem/solution-methods/cp-optimizer-models/withLB/interval-repr-jobs-noUB-setupcosts.mod $file;../../instancesUC1withLB/opl/102_oven_scheduling.cpoptimizer_instance_1212-10.36.01.dat;1;2.04e-06;688;-1;1;4898.0;688.0;500.0;76.0;3537.45;3600.12;337365000.0;singleobj-opl-reprjob-LB-noUB;102;setupcosts
1594;~/opl-executable/opl.sh ~/oven-scheduling-problem/solution-methods/cp-optimizer-models/withLB/interval-repr-jobs-warmstart-noUB-setupcosts.mod $file;../../instancesUC1withLB/opl/warmstartDataOplDec24/102_warm_start_102RandomOvenSchedulingInstance-n500-k2-a2--2312-08.39.52.dat;1;1.98e-06;667;-1;1;4597.0;667.0;500.0;73.0;3536.24;3600.11;337365000.0;singleobj-opl-reprjob-LB-WS-noUB;102;setupcosts
1595;~/minizinc-executables/mzn-gurobi.sh ~/oven-scheduling-problem/solution-methods/minizinc-models/withLowerBounds/direct-batch-pos-tardiness-objective.mzn $file --time-limit 3600000 -v;../../instancesUC1withLB/mzn/102_oven_scheduling.minizinc_instance_1212-10.36.02.dzn;1;-1.0;-1;-1;-1;;;;;3361.9906;;;singleobj-mzn-gurobi-LB-noUB;102;tardiness
1596;~/minizinc-executables/mzn-gurobi.sh $file ~/oven-scheduling-problem/solution-methods/minizinc-models/withLowerBounds/direct-batch-pos-warmstart-noUB-tardiness-objective.mzn $1 -d $2 --time-limit 3600000 -v;../../instancesUC1withLB/mzn/102_oven_scheduling.minizinc_instance_1212-10.36.02.dzn ../../instancesUC1withLB/mzn/warmstart/102_warm_start_102RandomOvenSchedulingInstance-n500-k2-a2--2312-08.39.52.dzn;1;0.961721643;324451222;1;1;5753.0;1349.0;500.0;101.0;332.031;592.078;337365000.0;singleobj-mzn-gurobiWS-LB-noUB;102;tardiness
1597;~/opl-executable/opl.sh ~/oven-scheduling-problem/solution-methods/cp-optimizer-models/withLB/interval-repr-jobs-noUB-tardiness.mod $file;../../instancesUC1withLB/opl/102_oven_scheduling.cpoptimizer_instance_1212-10.36.01.dat;1;1.48e-06;500;1;1;17175.0;4274.0;500.0;306.0;62.56;124.72;337365000.0;singleobj-opl-reprjob-LB-noUB;102;tardiness
1598;~/opl-executable/opl.sh ~/oven-scheduling-problem/solution-methods/cp-optimizer-models/withLB/interval-repr-jobs-warmstart-noUB-tardiness.mod $file;../../instancesUC1withLB/opl/warmstartDataOplDec24/102_warm_start_102RandomOvenSchedulingInstance-n500-k2-a2--2312-08.39.52.dat;1;1.48e-06;500;1;1;6609.0;1469.0;500.0;101.0;1.83;65.68;337365000.0;singleobj-opl-reprjob-LB-WS-noUB;102;tardiness
1599;~/minizinc-executables/mzn-gurobi.sh ~/oven-scheduling-problem/solution-methods/minizinc-models/withLowerBounds/direct-batch-pos-batchcount-objective.mzn $file --time-limit 3600000 -v;../../instancesUC1withLB/mzn/103_oven_scheduling.minizinc_instance_3012-13.24.36.dzn;1;-1.0;-1;-1;-1;;;;;3343.1304;;;singleobj-mzn-gurobi-LB-noUB;103;batchcount
1600;~/minizinc-executables/mzn-gurobi.sh $file ~/oven-scheduling-problem/solution-methods/minizinc-models/withLowerBounds/direct-batch-pos-warmstart-noUB-batchcount-objective.mzn $1 -d $2 --time-limit 3600000 -v;../../instancesUC1withLB/mzn/103_oven_scheduling.minizinc_instance_3012-13.24.36.dzn ../../instancesUC1withLB/mzn/warmstart/103_warm_start_103RandomOvenSchedulingInstance-n500-k2-a2--2312-08.42.31.dzn;1;-1.0;-1;-1;-1;;;;;3364.2513;;;singleobj-mzn-gurobiWS-LB-noUB;103;batchcount
1601;~/opl-executable/opl.sh ~/oven-scheduling-problem/solution-methods/cp-optimizer-models/withLB/interval-repr-jobs-noUB-batchcount.mod $file;../../instancesUC1withLB/opl/103_oven_scheduling.cpoptimizer_instance_3012-13.24.36.dat;1;3.49e-06;467;-1;1;24559.0;6535.0;496.0;467.0;3534.93;3600.15;133875000.0;singleobj-opl-reprjob-LB-noUB;103;batchcount
1602;~/opl-executable/opl.sh ~/oven-scheduling-problem/solution-methods/cp-optimizer-models/withLB/interval-repr-jobs-warmstart-noUB-batchcount.mod $file;../../instancesUC1withLB/opl/warmstartDataOplDec24/103_warm_start_103RandomOvenSchedulingInstance-n500-k2-a2--2312-08.42.31.dat;1;2.14e-06;286;-1;1;16614.0;2673.0;499.0;286.0;3535.05;3600.13;133875000.0;singleobj-opl-reprjob-LB-WS-noUB;103;batchcount
1603;~/minizinc-executables/mzn-gurobi.sh ~/oven-scheduling-problem/solution-methods/minizinc-models/withLowerBounds/direct-batch-pos-ovenruntime-objective.mzn $file --time-limit 3600000 -v;../../instancesUC1withLB/mzn/103_oven_scheduling.minizinc_instance_3012-13.24.36.dzn;1;-1.0;-1;-1;-1;;;;;3358.6712;;;singleobj-mzn-gurobi-LB-noUB;103;ovenruntime
1604;~/minizinc-executables/mzn-gurobi.sh $file ~/oven-scheduling-problem/solution-methods/minizinc-models/withLowerBounds/direct-batch-pos-warmstart-noUB-ovenruntime-objective.mzn $1 -d $2 --time-limit 3600000 -v;../../instancesUC1withLB/mzn/103_oven_scheduling.minizinc_instance_3012-13.24.36.dzn ../../instancesUC1withLB/mzn/warmstart/103_warm_start_103RandomOvenSchedulingInstance-n500-k2-a2--2312-08.42.31.dzn;1;-1.0;-1;-1;-1;;;;;3363.4697;;;singleobj-mzn-gurobiWS-LB-noUB;103;ovenruntime
1605;~/opl-executable/opl.sh ~/oven-scheduling-problem/solution-methods/cp-optimizer-models/withLB/interval-repr-jobs-noUB-ovenruntime.mod $file;../../instancesUC1withLB/opl/103_oven_scheduling.cpoptimizer_instance_3012-13.24.36.dat;1;0.000184179;24657;-1;1;24657.0;6745.0;495.0;481.0;3532.82;3600.13;133875000.0;singleobj-opl-reprjob-LB-noUB;103;ovenruntime
1606;~/opl-executable/opl.sh ~/oven-scheduling-problem/solution-methods/cp-optimizer-models/withLB/interval-repr-jobs-warmstart-noUB-ovenruntime.mod $file;../../instancesUC1withLB/opl/warmstartDataOplDec24/103_warm_start_103RandomOvenSchedulingInstance-n500-k2-a2--2312-08.42.31.dat;1;0.000124101;16614;-1;1;16614.0;2673.0;499.0;286.0;3533.57;3600.15;133875000.0;singleobj-opl-reprjob-LB-WS-noUB;103;ovenruntime
1607;~/minizinc-executables/mzn-gurobi.sh ~/oven-scheduling-problem/solution-methods/minizinc-models/withLowerBounds/direct-batch-pos-setupcosts-objective.mzn $file --time-limit 3600000 -v;../../instancesUC1withLB/mzn/103_oven_scheduling.minizinc_instance_3012-13.24.36.dzn;1;-1.0;-1;-1;-1;;;;;3361.1427;;;singleobj-mzn-gurobi-LB-noUB;103;setupcosts
1608;~/minizinc-executables/mzn-gurobi.sh $file ~/oven-scheduling-problem/solution-methods/minizinc-models/withLowerBounds/direct-batch-pos-warmstart-noUB-setupcosts-objective.mzn $1 -d $2 --time-limit 3600000 -v;../../instancesUC1withLB/mzn/103_oven_scheduling.minizinc_instance_3012-13.24.36.dzn ../../instancesUC1withLB/mzn/warmstart/103_warm_start_103RandomOvenSchedulingInstance-n500-k2-a2--2312-08.42.31.dzn;1;-1.0;-1;-1;-1;;;;;3365.76;;;singleobj-mzn-gurobiWS-LB-noUB;103;setupcosts
1609;~/opl-executable/opl.sh ~/oven-scheduling-problem/solution-methods/cp-optimizer-models/withLB/interval-repr-jobs-noUB-setupcosts.mod $file;../../instancesUC1withLB/opl/103_oven_scheduling.cpoptimizer_instance_3012-13.24.36.dat;1;1.01e-05;1356;-1;1;18875.0;1356.0;494.0;358.0;3534.36;3600.14;133875000.0;singleobj-opl-reprjob-LB-noUB;103;setupcosts
1610;~/opl-executable/opl.sh ~/oven-scheduling-problem/solution-methods/cp-optimizer-models/withLB/interval-repr-jobs-warmstart-noUB-setupcosts.mod $file;../../instancesUC1withLB/opl/warmstartDataOplDec24/103_warm_start_103RandomOvenSchedulingInstance-n500-k2-a2--2312-08.42.31.dat;1;2e-05;2673;-1;1;16614.0;2673.0;499.0;286.0;3535.25;3600.13;133875000.0;singleobj-opl-reprjob-LB-WS-noUB;103;setupcosts
1611;~/minizinc-executables/mzn-gurobi.sh ~/oven-scheduling-problem/solution-methods/minizinc-models/withLowerBounds/direct-batch-pos-tardiness-objective.mzn $file --time-limit 3600000 -v;../../instancesUC1withLB/mzn/103_oven_scheduling.minizinc_instance_3012-13.24.36.dzn;1;-1.0;-1;-1;-1;;;;;3356.205;;;singleobj-mzn-gurobi-LB-noUB;103;tardiness
1612;~/minizinc-executables/mzn-gurobi.sh $file ~/oven-scheduling-problem/solution-methods/minizinc-models/withLowerBounds/direct-batch-pos-warmstart-noUB-tardiness-objective.mzn $1 -d $2 --time-limit 3600000 -v;../../instancesUC1withLB/mzn/103_oven_scheduling.minizinc_instance_3012-13.24.36.dzn ../../instancesUC1withLB/mzn/warmstart/103_warm_start_103RandomOvenSchedulingInstance-n500-k2-a2--2312-08.42.31.dzn;1;-1.0;-1;-1;-1;;;;;3359.1684;;;singleobj-mzn-gurobiWS-LB-noUB;103;tardiness
1613;~/opl-executable/opl.sh ~/oven-scheduling-problem/solution-methods/cp-optimizer-models/withLB/interval-repr-jobs-noUB-tardiness.mod $file;../../instancesUC1withLB/opl/103_oven_scheduling.cpoptimizer_instance_3012-13.24.36.dat;1;3.53e-06;473;-1;1;23826.0;1907.0;473.0;451.0;3534.86;3600.65;133875000.0;singleobj-opl-reprjob-LB-noUB;103;tardiness
1614;~/opl-executable/opl.sh ~/oven-scheduling-problem/solution-methods/cp-optimizer-models/withLB/interval-repr-jobs-warmstart-noUB-tardiness.mod $file;../../instancesUC1withLB/opl/warmstartDataOplDec24/103_warm_start_103RandomOvenSchedulingInstance-n500-k2-a2--2312-08.42.31.dat;1;3.73e-06;499;-1;1;16614.0;2673.0;499.0;286.0;3534.92;3600.15;133875000.0;singleobj-opl-reprjob-LB-WS-noUB;103;tardiness
1615;~/minizinc-executables/mzn-gurobi.sh ~/oven-scheduling-problem/solution-methods/minizinc-models/withLowerBounds/direct-batch-pos-batchcount-objective.mzn $file --time-limit 3600000 -v;../../instancesUC1withLB/mzn/104_oven_scheduling.minizinc_instance_1212-10.36.07.dzn;1;-1.0;-1;-1;-1;;;;;3368.7996;;;singleobj-mzn-gurobi-LB-noUB;104;batchcount
1616;~/minizinc-executables/mzn-gurobi.sh $file ~/oven-scheduling-problem/solution-methods/minizinc-models/withLowerBounds/direct-batch-pos-warmstart-noUB-batchcount-objective.mzn $1 -d $2 --time-limit 3600000 -v;../../instancesUC1withLB/mzn/104_oven_scheduling.minizinc_instance_1212-10.36.07.dzn ../../instancesUC1withLB/mzn/warmstart/104_warm_start_104RandomOvenSchedulingInstance-n500-k2-a2--2312-08.43.18.dzn;1;0.927168254;292058;-1;1;1247.0;245.0;476.0;245.0;3635.9383;3875.0723;315000.0;singleobj-mzn-gurobiWS-LB-noUB;104;batchcount
1617;~/opl-executable/opl.sh ~/oven-scheduling-problem/solution-methods/cp-optimizer-models/withLB/interval-repr-jobs-noUB-batchcount.mod $file;../../instancesUC1withLB/opl/104_oven_scheduling.cpoptimizer_instance_1212-10.36.06.dat;1;0.000380952;120;-1;1;724.0;120.0;493.0;120.0;3537.68;3600.13;315000.0;singleobj-opl-reprjob-LB-noUB;104;batchcount
1618;~/opl-executable/opl.sh ~/oven-scheduling-problem/solution-methods/cp-optimizer-models/withLB/interval-repr-jobs-warmstart-noUB-batchcount.mod $file;../../instancesUC1withLB/opl/warmstartDataOplDec24/104_warm_start_104RandomOvenSchedulingInstance-n500-k2-a2--2312-08.43.18.dat;1;0.000371429;117;-1;1;716.0;117.0;474.0;117.0;3534.68;3600.15;315000.0;singleobj-opl-reprjob-LB-WS-noUB;104;batchcount
1619;~/minizinc-executables/mzn-gurobi.sh ~/oven-scheduling-problem/solution-methods/minizinc-models/withLowerBounds/direct-batch-pos-ovenruntime-objective.mzn $file --time-limit 3600000 -v;../../instancesUC1withLB/mzn/104_oven_scheduling.minizinc_instance_1212-10.36.07.dzn;1;-1.0;-1;-1;-1;;;;;3369.3858;;;singleobj-mzn-gurobi-LB-noUB;104;ovenruntime
1620;~/minizinc-executables/mzn-gurobi.sh $file ~/oven-scheduling-problem/solution-methods/minizinc-models/withLowerBounds/direct-batch-pos-warmstart-noUB-ovenruntime-objective.mzn $1 -d $2 --time-limit 3600000 -v;../../instancesUC1withLB/mzn/104_oven_scheduling.minizinc_instance_1212-10.36.07.dzn ../../instancesUC1withLB/mzn/warmstart/104_warm_start_104RandomOvenSchedulingInstance-n500-k2-a2--2312-08.43.18.dzn;1;0.918749206;289406;-1;1;1034.0;245.0;473.0;245.0;3639.0449;3881.1209;315000.0;singleobj-mzn-gurobiWS-LB-noUB;104;ovenruntime
1621;~/opl-executable/opl.sh ~/oven-scheduling-problem/solution-methods/cp-optimizer-models/withLB/interval-repr-jobs-noUB-ovenruntime.mod $file;../../instancesUC1withLB/opl/104_oven_scheduling.cpoptimizer_instance_1212-10.36.06.dat;1;0.002393651;754;-1;1;754.0;131.0;499.0;131.0;3537.11;3600.13;315000.0;singleobj-opl-reprjob-LB-noUB;104;ovenruntime
1622;~/opl-executable/opl.sh ~/oven-scheduling-problem/solution-methods/cp-optimizer-models/withLB/interval-repr-jobs-warmstart-noUB-ovenruntime.mod $file;../../instancesUC1withLB/opl/warmstartDataOplDec24/104_warm_start_104RandomOvenSchedulingInstance-n500-k2-a2--2312-08.43.18.dat;1;0.002066667;651;-1;1;651.0;116.0;495.0;116.0;3536.27;3600.13;315000.0;singleobj-opl-reprjob-LB-WS-noUB;104;ovenruntime
1623;~/minizinc-executables/mzn-gurobi.sh ~/oven-scheduling-problem/solution-methods/minizinc-models/withLowerBounds/direct-batch-pos-setupcosts-objective.mzn $file --time-limit 3600000 -v;../../instancesUC1withLB/mzn/104_oven_scheduling.minizinc_instance_1212-10.36.07.dzn;1;-1.0;-1;-1;-1;;;;;3368.5575;;;singleobj-mzn-gurobi-LB-noUB;104;setupcosts
1624;~/minizinc-executables/mzn-gurobi.sh $file ~/oven-scheduling-problem/solution-methods/minizinc-models/withLowerBounds/direct-batch-pos-warmstart-noUB-setupcosts-objective.mzn $1 -d $2 --time-limit 3600000 -v;../../instancesUC1withLB/mzn/104_oven_scheduling.minizinc_instance_1212-10.36.07.dzn ../../instancesUC1withLB/mzn/warmstart/104_warm_start_104RandomOvenSchedulingInstance-n500-k2-a2--2312-08.43.18.dzn;1;0.932184127;293638;-1;1;1192.0;245.0;479.0;245.0;3637.6346;3875.8256;315000.0;singleobj-mzn-gurobiWS-LB-noUB;104;setupcosts
1625;~/opl-executable/opl.sh ~/oven-scheduling-problem/solution-methods/cp-optimizer-models/withLB/interval-repr-jobs-noUB-setupcosts.mod $file;../../instancesUC1withLB/opl/104_oven_scheduling.cpoptimizer_instance_1212-10.36.06.dat;1;0.0004;126;-1;1;759.0;126.0;485.0;126.0;3535.54;3600.14;315000.0;singleobj-opl-reprjob-LB-noUB;104;setupcosts
1626;~/opl-executable/opl.sh ~/oven-scheduling-problem/solution-methods/cp-optimizer-models/withLB/interval-repr-jobs-warmstart-noUB-setupcosts.mod $file;../../instancesUC1withLB/opl/warmstartDataOplDec24/104_warm_start_104RandomOvenSchedulingInstance-n500-k2-a2--2312-08.43.18.dat;1;0.000380952;120;-1;1;703.0;120.0;495.0;120.0;3535.99;3600.13;315000.0;singleobj-opl-reprjob-LB-WS-noUB;104;setupcosts
1627;~/minizinc-executables/mzn-gurobi.sh ~/oven-scheduling-problem/solution-methods/minizinc-models/withLowerBounds/direct-batch-pos-tardiness-objective.mzn $file --time-limit 3600000 -v;../../instancesUC1withLB/mzn/104_oven_scheduling.minizinc_instance_1212-10.36.07.dzn;1;-1.0;-1;-1;-1;;;;;3372.5202;;;singleobj-mzn-gurobi-LB-noUB;104;tardiness
1628;~/minizinc-executables/mzn-gurobi.sh $file ~/oven-scheduling-problem/solution-methods/minizinc-models/withLowerBounds/direct-batch-pos-warmstart-noUB-tardiness-objective.mzn $1 -d $2 --time-limit 3600000 -v;../../instancesUC1withLB/mzn/104_oven_scheduling.minizinc_instance_1212-10.36.07.dzn ../../instancesUC1withLB/mzn/warmstart/104_warm_start_104RandomOvenSchedulingInstance-n500-k2-a2--2312-08.43.18.dzn;1;0.631866667;199038;-1;1;1242.0;245.0;321.0;245.0;3636.1567;3870.2347;315000.0;singleobj-mzn-gurobiWS-LB-noUB;104;tardiness
1629;~/opl-executable/opl.sh ~/oven-scheduling-problem/solution-methods/cp-optimizer-models/withLB/interval-repr-jobs-noUB-tardiness.mod $file;../../instancesUC1withLB/opl/104_oven_scheduling.cpoptimizer_instance_1212-10.36.06.dat;1;0.001069841;337;-1;1;2656.0;476.0;337.0;476.0;3536.38;3600.13;315000.0;singleobj-opl-reprjob-LB-noUB;104;tardiness
1630;~/opl-executable/opl.sh ~/oven-scheduling-problem/solution-methods/cp-optimizer-models/withLB/interval-repr-jobs-warmstart-noUB-tardiness.mod $file;../../instancesUC1withLB/opl/warmstartDataOplDec24/104_warm_start_104RandomOvenSchedulingInstance-n500-k2-a2--2312-08.43.18.dat;1;0.000895238;282;-1;1;1401.0;250.0;282.0;250.0;3535.72;3600.13;315000.0;singleobj-opl-reprjob-LB-WS-noUB;104;tardiness
1631;~/minizinc-executables/mzn-gurobi.sh ~/oven-scheduling-problem/solution-methods/minizinc-models/withLowerBounds/direct-batch-pos-batchcount-objective.mzn $file --time-limit 3600000 -v;../../instancesUC1withLB/mzn/105_oven_scheduling.minizinc_instance_3012-13.24.41.dzn;1;-1.0;-1;-1;-1;;;;;3375.4677;;;singleobj-mzn-gurobi-LB-noUB;105;batchcount
1632;~/minizinc-executables/mzn-gurobi.sh $file ~/oven-scheduling-problem/solution-methods/minizinc-models/withLowerBounds/direct-batch-pos-warmstart-noUB-batchcount-objective.mzn $1 -d $2 --time-limit 3600000 -v;../../instancesUC1withLB/mzn/105_oven_scheduling.minizinc_instance_3012-13.24.41.dzn ../../instancesUC1withLB/mzn/warmstart/105_warm_start_105RandomOvenSchedulingInstance-n500-k2-a2--2312-08.43.24.dzn;1;-1.0;-1;-1;-1;;;;;3382.8098;;;singleobj-mzn-gurobiWS-LB-noUB;105;batchcount
1633;~/opl-executable/opl.sh ~/oven-scheduling-problem/solution-methods/cp-optimizer-models/withLB/interval-repr-jobs-noUB-batchcount.mod $file;../../instancesUC1withLB/opl/105_oven_scheduling.cpoptimizer_instance_3012-13.24.40.dat;1;0.000898413;283;-1;1;1926.0;343.0;500.0;283.0;3535.5;3600.15;315000.0;singleobj-opl-reprjob-LB-noUB;105;batchcount
1634;~/opl-executable/opl.sh ~/oven-scheduling-problem/solution-methods/cp-optimizer-models/withLB/interval-repr-jobs-warmstart-noUB-batchcount.mod $file;../../instancesUC1withLB/opl/warmstartDataOplDec24/105_warm_start_105RandomOvenSchedulingInstance-n500-k2-a2--2312-08.43.24.dat;1;0.000888889;280;-1;1;1839.0;351.0;500.0;280.0;3537.13;3600.13;315000.0;singleobj-opl-reprjob-LB-WS-noUB;105;batchcount
1635;~/minizinc-executables/mzn-gurobi.sh ~/oven-scheduling-problem/solution-methods/minizinc-models/withLowerBounds/direct-batch-pos-ovenruntime-objective.mzn $file --time-limit 3600000 -v;../../instancesUC1withLB/mzn/105_oven_scheduling.minizinc_instance_3012-13.24.41.dzn;1;-1.0;-1;-1;-1;;;;;3380.9804;;;singleobj-mzn-gurobi-LB-noUB;105;ovenruntime
1636;~/minizinc-executables/mzn-gurobi.sh $file ~/oven-scheduling-problem/solution-methods/minizinc-models/withLowerBounds/direct-batch-pos-warmstart-noUB-ovenruntime-objective.mzn $1 -d $2 --time-limit 3600000 -v;../../instancesUC1withLB/mzn/105_oven_scheduling.minizinc_instance_3012-13.24.41.dzn ../../instancesUC1withLB/mzn/warmstart/105_warm_start_105RandomOvenSchedulingInstance-n500-k2-a2--2312-08.43.24.dzn;1;-1.0;-1;-1;-1;;;;;3378.2797;;;singleobj-mzn-gurobiWS-LB-noUB;105;ovenruntime
1637;~/opl-executable/opl.sh ~/oven-scheduling-problem/solution-methods/cp-optimizer-models/withLB/interval-repr-jobs-noUB-ovenruntime.mod $file;../../instancesUC1withLB/opl/105_oven_scheduling.cpoptimizer_instance_3012-13.24.40.dat;1;0.005990476;1887;-1;1;1887.0;334.0;500.0;283.0;3535.43;3600.13;315000.0;singleobj-opl-reprjob-LB-noUB;105;ovenruntime
1638;~/opl-executable/opl.sh ~/oven-scheduling-problem/solution-methods/cp-optimizer-models/withLB/interval-repr-jobs-warmstart-noUB-ovenruntime.mod $file;../../instancesUC1withLB/opl/warmstartDataOplDec24/105_warm_start_105RandomOvenSchedulingInstance-n500-k2-a2--2312-08.43.24.dat;1;0.005838095;1839;-1;1;1839.0;351.0;500.0;280.0;3535.15;3600.13;315000.0;singleobj-opl-reprjob-LB-WS-noUB;105;ovenruntime
1639;~/minizinc-executables/mzn-gurobi.sh ~/oven-scheduling-problem/solution-methods/minizinc-models/withLowerBounds/direct-batch-pos-setupcosts-objective.mzn $file --time-limit 3600000 -v;../../instancesUC1withLB/mzn/105_oven_scheduling.minizinc_instance_3012-13.24.41.dzn;1;-1.0;-1;-1;-1;;;;;3378.8106;;;singleobj-mzn-gurobi-LB-noUB;105;setupcosts
1640;~/minizinc-executables/mzn-gurobi.sh $file ~/oven-scheduling-problem/solution-methods/minizinc-models/withLowerBounds/direct-batch-pos-warmstart-noUB-setupcosts-objective.mzn $1 -d $2 --time-limit 3600000 -v;../../instancesUC1withLB/mzn/105_oven_scheduling.minizinc_instance_3012-13.24.41.dzn ../../instancesUC1withLB/mzn/warmstart/105_warm_start_105RandomOvenSchedulingInstance-n500-k2-a2--2312-08.43.24.dzn;1;-1.0;-1;-1;-1;;;;;3381.7372;;;singleobj-mzn-gurobiWS-LB-noUB;105;setupcosts
1641;~/opl-executable/opl.sh ~/oven-scheduling-problem/solution-methods/cp-optimizer-models/withLB/interval-repr-jobs-noUB-setupcosts.mod $file;../../instancesUC1withLB/opl/105_oven_scheduling.cpoptimizer_instance_3012-13.24.40.dat;1;0.000873016;275;-1;1;2226.0;275.0;500.0;349.0;3536.33;3600.13;315000.0;singleobj-opl-reprjob-LB-noUB;105;setupcosts
1642;~/opl-executable/opl.sh ~/oven-scheduling-problem/solution-methods/cp-optimizer-models/withLB/interval-repr-jobs-warmstart-noUB-setupcosts.mod $file;../../instancesUC1withLB/opl/warmstartDataOplDec24/105_warm_start_105RandomOvenSchedulingInstance-n500-k2-a2--2312-08.43.24.dat;1;0.001114286;351;-1;1;1839.0;351.0;500.0;280.0;3537.25;3600.13;315000.0;singleobj-opl-reprjob-LB-WS-noUB;105;setupcosts
1643;~/minizinc-executables/mzn-gurobi.sh ~/oven-scheduling-problem/solution-methods/minizinc-models/withLowerBounds/direct-batch-pos-tardiness-objective.mzn $file --time-limit 3600000 -v;../../instancesUC1withLB/mzn/105_oven_scheduling.minizinc_instance_3012-13.24.41.dzn;1;-1.0;-1;-1;-1;;;;;3388.2276;;;singleobj-mzn-gurobi-LB-noUB;105;tardiness
1644;~/minizinc-executables/mzn-gurobi.sh $file ~/oven-scheduling-problem/solution-methods/minizinc-models/withLowerBounds/direct-batch-pos-warmstart-noUB-tardiness-objective.mzn $1 -d $2 --time-limit 3600000 -v;../../instancesUC1withLB/mzn/105_oven_scheduling.minizinc_instance_3012-13.24.41.dzn ../../instancesUC1withLB/mzn/warmstart/105_warm_start_105RandomOvenSchedulingInstance-n500-k2-a2--2312-08.43.24.dzn;1;-1.0;-1;-1;-1;;;;;3385.6344;;;singleobj-mzn-gurobiWS-LB-noUB;105;tardiness
1645;~/opl-executable/opl.sh ~/oven-scheduling-problem/solution-methods/cp-optimizer-models/withLB/interval-repr-jobs-noUB-tardiness.mod $file;../../instancesUC1withLB/opl/105_oven_scheduling.cpoptimizer_instance_3012-13.24.40.dat;1;0.001587302;500;1;1;2773.0;626.0;500.0;500.0;22.86;84.81;315000.0;singleobj-opl-reprjob-LB-noUB;105;tardiness
1646;~/opl-executable/opl.sh ~/oven-scheduling-problem/solution-methods/cp-optimizer-models/withLB/interval-repr-jobs-warmstart-noUB-tardiness.mod $file;../../instancesUC1withLB/opl/warmstartDataOplDec24/105_warm_start_105RandomOvenSchedulingInstance-n500-k2-a2--2312-08.43.24.dat;1;0.001587302;500;1;1;1839.0;351.0;500.0;280.0;3.63;65.4;315000.0;singleobj-opl-reprjob-LB-WS-noUB;105;tardiness
1647;~/minizinc-executables/mzn-gurobi.sh ~/oven-scheduling-problem/solution-methods/minizinc-models/withLowerBounds/direct-batch-pos-batchcount-objective.mzn $file --time-limit 3600000 -v;../../instancesUC1withLB/mzn/106_oven_scheduling.minizinc_instance_1212-10.36.11.dzn;1;-1.0;-1;-1;-1;;;;;3360.4838;;;singleobj-mzn-gurobi-LB-noUB;106;batchcount
1648;~/minizinc-executables/mzn-gurobi.sh $file ~/oven-scheduling-problem/solution-methods/minizinc-models/withLowerBounds/direct-batch-pos-warmstart-noUB-batchcount-objective.mzn $1 -d $2 --time-limit 3600000 -v;../../instancesUC1withLB/mzn/106_oven_scheduling.minizinc_instance_1212-10.36.11.dzn ../../instancesUC1withLB/mzn/warmstart/106_warm_start_106RandomOvenSchedulingInstance-n500-k2-a5--2312-08.45.54.dzn;1;-1.0;-1;-1;-1;;;;;3365.0477;;;singleobj-mzn-gurobiWS-LB-noUB;106;batchcount
1649;~/opl-executable/opl.sh ~/oven-scheduling-problem/solution-methods/cp-optimizer-models/withLB/interval-repr-jobs-noUB-batchcount.mod $file;../../instancesUC1withLB/opl/106_oven_scheduling.cpoptimizer_instance_1212-10.36.11.dat;1;0.000584127;184;-1;1;1172.0;446.0;500.0;184.0;3541.5;3600.11;315000.0;singleobj-opl-reprjob-LB-noUB;106;batchcount
1650;~/opl-executable/opl.sh ~/oven-scheduling-problem/solution-methods/cp-optimizer-models/withLB/interval-repr-jobs-warmstart-noUB-batchcount.mod $file;../../instancesUC1withLB/opl/warmstartDataOplDec24/106_warm_start_106RandomOvenSchedulingInstance-n500-k2-a5--2312-08.45.54.dat;1;0.000653968;206;-1;1;1292.0;531.0;500.0;206.0;3540.63;3600.11;315000.0;singleobj-opl-reprjob-LB-WS-noUB;106;batchcount
1651;~/minizinc-executables/mzn-gurobi.sh ~/oven-scheduling-problem/solution-methods/minizinc-models/withLowerBounds/direct-batch-pos-ovenruntime-objective.mzn $file --time-limit 3600000 -v;../../instancesUC1withLB/mzn/106_oven_scheduling.minizinc_instance_1212-10.36.11.dzn;1;-1.0;-1;-1;-1;;;;;3361.8427;;;singleobj-mzn-gurobi-LB-noUB;106;ovenruntime
1652;~/minizinc-executables/mzn-gurobi.sh $file ~/oven-scheduling-problem/solution-methods/minizinc-models/withLowerBounds/direct-batch-pos-warmstart-noUB-ovenruntime-objective.mzn $1 -d $2 --time-limit 3600000 -v;../../instancesUC1withLB/mzn/106_oven_scheduling.minizinc_instance_1212-10.36.11.dzn ../../instancesUC1withLB/mzn/warmstart/106_warm_start_106RandomOvenSchedulingInstance-n500-k2-a5--2312-08.45.54.dzn;1;-1.0;-1;-1;-1;;;;;3363.7862;;;singleobj-mzn-gurobiWS-LB-noUB;106;ovenruntime
1653;~/opl-executable/opl.sh ~/oven-scheduling-problem/solution-methods/cp-optimizer-models/withLB/interval-repr-jobs-noUB-ovenruntime.mod $file;../../instancesUC1withLB/opl/106_oven_scheduling.cpoptimizer_instance_1212-10.36.11.dat;1;0.003469841;1093;-1;1;1093.0;251.0;500.0;183.0;3540.27;3600.12;315000.0;singleobj-opl-reprjob-LB-noUB;106;ovenruntime
1654;~/opl-executable/opl.sh ~/oven-scheduling-problem/solution-methods/cp-optimizer-models/withLB/interval-repr-jobs-warmstart-noUB-ovenruntime.mod $file;../../instancesUC1withLB/opl/warmstartDataOplDec24/106_warm_start_106RandomOvenSchedulingInstance-n500-k2-a5--2312-08.45.54.dat;1;0.003507937;1105;-1;1;1105.0;463.0;500.0;184.0;3538.63;3600.12;315000.0;singleobj-opl-reprjob-LB-WS-noUB;106;ovenruntime
1655;~/minizinc-executables/mzn-gurobi.sh ~/oven-scheduling-problem/solution-methods/minizinc-models/withLowerBounds/direct-batch-pos-setupcosts-objective.mzn $file --time-limit 3600000 -v;../../instancesUC1withLB/mzn/106_oven_scheduling.minizinc_instance_1212-10.36.11.dzn;1;-1.0;-1;-1;-1;;;;;3362.3822;;;singleobj-mzn-gurobi-LB-noUB;106;setupcosts
1656;~/minizinc-executables/mzn-gurobi.sh $file ~/oven-scheduling-problem/solution-methods/minizinc-models/withLowerBounds/direct-batch-pos-warmstart-noUB-setupcosts-objective.mzn $1 -d $2 --time-limit 3600000 -v;../../instancesUC1withLB/mzn/106_oven_scheduling.minizinc_instance_1212-10.36.11.dzn ../../instancesUC1withLB/mzn/warmstart/106_warm_start_106RandomOvenSchedulingInstance-n500-k2-a5--2312-08.45.54.dzn;1;-1.0;-1;-1;-1;;;;;3365.2142;;;singleobj-mzn-gurobiWS-LB-noUB;106;setupcosts
1657;~/opl-executable/opl.sh ~/oven-scheduling-problem/solution-methods/cp-optimizer-models/withLB/interval-repr-jobs-noUB-setupcosts.mod $file;../../instancesUC1withLB/opl/106_oven_scheduling.cpoptimizer_instance_1212-10.36.11.dat;1;0.000720635;227;-1;1;1289.0;227.0;500.0;219.0;3539.99;3600.12;315000.0;singleobj-opl-reprjob-LB-noUB;106;setupcosts
1658;~/opl-executable/opl.sh ~/oven-scheduling-problem/solution-methods/cp-optimizer-models/withLB/interval-repr-jobs-warmstart-noUB-setupcosts.mod $file;../../instancesUC1withLB/opl/warmstartDataOplDec24/106_warm_start_106RandomOvenSchedulingInstance-n500-k2-a5--2312-08.45.54.dat;1;0.000653968;206;-1;1;1265.0;206.0;500.0;204.0;3541.99;3600.11;315000.0;singleobj-opl-reprjob-LB-WS-noUB;106;setupcosts
1659;~/minizinc-executables/mzn-gurobi.sh ~/oven-scheduling-problem/solution-methods/minizinc-models/withLowerBounds/direct-batch-pos-tardiness-objective.mzn $file --time-limit 3600000 -v;../../instancesUC1withLB/mzn/106_oven_scheduling.minizinc_instance_1212-10.36.11.dzn;1;-1.0;-1;-1;-1;;;;;3360.5315;;;singleobj-mzn-gurobi-LB-noUB;106;tardiness
1660;~/minizinc-executables/mzn-gurobi.sh $file ~/oven-scheduling-problem/solution-methods/minizinc-models/withLowerBounds/direct-batch-pos-warmstart-noUB-tardiness-objective.mzn $1 -d $2 --time-limit 3600000 -v;../../instancesUC1withLB/mzn/106_oven_scheduling.minizinc_instance_1212-10.36.11.dzn ../../instancesUC1withLB/mzn/warmstart/106_warm_start_106RandomOvenSchedulingInstance-n500-k2-a5--2312-08.45.54.dzn;1;-1.0;-1;-1;-1;;;;;3354.4768;;;singleobj-mzn-gurobiWS-LB-noUB;106;tardiness
1661;~/opl-executable/opl.sh ~/oven-scheduling-problem/solution-methods/cp-optimizer-models/withLB/interval-repr-jobs-noUB-tardiness.mod $file;../../instancesUC1withLB/opl/106_oven_scheduling.cpoptimizer_instance_1212-10.36.11.dat;1;0.001587302;500;1;1;2705.0;1296.0;500.0;500.0;5.38;63.29;315000.0;singleobj-opl-reprjob-LB-noUB;106;tardiness
1662;~/opl-executable/opl.sh ~/oven-scheduling-problem/solution-methods/cp-optimizer-models/withLB/interval-repr-jobs-warmstart-noUB-tardiness.mod $file;../../instancesUC1withLB/opl/warmstartDataOplDec24/106_warm_start_106RandomOvenSchedulingInstance-n500-k2-a5--2312-08.45.54.dat;1;0.001587302;500;1;1;1292.0;531.0;500.0;206.0;1.59;60.38;315000.0;singleobj-opl-reprjob-LB-WS-noUB;106;tardiness
1663;~/minizinc-executables/mzn-gurobi.sh ~/oven-scheduling-problem/solution-methods/minizinc-models/withLowerBounds/direct-batch-pos-batchcount-objective.mzn $file --time-limit 3600000 -v;../../instancesUC1withLB/mzn/107_oven_scheduling.minizinc_instance_3012-13.24.45.dzn;1;-1.0;-1;-1;-1;;;;;3365.7621;;;singleobj-mzn-gurobi-LB-noUB;107;batchcount
1664;~/minizinc-executables/mzn-gurobi.sh $file ~/oven-scheduling-problem/solution-methods/minizinc-models/withLowerBounds/direct-batch-pos-warmstart-noUB-batchcount-objective.mzn $1 -d $2 --time-limit 3600000 -v;../../instancesUC1withLB/mzn/107_oven_scheduling.minizinc_instance_3012-13.24.45.dzn ../../instancesUC1withLB/mzn/warmstart/107_warm_start_107RandomOvenSchedulingInstance-n500-k2-a5--2312-08.46.41.dzn;1;-1.0;-1;-1;-1;;;;;3369.4325;;;singleobj-mzn-gurobiWS-LB-noUB;107;batchcount
1665;~/opl-executable/opl.sh ~/oven-scheduling-problem/solution-methods/cp-optimizer-models/withLB/interval-repr-jobs-noUB-batchcount.mod $file;../../instancesUC1withLB/opl/107_oven_scheduling.cpoptimizer_instance_3012-13.24.44.dat;1;5.56e-05;292;-1;1;17395.0;2920.0;500.0;292.0;3538.45;3600.15;5250000.0;singleobj-opl-reprjob-LB-noUB;107;batchcount
1666;~/opl-executable/opl.sh ~/oven-scheduling-problem/solution-methods/cp-optimizer-models/withLB/interval-repr-jobs-warmstart-noUB-batchcount.mod $file;../../instancesUC1withLB/opl/warmstartDataOplDec24/107_warm_start_107RandomOvenSchedulingInstance-n500-k2-a5--2312-08.46.41.dat;1;5.6e-05;294;-1;1;17733.0;2940.0;500.0;294.0;3538.72;3600.13;5250000.0;singleobj-opl-reprjob-LB-WS-noUB;107;batchcount
1667;~/minizinc-executables/mzn-gurobi.sh ~/oven-scheduling-problem/solution-methods/minizinc-models/withLowerBounds/direct-batch-pos-ovenruntime-objective.mzn $file --time-limit 3600000 -v;../../instancesUC1withLB/mzn/107_oven_scheduling.minizinc_instance_3012-13.24.45.dzn;1;-1.0;-1;-1;-1;;;;;3349.2663;;;singleobj-mzn-gurobi-LB-noUB;107;ovenruntime
1668;~/minizinc-executables/mzn-gurobi.sh $file ~/oven-scheduling-problem/solution-methods/minizinc-models/withLowerBounds/direct-batch-pos-warmstart-noUB-ovenruntime-objective.mzn $1 -d $2 --time-limit 3600000 -v;../../instancesUC1withLB/mzn/107_oven_scheduling.minizinc_instance_3012-13.24.45.dzn ../../instancesUC1withLB/mzn/warmstart/107_warm_start_107RandomOvenSchedulingInstance-n500-k2-a5--2312-08.46.41.dzn;1;-1.0;-1;-1;-1;;;;;3371.3617;;;singleobj-mzn-gurobiWS-LB-noUB;107;ovenruntime
1669;~/opl-executable/opl.sh ~/oven-scheduling-problem/solution-methods/cp-optimizer-models/withLB/interval-repr-jobs-noUB-ovenruntime.mod $file;../../instancesUC1withLB/opl/107_oven_scheduling.cpoptimizer_instance_3012-13.24.44.dat;1;0.003508571;18420;-1;1;18420.0;3290.0;500.0;329.0;3538.4;3600.13;5250000.0;singleobj-opl-reprjob-LB-noUB;107;ovenruntime
1670;~/opl-executable/opl.sh ~/oven-scheduling-problem/solution-methods/cp-optimizer-models/withLB/interval-repr-jobs-warmstart-noUB-ovenruntime.mod $file;../../instancesUC1withLB/opl/warmstartDataOplDec24/107_warm_start_107RandomOvenSchedulingInstance-n500-k2-a5--2312-08.46.41.dat;1;0.003377714;17733;-1;1;17733.0;2940.0;500.0;294.0;3540.04;3600.13;5250000.0;singleobj-opl-reprjob-LB-WS-noUB;107;ovenruntime
1671;~/minizinc-executables/mzn-gurobi.sh ~/oven-scheduling-problem/solution-methods/minizinc-models/withLowerBounds/direct-batch-pos-setupcosts-objective.mzn $file --time-limit 3600000 -v;../../instancesUC1withLB/mzn/107_oven_scheduling.minizinc_instance_3012-13.24.45.dzn;1;-1.0;-1;-1;-1;;;;;3362.1484;;;singleobj-mzn-gurobi-LB-noUB;107;setupcosts
1672;~/minizinc-executables/mzn-gurobi.sh $file ~/oven-scheduling-problem/solution-methods/minizinc-models/withLowerBounds/direct-batch-pos-warmstart-noUB-setupcosts-objective.mzn $1 -d $2 --time-limit 3600000 -v;../../instancesUC1withLB/mzn/107_oven_scheduling.minizinc_instance_3012-13.24.45.dzn ../../instancesUC1withLB/mzn/warmstart/107_warm_start_107RandomOvenSchedulingInstance-n500-k2-a5--2312-08.46.41.dzn;1;-1.0;-1;-1;-1;;;;;3358.4215;;;singleobj-mzn-gurobiWS-LB-noUB;107;setupcosts
1673;~/opl-executable/opl.sh ~/oven-scheduling-problem/solution-methods/cp-optimizer-models/withLB/interval-repr-jobs-noUB-setupcosts.mod $file;../../instancesUC1withLB/opl/107_oven_scheduling.cpoptimizer_instance_3012-13.24.44.dat;1;0.00056;2940;-1;1;18197.0;2940.0;500.0;294.0;3538.36;3600.11;5250000.0;singleobj-opl-reprjob-LB-noUB;107;setupcosts
1674;~/opl-executable/opl.sh ~/oven-scheduling-problem/solution-methods/cp-optimizer-models/withLB/interval-repr-jobs-warmstart-noUB-setupcosts.mod $file;../../instancesUC1withLB/opl/warmstartDataOplDec24/107_warm_start_107RandomOvenSchedulingInstance-n500-k2-a5--2312-08.46.41.dat;1;0.00056;2940;-1;1;17733.0;2940.0;500.0;294.0;3539.79;3600.13;5250000.0;singleobj-opl-reprjob-LB-WS-noUB;107;setupcosts
1675;~/minizinc-executables/mzn-gurobi.sh ~/oven-scheduling-problem/solution-methods/minizinc-models/withLowerBounds/direct-batch-pos-tardiness-objective.mzn $file --time-limit 3600000 -v;../../instancesUC1withLB/mzn/107_oven_scheduling.minizinc_instance_3012-13.24.45.dzn;1;-1.0;-1;-1;-1;;;;;3366.8679;;;singleobj-mzn-gurobi-LB-noUB;107;tardiness
1676;~/minizinc-executables/mzn-gurobi.sh $file ~/oven-scheduling-problem/solution-methods/minizinc-models/withLowerBounds/direct-batch-pos-warmstart-noUB-tardiness-objective.mzn $1 -d $2 --time-limit 3600000 -v;../../instancesUC1withLB/mzn/107_oven_scheduling.minizinc_instance_3012-13.24.45.dzn ../../instancesUC1withLB/mzn/warmstart/107_warm_start_107RandomOvenSchedulingInstance-n500-k2-a5--2312-08.46.41.dzn;1;-1.0;-1;-1;-1;;;;;3370.3152;;;singleobj-mzn-gurobiWS-LB-noUB;107;tardiness
1677;~/opl-executable/opl.sh ~/oven-scheduling-problem/solution-methods/cp-optimizer-models/withLB/interval-repr-jobs-noUB-tardiness.mod $file;../../instancesUC1withLB/opl/107_oven_scheduling.cpoptimizer_instance_3012-13.24.44.dat;1;9.52e-05;500;1;1;24941.0;5000.0;500.0;500.0;24.17;85.65;5250000.0;singleobj-opl-reprjob-LB-noUB;107;tardiness
1678;~/opl-executable/opl.sh ~/oven-scheduling-problem/solution-methods/cp-optimizer-models/withLB/interval-repr-jobs-warmstart-noUB-tardiness.mod $file;../../instancesUC1withLB/opl/warmstartDataOplDec24/107_warm_start_107RandomOvenSchedulingInstance-n500-k2-a5--2312-08.46.41.dat;1;9.52e-05;500;1;1;17733.0;2940.0;500.0;294.0;1.67;61.23;5250000.0;singleobj-opl-reprjob-LB-WS-noUB;107;tardiness
1679;~/minizinc-executables/mzn-gurobi.sh ~/oven-scheduling-problem/solution-methods/minizinc-models/withLowerBounds/direct-batch-pos-batchcount-objective.mzn $file --time-limit 3600000 -v;../../instancesUC1withLB/mzn/108_oven_scheduling.minizinc_instance_1212-10.36.16.dzn;1;-1.0;-1;-1;-1;;;;;3370.9943;;;singleobj-mzn-gurobi-LB-noUB;108;batchcount
1680;~/minizinc-executables/mzn-gurobi.sh $file ~/oven-scheduling-problem/solution-methods/minizinc-models/withLowerBounds/direct-batch-pos-warmstart-noUB-batchcount-objective.mzn $1 -d $2 --time-limit 3600000 -v;../../instancesUC1withLB/mzn/108_oven_scheduling.minizinc_instance_1212-10.36.16.dzn ../../instancesUC1withLB/mzn/warmstart/108_warm_start_108RandomOvenSchedulingInstance-n500-k2-a5--2312-08.48.35.dzn;1;-1.0;-1;-1;-1;;;;;3377.9472;;;singleobj-mzn-gurobiWS-LB-noUB;108;batchcount
1681;~/opl-executable/opl.sh ~/oven-scheduling-problem/solution-methods/cp-optimizer-models/withLB/interval-repr-jobs-noUB-batchcount.mod $file;../../instancesUC1withLB/opl/108_oven_scheduling.cpoptimizer_instance_1212-10.36.16.dat;1;-1.0;-1;-1;-1;;;;;3539.31;3600.11;-1.0;singleobj-opl-reprjob-LB-noUB;108;batchcount
1682;~/opl-executable/opl.sh ~/oven-scheduling-problem/solution-methods/cp-optimizer-models/withLB/interval-repr-jobs-warmstart-noUB-batchcount.mod $file;../../instancesUC1withLB/opl/warmstartDataOplDec24/108_warm_start_108RandomOvenSchedulingInstance-n500-k2-a5--2312-08.48.35.dat;1;0.000688889;217;-1;1;1513.0;430.0;498.0;217.0;3538.22;3600.11;315000.0;singleobj-opl-reprjob-LB-WS-noUB;108;batchcount
1683;~/minizinc-executables/mzn-gurobi.sh ~/oven-scheduling-problem/solution-methods/minizinc-models/withLowerBounds/direct-batch-pos-ovenruntime-objective.mzn $file --time-limit 3600000 -v;../../instancesUC1withLB/mzn/108_oven_scheduling.minizinc_instance_1212-10.36.16.dzn;1;-1.0;-1;-1;-1;;;;;3371.813;;;singleobj-mzn-gurobi-LB-noUB;108;ovenruntime
1684;~/minizinc-executables/mzn-gurobi.sh $file ~/oven-scheduling-problem/solution-methods/minizinc-models/withLowerBounds/direct-batch-pos-warmstart-noUB-ovenruntime-objective.mzn $1 -d $2 --time-limit 3600000 -v;../../instancesUC1withLB/mzn/108_oven_scheduling.minizinc_instance_1212-10.36.16.dzn ../../instancesUC1withLB/mzn/warmstart/108_warm_start_108RandomOvenSchedulingInstance-n500-k2-a5--2312-08.48.35.dzn;1;-1.0;-1;-1;-1;;;;;3377.5131;;;singleobj-mzn-gurobiWS-LB-noUB;108;ovenruntime
1685;~/opl-executable/opl.sh ~/oven-scheduling-problem/solution-methods/cp-optimizer-models/withLB/interval-repr-jobs-noUB-ovenruntime.mod $file;../../instancesUC1withLB/opl/108_oven_scheduling.cpoptimizer_instance_1212-10.36.16.dat;1;-1.0;-1;-1;-1;;;;;3539.88;3600.13;-1.0;singleobj-opl-reprjob-LB-noUB;108;ovenruntime
1686;~/opl-executable/opl.sh ~/oven-scheduling-problem/solution-methods/cp-optimizer-models/withLB/interval-repr-jobs-warmstart-noUB-ovenruntime.mod $file;../../instancesUC1withLB/opl/warmstartDataOplDec24/108_warm_start_108RandomOvenSchedulingInstance-n500-k2-a5--2312-08.48.35.dat;1;0.004803175;1513;-1;1;1513.0;430.0;498.0;217.0;3539.33;3600.13;315000.0;singleobj-opl-reprjob-LB-WS-noUB;108;ovenruntime
1687;~/minizinc-executables/mzn-gurobi.sh ~/oven-scheduling-problem/solution-methods/minizinc-models/withLowerBounds/direct-batch-pos-setupcosts-objective.mzn $file --time-limit 3600000 -v;../../instancesUC1withLB/mzn/108_oven_scheduling.minizinc_instance_1212-10.36.16.dzn;1;-1.0;-1;-1;-1;;;;;3371.4441;;;singleobj-mzn-gurobi-LB-noUB;108;setupcosts
1688;~/minizinc-executables/mzn-gurobi.sh $file ~/oven-scheduling-problem/solution-methods/minizinc-models/withLowerBounds/direct-batch-pos-warmstart-noUB-setupcosts-objective.mzn $1 -d $2 --time-limit 3600000 -v;../../instancesUC1withLB/mzn/108_oven_scheduling.minizinc_instance_1212-10.36.16.dzn ../../instancesUC1withLB/mzn/warmstart/108_warm_start_108RandomOvenSchedulingInstance-n500-k2-a5--2312-08.48.35.dzn;1;-1.0;-1;-1;-1;;;;;3375.6154;;;singleobj-mzn-gurobiWS-LB-noUB;108;setupcosts
1689;~/opl-executable/opl.sh ~/oven-scheduling-problem/solution-methods/cp-optimizer-models/withLB/interval-repr-jobs-noUB-setupcosts.mod $file;../../instancesUC1withLB/opl/108_oven_scheduling.cpoptimizer_instance_1212-10.36.16.dat;1;-1.0;-1;-1;-1;;;;;3538.74;3600.13;-1.0;singleobj-opl-reprjob-LB-noUB;108;setupcosts
1690;~/opl-executable/opl.sh ~/oven-scheduling-problem/solution-methods/cp-optimizer-models/withLB/interval-repr-jobs-warmstart-noUB-setupcosts.mod $file;../../instancesUC1withLB/opl/warmstartDataOplDec24/108_warm_start_108RandomOvenSchedulingInstance-n500-k2-a5--2312-08.48.35.dat;1;0.001365079;430;-1;1;1513.0;430.0;498.0;217.0;3538.68;3600.11;315000.0;singleobj-opl-reprjob-LB-WS-noUB;108;setupcosts
1691;~/minizinc-executables/mzn-gurobi.sh ~/oven-scheduling-problem/solution-methods/minizinc-models/withLowerBounds/direct-batch-pos-tardiness-objective.mzn $file --time-limit 3600000 -v;../../instancesUC1withLB/mzn/108_oven_scheduling.minizinc_instance_1212-10.36.16.dzn;1;-1.0;-1;-1;-1;;;;;3373.6756;;;singleobj-mzn-gurobi-LB-noUB;108;tardiness
1692;~/minizinc-executables/mzn-gurobi.sh $file ~/oven-scheduling-problem/solution-methods/minizinc-models/withLowerBounds/direct-batch-pos-warmstart-noUB-tardiness-objective.mzn $1 -d $2 --time-limit 3600000 -v;../../instancesUC1withLB/mzn/108_oven_scheduling.minizinc_instance_1212-10.36.16.dzn ../../instancesUC1withLB/mzn/warmstart/108_warm_start_108RandomOvenSchedulingInstance-n500-k2-a5--2312-08.48.35.dzn;1;-1.0;-1;-1;-1;;;;;3377.0429;;;singleobj-mzn-gurobiWS-LB-noUB;108;tardiness
1693;~/opl-executable/opl.sh ~/oven-scheduling-problem/solution-methods/cp-optimizer-models/withLB/interval-repr-jobs-noUB-tardiness.mod $file;../../instancesUC1withLB/opl/108_oven_scheduling.cpoptimizer_instance_1212-10.36.16.dat;1;-1.0;-1;-1;-1;;;;;3539.24;3600.18;-1.0;singleobj-opl-reprjob-LB-noUB;108;tardiness
1694;~/opl-executable/opl.sh ~/oven-scheduling-problem/solution-methods/cp-optimizer-models/withLB/interval-repr-jobs-warmstart-noUB-tardiness.mod $file;../../instancesUC1withLB/opl/warmstartDataOplDec24/108_warm_start_108RandomOvenSchedulingInstance-n500-k2-a5--2312-08.48.35.dat;1;0.001580952;498;-1;1;1513.0;430.0;498.0;217.0;3537.67;3600.11;315000.0;singleobj-opl-reprjob-LB-WS-noUB;108;tardiness
1695;~/minizinc-executables/mzn-gurobi.sh ~/oven-scheduling-problem/solution-methods/minizinc-models/withLowerBounds/direct-batch-pos-batchcount-objective.mzn $file --time-limit 3600000 -v;../../instancesUC1withLB/mzn/109_oven_scheduling.minizinc_instance_1212-10.36.18.dzn;1;-1.0;-1;-1;-1;;;;;3370.5364;;;singleobj-mzn-gurobi-LB-noUB;109;batchcount
1696;~/minizinc-executables/mzn-gurobi.sh $file ~/oven-scheduling-problem/solution-methods/minizinc-models/withLowerBounds/direct-batch-pos-warmstart-noUB-batchcount-objective.mzn $1 -d $2 --time-limit 3600000 -v;../../instancesUC1withLB/mzn/109_oven_scheduling.minizinc_instance_1212-10.36.18.dzn ../../instancesUC1withLB/mzn/warmstart/109_warm_start_109RandomOvenSchedulingInstance-n500-k2-a5--2312-08.48.50.dzn;1;0.963047619;303360;-1;1;714.0;252.0;500.0;84.0;3632.6685;3867.7615;315000.0;singleobj-mzn-gurobiWS-LB-noUB;109;batchcount
1697;~/opl-executable/opl.sh ~/oven-scheduling-problem/solution-methods/cp-optimizer-models/withLB/interval-repr-jobs-noUB-batchcount.mod $file;../../instancesUC1withLB/opl/109_oven_scheduling.cpoptimizer_instance_1212-10.36.18.dat;1;0.000253968;80;-1;1;649.0;240.0;496.0;80.0;3538.31;3600.13;315000.0;singleobj-opl-reprjob-LB-noUB;109;batchcount
1698;~/opl-executable/opl.sh ~/oven-scheduling-problem/solution-methods/cp-optimizer-models/withLB/interval-repr-jobs-warmstart-noUB-batchcount.mod $file;../../instancesUC1withLB/opl/warmstartDataOplDec24/109_warm_start_109RandomOvenSchedulingInstance-n500-k2-a5--2312-08.48.50.dat;1;0.000266667;84;-1;1;723.0;252.0;500.0;84.0;3537.75;3600.13;315000.0;singleobj-opl-reprjob-LB-WS-noUB;109;batchcount
1699;~/minizinc-executables/mzn-gurobi.sh ~/oven-scheduling-problem/solution-methods/minizinc-models/withLowerBounds/direct-batch-pos-ovenruntime-objective.mzn $file --time-limit 3600000 -v;../../instancesUC1withLB/mzn/109_oven_scheduling.minizinc_instance_1212-10.36.18.dzn;1;-1.0;-1;-1;-1;;;;;3373.0442;;;singleobj-mzn-gurobi-LB-noUB;109;ovenruntime
1700;~/minizinc-executables/mzn-gurobi.sh $file ~/oven-scheduling-problem/solution-methods/minizinc-models/withLowerBounds/direct-batch-pos-warmstart-noUB-ovenruntime-objective.mzn $1 -d $2 --time-limit 3600000 -v;../../instancesUC1withLB/mzn/109_oven_scheduling.minizinc_instance_1212-10.36.18.dzn ../../instancesUC1withLB/mzn/warmstart/109_warm_start_109RandomOvenSchedulingInstance-n500-k2-a5--2312-08.48.50.dzn;1;-1.0;-1;-1;-1;;;;;3375.467;;;singleobj-mzn-gurobiWS-LB-noUB;109;ovenruntime
1701;~/opl-executable/opl.sh ~/oven-scheduling-problem/solution-methods/cp-optimizer-models/withLB/interval-repr-jobs-noUB-ovenruntime.mod $file;../../instancesUC1withLB/opl/109_oven_scheduling.cpoptimizer_instance_1212-10.36.18.dat;1;0.001749206;551;-1;1;551.0;234.0;498.0;78.0;3538.31;3600.12;315000.0;singleobj-opl-reprjob-LB-noUB;109;ovenruntime
1702;~/opl-executable/opl.sh ~/oven-scheduling-problem/solution-methods/cp-optimizer-models/withLB/interval-repr-jobs-warmstart-noUB-ovenruntime.mod $file;../../instancesUC1withLB/opl/warmstartDataOplDec24/109_warm_start_109RandomOvenSchedulingInstance-n500-k2-a5--2312-08.48.50.dat;1;0.001657143;522;-1;1;522.0;237.0;497.0;79.0;3538.09;3600.11;315000.0;singleobj-opl-reprjob-LB-WS-noUB;109;ovenruntime
1703;~/minizinc-executables/mzn-gurobi.sh ~/oven-scheduling-problem/solution-methods/minizinc-models/withLowerBounds/direct-batch-pos-setupcosts-objective.mzn $file --time-limit 3600000 -v;../../instancesUC1withLB/mzn/109_oven_scheduling.minizinc_instance_1212-10.36.18.dzn;1;-1.0;-1;-1;-1;;;;;3370.6122;;;singleobj-mzn-gurobi-LB-noUB;109;setupcosts
1704;~/minizinc-executables/mzn-gurobi.sh $file ~/oven-scheduling-problem/solution-methods/minizinc-models/withLowerBounds/direct-batch-pos-warmstart-noUB-setupcosts-objective.mzn $1 -d $2 --time-limit 3600000 -v;../../instancesUC1withLB/mzn/109_oven_scheduling.minizinc_instance_1212-10.36.18.dzn ../../instancesUC1withLB/mzn/warmstart/109_warm_start_109RandomOvenSchedulingInstance-n500-k2-a5--2312-08.48.50.dzn;1;-1.0;-1;-1;-1;;;;;3378.2303;;;singleobj-mzn-gurobiWS-LB-noUB;109;setupcosts
1705;~/opl-executable/opl.sh ~/oven-scheduling-problem/solution-methods/cp-optimizer-models/withLB/interval-repr-jobs-noUB-setupcosts.mod $file;../../instancesUC1withLB/opl/109_oven_scheduling.cpoptimizer_instance_1212-10.36.18.dat;1;0.000819048;258;-1;1;705.0;258.0;500.0;86.0;3538.1;3600.13;315000.0;singleobj-opl-reprjob-LB-noUB;109;setupcosts
1706;~/opl-executable/opl.sh ~/oven-scheduling-problem/solution-methods/cp-optimizer-models/withLB/interval-repr-jobs-warmstart-noUB-setupcosts.mod $file;../../instancesUC1withLB/opl/warmstartDataOplDec24/109_warm_start_109RandomOvenSchedulingInstance-n500-k2-a5--2312-08.48.50.dat;1;0.0008;252;-1;1;723.0;252.0;500.0;84.0;3538.83;3600.12;315000.0;singleobj-opl-reprjob-LB-WS-noUB;109;setupcosts
1707;~/minizinc-executables/mzn-gurobi.sh ~/oven-scheduling-problem/solution-methods/minizinc-models/withLowerBounds/direct-batch-pos-tardiness-objective.mzn $file --time-limit 3600000 -v;../../instancesUC1withLB/mzn/109_oven_scheduling.minizinc_instance_1212-10.36.18.dzn;1;-1.0;-1;-1;-1;;;;;3370.5215;;;singleobj-mzn-gurobi-LB-noUB;109;tardiness
1708;~/minizinc-executables/mzn-gurobi.sh $file ~/oven-scheduling-problem/solution-methods/minizinc-models/withLowerBounds/direct-batch-pos-warmstart-noUB-tardiness-objective.mzn $1 -d $2 --time-limit 3600000 -v;../../instancesUC1withLB/mzn/109_oven_scheduling.minizinc_instance_1212-10.36.18.dzn ../../instancesUC1withLB/mzn/warmstart/109_warm_start_109RandomOvenSchedulingInstance-n500-k2-a5--2312-08.48.50.dzn;1;-1.0;-1;-1;-1;;;;;3372.7484;;;singleobj-mzn-gurobiWS-LB-noUB;109;tardiness
1709;~/opl-executable/opl.sh ~/oven-scheduling-problem/solution-methods/cp-optimizer-models/withLB/interval-repr-jobs-noUB-tardiness.mod $file;../../instancesUC1withLB/opl/109_oven_scheduling.cpoptimizer_instance_1212-10.36.18.dat;1;0.001419048;447;-1;1;1027.0;552.0;447.0;184.0;3536.49;3600.13;315000.0;singleobj-opl-reprjob-LB-noUB;109;tardiness
1710;~/opl-executable/opl.sh ~/oven-scheduling-problem/solution-methods/cp-optimizer-models/withLB/interval-repr-jobs-warmstart-noUB-tardiness.mod $file;../../instancesUC1withLB/opl/warmstartDataOplDec24/109_warm_start_109RandomOvenSchedulingInstance-n500-k2-a5--2312-08.48.50.dat;1;0.001447619;456;-1;1;2404.0;1365.0;456.0;455.0;3537.26;3600.13;315000.0;singleobj-opl-reprjob-LB-WS-noUB;109;tardiness
1711;~/minizinc-executables/mzn-gurobi.sh ~/oven-scheduling-problem/solution-methods/minizinc-models/withLowerBounds/direct-batch-pos-batchcount-objective.mzn $file --time-limit 3600000 -v;../../instancesUC1withLB/mzn/110_oven_scheduling.minizinc_instance_3012-13.24.51.dzn;1;-1.0;-1;-1;-1;;;;;3352.343;;;singleobj-mzn-gurobi-LB-noUB;110;batchcount
1712;~/minizinc-executables/mzn-gurobi.sh $file ~/oven-scheduling-problem/solution-methods/minizinc-models/withLowerBounds/direct-batch-pos-warmstart-noUB-batchcount-objective.mzn $1 -d $2 --time-limit 3600000 -v;../../instancesUC1withLB/mzn/110_oven_scheduling.minizinc_instance_3012-13.24.51.dzn ../../instancesUC1withLB/mzn/warmstart/110_warm_start_110RandomOvenSchedulingInstance-n500-k2-a5--2312-08.48.59.dzn;1;-1.0;-1;-1;-1;;;;;3342.8918;;;singleobj-mzn-gurobiWS-LB-noUB;110;batchcount
1713;~/opl-executable/opl.sh ~/oven-scheduling-problem/solution-methods/cp-optimizer-models/withLB/interval-repr-jobs-noUB-batchcount.mod $file;../../instancesUC1withLB/opl/110_oven_scheduling.cpoptimizer_instance_3012-13.24.50.dat;1;4.3e-06;299;-1;1;17250.0;4356.0;500.0;299.0;3540.31;3600.12;69562500.0;singleobj-opl-reprjob-LB-noUB;110;batchcount
1714;~/opl-executable/opl.sh ~/oven-scheduling-problem/solution-methods/cp-optimizer-models/withLB/interval-repr-jobs-warmstart-noUB-batchcount.mod $file;../../instancesUC1withLB/opl/warmstartDataOplDec24/110_warm_start_110RandomOvenSchedulingInstance-n500-k2-a5--2312-08.48.59.dat;1;4.21e-06;293;-1;1;17051.0;5134.0;500.0;293.0;3539.64;3600.14;69562500.0;singleobj-opl-reprjob-LB-WS-noUB;110;batchcount
1715;~/minizinc-executables/mzn-gurobi.sh ~/oven-scheduling-problem/solution-methods/minizinc-models/withLowerBounds/direct-batch-pos-ovenruntime-objective.mzn $file --time-limit 3600000 -v;../../instancesUC1withLB/mzn/110_oven_scheduling.minizinc_instance_3012-13.24.51.dzn;1;-1.0;-1;-1;-1;;;;;3344.1008;;;singleobj-mzn-gurobi-LB-noUB;110;ovenruntime
1716;~/minizinc-executables/mzn-gurobi.sh $file ~/oven-scheduling-problem/solution-methods/minizinc-models/withLowerBounds/direct-batch-pos-warmstart-noUB-ovenruntime-objective.mzn $1 -d $2 --time-limit 3600000 -v;../../instancesUC1withLB/mzn/110_oven_scheduling.minizinc_instance_3012-13.24.51.dzn ../../instancesUC1withLB/mzn/warmstart/110_warm_start_110RandomOvenSchedulingInstance-n500-k2-a5--2312-08.48.59.dzn;1;-1.0;-1;-1;-1;;;;;3340.7084;;;singleobj-mzn-gurobiWS-LB-noUB;110;ovenruntime
1717;~/opl-executable/opl.sh ~/oven-scheduling-problem/solution-methods/cp-optimizer-models/withLB/interval-repr-jobs-noUB-ovenruntime.mod $file;../../instancesUC1withLB/opl/110_oven_scheduling.cpoptimizer_instance_3012-13.24.50.dat;1;0.000242027;16836;-1;1;16836.0;3830.0;500.0;291.0;3540.22;3600.13;69562500.0;singleobj-opl-reprjob-LB-noUB;110;ovenruntime
1718;~/opl-executable/opl.sh ~/oven-scheduling-problem/solution-methods/cp-optimizer-models/withLB/interval-repr-jobs-warmstart-noUB-ovenruntime.mod $file;../../instancesUC1withLB/opl/warmstartDataOplDec24/110_warm_start_110RandomOvenSchedulingInstance-n500-k2-a5--2312-08.48.59.dat;1;0.000245118;17051;-1;1;17051.0;5134.0;500.0;293.0;3539.16;3600.13;69562500.0;singleobj-opl-reprjob-LB-WS-noUB;110;ovenruntime
1719;~/minizinc-executables/mzn-gurobi.sh ~/oven-scheduling-problem/solution-methods/minizinc-models/withLowerBounds/direct-batch-pos-setupcosts-objective.mzn $file --time-limit 3600000 -v;../../instancesUC1withLB/mzn/110_oven_scheduling.minizinc_instance_3012-13.24.51.dzn;1;-1.0;-1;-1;-1;;;;;3356.4348;;;singleobj-mzn-gurobi-LB-noUB;110;setupcosts
1720;~/minizinc-executables/mzn-gurobi.sh $file ~/oven-scheduling-problem/solution-methods/minizinc-models/withLowerBounds/direct-batch-pos-warmstart-noUB-setupcosts-objective.mzn $1 -d $2 --time-limit 3600000 -v;../../instancesUC1withLB/mzn/110_oven_scheduling.minizinc_instance_3012-13.24.51.dzn ../../instancesUC1withLB/mzn/warmstart/110_warm_start_110RandomOvenSchedulingInstance-n500-k2-a5--2312-08.48.59.dzn;1;-1.0;-1;-1;-1;;;;;3332.7368;;;singleobj-mzn-gurobiWS-LB-noUB;110;setupcosts
1721;~/opl-executable/opl.sh ~/oven-scheduling-problem/solution-methods/cp-optimizer-models/withLB/interval-repr-jobs-noUB-setupcosts.mod $file;../../instancesUC1withLB/opl/110_oven_scheduling.cpoptimizer_instance_3012-13.24.50.dat;1;2.74e-05;1905;-1;1;18132.0;1905.0;500.0;313.0;3540.75;3600.13;69562500.0;singleobj-opl-reprjob-LB-noUB;110;setupcosts
1722;~/opl-executable/opl.sh ~/oven-scheduling-problem/solution-methods/cp-optimizer-models/withLB/interval-repr-jobs-warmstart-noUB-setupcosts.mod $file;../../instancesUC1withLB/opl/warmstartDataOplDec24/110_warm_start_110RandomOvenSchedulingInstance-n500-k2-a5--2312-08.48.59.dat;1;7.38e-05;5134;-1;1;17051.0;5134.0;500.0;293.0;3540.31;3600.13;69562500.0;singleobj-opl-reprjob-LB-WS-noUB;110;setupcosts
1723;~/minizinc-executables/mzn-gurobi.sh ~/oven-scheduling-problem/solution-methods/minizinc-models/withLowerBounds/direct-batch-pos-tardiness-objective.mzn $file --time-limit 3600000 -v;../../instancesUC1withLB/mzn/110_oven_scheduling.minizinc_instance_3012-13.24.51.dzn;1;-1.0;-1;-1;-1;;;;;3353.5905;;;singleobj-mzn-gurobi-LB-noUB;110;tardiness
1724;~/minizinc-executables/mzn-gurobi.sh $file ~/oven-scheduling-problem/solution-methods/minizinc-models/withLowerBounds/direct-batch-pos-warmstart-noUB-tardiness-objective.mzn $1 -d $2 --time-limit 3600000 -v;../../instancesUC1withLB/mzn/110_oven_scheduling.minizinc_instance_3012-13.24.51.dzn ../../instancesUC1withLB/mzn/warmstart/110_warm_start_110RandomOvenSchedulingInstance-n500-k2-a5--2312-08.48.59.dzn;1;-1.0;-1;-1;-1;;;;;3339.0245;;;singleobj-mzn-gurobiWS-LB-noUB;110;tardiness
1725;~/opl-executable/opl.sh ~/oven-scheduling-problem/solution-methods/cp-optimizer-models/withLB/interval-repr-jobs-noUB-tardiness.mod $file;../../instancesUC1withLB/opl/110_oven_scheduling.cpoptimizer_instance_3012-13.24.50.dat;1;7.19e-06;500;1;1;26277.0;8261.0;500.0;500.0;5.38;65.13;69562500.0;singleobj-opl-reprjob-LB-noUB;110;tardiness
1726;~/opl-executable/opl.sh ~/oven-scheduling-problem/solution-methods/cp-optimizer-models/withLB/interval-repr-jobs-warmstart-noUB-tardiness.mod $file;../../instancesUC1withLB/opl/warmstartDataOplDec24/110_warm_start_110RandomOvenSchedulingInstance-n500-k2-a5--2312-08.48.59.dat;1;7.19e-06;500;1;1;17051.0;5134.0;500.0;293.0;1.56;62.13;69562500.0;singleobj-opl-reprjob-LB-WS-noUB;110;tardiness
1727;~/minizinc-executables/mzn-gurobi.sh ~/oven-scheduling-problem/solution-methods/minizinc-models/withLowerBounds/direct-batch-pos-batchcount-objective.mzn $file --time-limit 3600000 -v;../../instancesUC1withLB/mzn/111_oven_scheduling.minizinc_instance_1212-10.36.23.dzn;1;-1.0;-1;-1;-1;;;;;2950.8359;;;singleobj-mzn-gurobi-LB-noUB;111;batchcount
1728;~/minizinc-executables/mzn-gurobi.sh $file ~/oven-scheduling-problem/solution-methods/minizinc-models/withLowerBounds/direct-batch-pos-warmstart-noUB-batchcount-objective.mzn $1 -d $2 --time-limit 3600000 -v;../../instancesUC1withLB/mzn/111_oven_scheduling.minizinc_instance_1212-10.36.23.dzn ../../instancesUC1withLB/mzn/warmstart/111_warm_start_111RandomOvenSchedulingInstance-n500-k5-a2--0301-10.09.05.dzn;1;0.980242017;238838418;-1;1;15054.0;3666.0;500.0;282.0;3674.166;4328.688;243652500.0;singleobj-mzn-gurobiWS-LB-noUB;111;batchcount
1729;~/opl-executable/opl.sh ~/oven-scheduling-problem/solution-methods/cp-optimizer-models/withLB/interval-repr-jobs-noUB-batchcount.mod $file;../../instancesUC1withLB/opl/111_oven_scheduling.cpoptimizer_instance_1212-10.36.23.dat;1;1.18e-06;287;-1;1;16138.0;3731.0;500.0;287.0;2696.7;3600.16;243652500.0;singleobj-opl-reprjob-LB-noUB;111;batchcount
1730;~/opl-executable/opl.sh ~/oven-scheduling-problem/solution-methods/cp-optimizer-models/withLB/interval-repr-jobs-warmstart-noUB-batchcount.mod $file;../../instancesUC1withLB/opl/warmstartDataOplDec24/111_warm_start_111RandomOvenSchedulingInstance-n500-k5-a2--0301-10.09.05.dat;1;1.16e-06;282;-1;1;16209.0;3666.0;500.0;282.0;2688.02;3600.16;243652500.0;singleobj-opl-reprjob-LB-WS-noUB;111;batchcount
1731;~/minizinc-executables/mzn-gurobi.sh ~/oven-scheduling-problem/solution-methods/minizinc-models/withLowerBounds/direct-batch-pos-ovenruntime-objective.mzn $file --time-limit 3600000 -v;../../instancesUC1withLB/mzn/111_oven_scheduling.minizinc_instance_1212-10.36.23.dzn;1;-1.0;-1;-1;-1;;;;;2956.6604;;;singleobj-mzn-gurobi-LB-noUB;111;ovenruntime
1732;~/minizinc-executables/mzn-gurobi.sh $file ~/oven-scheduling-problem/solution-methods/minizinc-models/withLowerBounds/direct-batch-pos-warmstart-noUB-ovenruntime-objective.mzn $1 -d $2 --time-limit 3600000 -v;../../instancesUC1withLB/mzn/111_oven_scheduling.minizinc_instance_1212-10.36.23.dzn ../../instancesUC1withLB/mzn/warmstart/111_warm_start_111RandomOvenSchedulingInstance-n500-k5-a2--0301-10.09.05.dzn;1;-1.0;-1;-1;-1;;;;;2954.1767;;;singleobj-mzn-gurobiWS-LB-noUB;111;ovenruntime
1733;~/opl-executable/opl.sh ~/oven-scheduling-problem/solution-methods/cp-optimizer-models/withLB/interval-repr-jobs-noUB-ovenruntime.mod $file;../../instancesUC1withLB/opl/111_oven_scheduling.cpoptimizer_instance_1212-10.36.23.dat;1;6.92e-05;16870;-1;1;16870.0;3913.0;500.0;301.0;2648.56;3600.15;243652500.0;singleobj-opl-reprjob-LB-noUB;111;ovenruntime
1734;~/opl-executable/opl.sh ~/oven-scheduling-problem/solution-methods/cp-optimizer-models/withLB/interval-repr-jobs-warmstart-noUB-ovenruntime.mod $file;../../instancesUC1withLB/opl/warmstartDataOplDec24/111_warm_start_111RandomOvenSchedulingInstance-n500-k5-a2--0301-10.09.05.dat;1;6.65e-05;16202;-1;1;16202.0;3666.0;500.0;282.0;2697.63;3602.27;243652500.0;singleobj-opl-reprjob-LB-WS-noUB;111;ovenruntime
1735;~/minizinc-executables/mzn-gurobi.sh ~/oven-scheduling-problem/solution-methods/minizinc-models/withLowerBounds/direct-batch-pos-setupcosts-objective.mzn $file --time-limit 3600000 -v;../../instancesUC1withLB/mzn/111_oven_scheduling.minizinc_instance_1212-10.36.23.dzn;1;-1.0;-1;-1;-1;;;;;2953.7827;;;singleobj-mzn-gurobi-LB-noUB;111;setupcosts
1736;~/minizinc-executables/mzn-gurobi.sh $file ~/oven-scheduling-problem/solution-methods/minizinc-models/withLowerBounds/direct-batch-pos-warmstart-noUB-setupcosts-objective.mzn $1 -d $2 --time-limit 3600000 -v;../../instancesUC1withLB/mzn/111_oven_scheduling.minizinc_instance_1212-10.36.23.dzn ../../instancesUC1withLB/mzn/warmstart/111_warm_start_111RandomOvenSchedulingInstance-n500-k5-a2--0301-10.09.05.dzn;1;-1.0;-1;-1;-1;;;;;2949.256;;;singleobj-mzn-gurobiWS-LB-noUB;111;setupcosts
1737;~/opl-executable/opl.sh ~/oven-scheduling-problem/solution-methods/cp-optimizer-models/withLB/interval-repr-jobs-noUB-setupcosts.mod $file;../../instancesUC1withLB/opl/111_oven_scheduling.cpoptimizer_instance_1212-10.36.23.dat;1;1.55e-05;3783;-1;1;16362.0;3783.0;500.0;291.0;2684.77;3600.15;243652500.0;singleobj-opl-reprjob-LB-noUB;111;setupcosts
1738;~/opl-executable/opl.sh ~/oven-scheduling-problem/solution-methods/cp-optimizer-models/withLB/interval-repr-jobs-warmstart-noUB-setupcosts.mod $file;../../instancesUC1withLB/opl/warmstartDataOplDec24/111_warm_start_111RandomOvenSchedulingInstance-n500-k5-a2--0301-10.09.05.dat;1;1.5e-05;3666;-1;1;16209.0;3666.0;500.0;282.0;2669.45;3600.16;243652500.0;singleobj-opl-reprjob-LB-WS-noUB;111;setupcosts
1739;~/minizinc-executables/mzn-gurobi.sh ~/oven-scheduling-problem/solution-methods/minizinc-models/withLowerBounds/direct-batch-pos-tardiness-objective.mzn $file --time-limit 3600000 -v;../../instancesUC1withLB/mzn/111_oven_scheduling.minizinc_instance_1212-10.36.23.dzn;1;-1.0;-1;-1;-1;;;;;2926.1957;;;singleobj-mzn-gurobi-LB-noUB;111;tardiness
1740;~/minizinc-executables/mzn-gurobi.sh $file ~/oven-scheduling-problem/solution-methods/minizinc-models/withLowerBounds/direct-batch-pos-warmstart-noUB-tardiness-objective.mzn $1 -d $2 --time-limit 3600000 -v;../../instancesUC1withLB/mzn/111_oven_scheduling.minizinc_instance_1212-10.36.23.dzn ../../instancesUC1withLB/mzn/warmstart/111_warm_start_111RandomOvenSchedulingInstance-n500-k5-a2--0301-10.09.05.dzn;1;-1.0;-1;-1;-1;;;;;2951.1245;;;singleobj-mzn-gurobiWS-LB-noUB;111;tardiness
1741;~/opl-executable/opl.sh ~/oven-scheduling-problem/solution-methods/cp-optimizer-models/withLB/interval-repr-jobs-noUB-tardiness.mod $file;../../instancesUC1withLB/opl/111_oven_scheduling.cpoptimizer_instance_1212-10.36.23.dat;1;2.05e-06;500;1;1;25348.0;6500.0;500.0;500.0;84.42;1002.87;243652500.0;singleobj-opl-reprjob-LB-noUB;111;tardiness
1742;~/opl-executable/opl.sh ~/oven-scheduling-problem/solution-methods/cp-optimizer-models/withLB/interval-repr-jobs-warmstart-noUB-tardiness.mod $file;../../instancesUC1withLB/opl/warmstartDataOplDec24/111_warm_start_111RandomOvenSchedulingInstance-n500-k5-a2--0301-10.09.05.dat;1;2.05e-06;500;1;1;16209.0;3666.0;500.0;282.0;9.02;917.75;243652500.0;singleobj-opl-reprjob-LB-WS-noUB;111;tardiness
1743;~/minizinc-executables/mzn-gurobi.sh ~/oven-scheduling-problem/solution-methods/minizinc-models/withLowerBounds/direct-batch-pos-batchcount-objective.mzn $file --time-limit 3600000 -v;../../instancesUC1withLB/mzn/112_oven_scheduling.minizinc_instance_1212-10.36.26.dzn;1;-1.0;-1;-1;-1;;;;;3006.1165;;;singleobj-mzn-gurobi-LB-noUB;112;batchcount
1744;~/minizinc-executables/mzn-gurobi.sh $file ~/oven-scheduling-problem/solution-methods/minizinc-models/withLowerBounds/direct-batch-pos-warmstart-noUB-batchcount-objective.mzn $1 -d $2 --time-limit 3600000 -v;../../instancesUC1withLB/mzn/112_oven_scheduling.minizinc_instance_1212-10.36.26.dzn ../../instancesUC1withLB/mzn/warmstart/112_warm_start_112RandomOvenSchedulingInstance-n500-k5-a2--2312-10.35.09.dzn;1;0.93512381;294564;-1;1;1386.0;210.0;481.0;236.0;3663.43;4265.959;315000.0;singleobj-mzn-gurobiWS-LB-noUB;112;batchcount
1745;~/opl-executable/opl.sh ~/oven-scheduling-problem/solution-methods/cp-optimizer-models/withLB/interval-repr-jobs-noUB-batchcount.mod $file;../../instancesUC1withLB/opl/112_oven_scheduling.cpoptimizer_instance_1212-10.36.25.dat;1;6.98e-05;22;-1;1;173.0;42.0;499.0;22.0;2336.3;3600.17;315000.0;singleobj-opl-reprjob-LB-noUB;112;batchcount
1746;~/opl-executable/opl.sh ~/oven-scheduling-problem/solution-methods/cp-optimizer-models/withLB/interval-repr-jobs-warmstart-noUB-batchcount.mod $file;../../instancesUC1withLB/opl/warmstartDataOplDec24/112_warm_start_112RandomOvenSchedulingInstance-n500-k5-a2--2312-10.35.09.dat;1;8.89e-05;28;-1;1;219.0;47.0;497.0;28.0;2360.7;3600.16;315000.0;singleobj-opl-reprjob-LB-WS-noUB;112;batchcount
1747;~/minizinc-executables/mzn-gurobi.sh ~/oven-scheduling-problem/solution-methods/minizinc-models/withLowerBounds/direct-batch-pos-ovenruntime-objective.mzn $file --time-limit 3600000 -v;../../instancesUC1withLB/mzn/112_oven_scheduling.minizinc_instance_1212-10.36.26.dzn;1;-1.0;-1;-1;-1;;;;;3010.1041;;;singleobj-mzn-gurobi-LB-noUB;112;ovenruntime
1748;~/minizinc-executables/mzn-gurobi.sh $file ~/oven-scheduling-problem/solution-methods/minizinc-models/withLowerBounds/direct-batch-pos-warmstart-noUB-ovenruntime-objective.mzn $1 -d $2 --time-limit 3600000 -v;../../instancesUC1withLB/mzn/112_oven_scheduling.minizinc_instance_1212-10.36.26.dzn ../../instancesUC1withLB/mzn/warmstart/112_warm_start_112RandomOvenSchedulingInstance-n500-k5-a2--2312-10.35.09.dzn;1;0.92568254;291590;-1;1;776.0;243.0;480.0;236.0;3665.7229;4260.4409;315000.0;singleobj-mzn-gurobiWS-LB-noUB;112;ovenruntime
1749;~/opl-executable/opl.sh ~/oven-scheduling-problem/solution-methods/cp-optimizer-models/withLB/interval-repr-jobs-noUB-ovenruntime.mod $file;../../instancesUC1withLB/opl/112_oven_scheduling.cpoptimizer_instance_1212-10.36.25.dat;1;0.000530159;167;-1;1;167.0;52.0;498.0;25.0;2298.63;3600.15;315000.0;singleobj-opl-reprjob-LB-noUB;112;ovenruntime
1750;~/opl-executable/opl.sh ~/oven-scheduling-problem/solution-methods/cp-optimizer-models/withLB/interval-repr-jobs-warmstart-noUB-ovenruntime.mod $file;../../instancesUC1withLB/opl/warmstartDataOplDec24/112_warm_start_112RandomOvenSchedulingInstance-n500-k5-a2--2312-10.35.09.dat;1;0.000533333;168;-1;1;168.0;56.0;497.0;27.0;2365.24;3600.17;315000.0;singleobj-opl-reprjob-LB-WS-noUB;112;ovenruntime
1751;~/minizinc-executables/mzn-gurobi.sh ~/oven-scheduling-problem/solution-methods/minizinc-models/withLowerBounds/direct-batch-pos-setupcosts-objective.mzn $file --time-limit 3600000 -v;../../instancesUC1withLB/mzn/112_oven_scheduling.minizinc_instance_1212-10.36.26.dzn;1;-1.0;-1;-1;-1;;;;;2998.0594;;;singleobj-mzn-gurobi-LB-noUB;112;setupcosts
1752;~/minizinc-executables/mzn-gurobi.sh $file ~/oven-scheduling-problem/solution-methods/minizinc-models/withLowerBounds/direct-batch-pos-warmstart-noUB-setupcosts-objective.mzn $1 -d $2 --time-limit 3600000 -v;../../instancesUC1withLB/mzn/112_oven_scheduling.minizinc_instance_1212-10.36.26.dzn ../../instancesUC1withLB/mzn/warmstart/112_warm_start_112RandomOvenSchedulingInstance-n500-k5-a2--2312-10.35.09.dzn;1;0.914742857;288144;-1;1;1506.0;60.0;470.0;236.0;3664.9889;4278.4099;315000.0;singleobj-mzn-gurobiWS-LB-noUB;112;setupcosts
1753;~/opl-executable/opl.sh ~/oven-scheduling-problem/solution-methods/cp-optimizer-models/withLB/interval-repr-jobs-noUB-setupcosts.mod $file;../../instancesUC1withLB/opl/112_oven_scheduling.cpoptimizer_instance_1212-10.36.25.dat;1;8.89e-05;28;-1;1;328.0;28.0;500.0;48.0;2351.83;3604.03;315000.0;singleobj-opl-reprjob-LB-noUB;112;setupcosts
1754;~/opl-executable/opl.sh ~/oven-scheduling-problem/solution-methods/cp-optimizer-models/withLB/interval-repr-jobs-warmstart-noUB-setupcosts.mod $file;../../instancesUC1withLB/opl/warmstartDataOplDec24/112_warm_start_112RandomOvenSchedulingInstance-n500-k5-a2--2312-10.35.09.dat;1;7.3e-05;23;-1;1;242.0;23.0;488.0;36.0;2384.94;3600.17;315000.0;singleobj-opl-reprjob-LB-WS-noUB;112;setupcosts
1755;~/minizinc-executables/mzn-gurobi.sh ~/oven-scheduling-problem/solution-methods/minizinc-models/withLowerBounds/direct-batch-pos-tardiness-objective.mzn $file --time-limit 3600000 -v;../../instancesUC1withLB/mzn/112_oven_scheduling.minizinc_instance_1212-10.36.26.dzn;1;-1.0;-1;-1;-1;;;;;3020.2316;;;singleobj-mzn-gurobi-LB-noUB;112;tardiness
1756;~/minizinc-executables/mzn-gurobi.sh $file ~/oven-scheduling-problem/solution-methods/minizinc-models/withLowerBounds/direct-batch-pos-warmstart-noUB-tardiness-objective.mzn $1 -d $2 --time-limit 3600000 -v;../../instancesUC1withLB/mzn/112_oven_scheduling.minizinc_instance_1212-10.36.26.dzn ../../instancesUC1withLB/mzn/warmstart/112_warm_start_112RandomOvenSchedulingInstance-n500-k5-a2--2312-10.35.09.dzn;1;0.499466667;157332;-1;1;1507.0;352.0;251.0;236.0;3663.4947;4261.4947;315000.0;singleobj-mzn-gurobiWS-LB-noUB;112;tardiness
1757;~/opl-executable/opl.sh ~/oven-scheduling-problem/solution-methods/cp-optimizer-models/withLB/interval-repr-jobs-noUB-tardiness.mod $file;../../instancesUC1withLB/opl/112_oven_scheduling.cpoptimizer_instance_1212-10.36.25.dat;1;0.00112381;354;-1;1;1919.0;508.0;354.0;349.0;2373.54;3600.17;315000.0;singleobj-opl-reprjob-LB-noUB;112;tardiness
1758;~/opl-executable/opl.sh ~/oven-scheduling-problem/solution-methods/cp-optimizer-models/withLB/interval-repr-jobs-warmstart-noUB-tardiness.mod $file;../../instancesUC1withLB/opl/warmstartDataOplDec24/112_warm_start_112RandomOvenSchedulingInstance-n500-k5-a2--2312-10.35.09.dat;1;0.000825397;260;-1;1;1395.0;368.0;260.0;236.0;2336.61;3600.16;315000.0;singleobj-opl-reprjob-LB-WS-noUB;112;tardiness
1759;~/minizinc-executables/mzn-gurobi.sh ~/oven-scheduling-problem/solution-methods/minizinc-models/withLowerBounds/direct-batch-pos-batchcount-objective.mzn $file --time-limit 3600000 -v;../../instancesUC1withLB/mzn/113_oven_scheduling.minizinc_instance_1212-10.36.28.dzn;1;-1.0;-1;-1;-1;;;;;3014.3093;;;singleobj-mzn-gurobi-LB-noUB;113;batchcount
1760;~/minizinc-executables/mzn-gurobi.sh $file ~/oven-scheduling-problem/solution-methods/minizinc-models/withLowerBounds/direct-batch-pos-warmstart-noUB-batchcount-objective.mzn $1 -d $2 --time-limit 3600000 -v;../../instancesUC1withLB/mzn/113_oven_scheduling.minizinc_instance_1212-10.36.28.dzn ../../instancesUC1withLB/mzn/warmstart/113_warm_start_113RandomOvenSchedulingInstance-n500-k5-a2--2312-10.35.11.dzn;1;0.972260317;306262;-1;1;1425.0;281.0;500.0;184.0;3664.357;4266.41;315000.0;singleobj-mzn-gurobiWS-LB-noUB;113;batchcount
1761;~/opl-executable/opl.sh ~/oven-scheduling-problem/solution-methods/cp-optimizer-models/withLB/interval-repr-jobs-noUB-batchcount.mod $file;../../instancesUC1withLB/opl/113_oven_scheduling.cpoptimizer_instance_1212-10.36.27.dat;1;0.000504762;159;-1;1;1198.0;281.0;500.0;159.0;2478.02;3600.16;315000.0;singleobj-opl-reprjob-LB-noUB;113;batchcount
1762;~/opl-executable/opl.sh ~/oven-scheduling-problem/solution-methods/cp-optimizer-models/withLB/interval-repr-jobs-warmstart-noUB-batchcount.mod $file;../../instancesUC1withLB/opl/warmstartDataOplDec24/113_warm_start_113RandomOvenSchedulingInstance-n500-k5-a2--2312-10.35.11.dat;1;0.000346032;109;-1;1;787.0;185.0;500.0;109.0;2481.21;3600.16;315000.0;singleobj-opl-reprjob-LB-WS-noUB;113;batchcount
1763;~/minizinc-executables/mzn-gurobi.sh ~/oven-scheduling-problem/solution-methods/minizinc-models/withLowerBounds/direct-batch-pos-ovenruntime-objective.mzn $file --time-limit 3600000 -v;../../instancesUC1withLB/mzn/113_oven_scheduling.minizinc_instance_1212-10.36.28.dzn;1;-1.0;-1;-1;-1;;;;;3018.9796;;;singleobj-mzn-gurobi-LB-noUB;113;ovenruntime
1764;~/minizinc-executables/mzn-gurobi.sh $file ~/oven-scheduling-problem/solution-methods/minizinc-models/withLowerBounds/direct-batch-pos-warmstart-noUB-ovenruntime-objective.mzn $1 -d $2 --time-limit 3600000 -v;../../instancesUC1withLB/mzn/113_oven_scheduling.minizinc_instance_1212-10.36.28.dzn ../../instancesUC1withLB/mzn/warmstart/113_warm_start_113RandomOvenSchedulingInstance-n500-k5-a2--2312-10.35.11.dzn;1;-1.0;-1;-1;-1;;;;;3015.3601;;;singleobj-mzn-gurobiWS-LB-noUB;113;ovenruntime
1765;~/opl-executable/opl.sh ~/oven-scheduling-problem/solution-methods/cp-optimizer-models/withLB/interval-repr-jobs-noUB-ovenruntime.mod $file;../../instancesUC1withLB/opl/113_oven_scheduling.cpoptimizer_instance_1212-10.36.27.dat;1;0.003387302;1067;-1;1;1067.0;326.0;500.0;177.0;2429.89;3600.15;315000.0;singleobj-opl-reprjob-LB-noUB;113;ovenruntime
1766;~/opl-executable/opl.sh ~/oven-scheduling-problem/solution-methods/cp-optimizer-models/withLB/interval-repr-jobs-warmstart-noUB-ovenruntime.mod $file;../../instancesUC1withLB/opl/warmstartDataOplDec24/113_warm_start_113RandomOvenSchedulingInstance-n500-k5-a2--2312-10.35.11.dat;1;0.002942857;927;-1;1;927.0;261.0;500.0;144.0;2496.94;3601.04;315000.0;singleobj-opl-reprjob-LB-WS-noUB;113;ovenruntime
1767;~/minizinc-executables/mzn-gurobi.sh ~/oven-scheduling-problem/solution-methods/minizinc-models/withLowerBounds/direct-batch-pos-setupcosts-objective.mzn $file --time-limit 3600000 -v;../../instancesUC1withLB/mzn/113_oven_scheduling.minizinc_instance_1212-10.36.28.dzn;1;-1.0;-1;-1;-1;;;;;2981.9815;;;singleobj-mzn-gurobi-LB-noUB;113;setupcosts
1768;~/minizinc-executables/mzn-gurobi.sh $file ~/oven-scheduling-problem/solution-methods/minizinc-models/withLowerBounds/direct-batch-pos-warmstart-noUB-setupcosts-objective.mzn $1 -d $2 --time-limit 3600000 -v;../../instancesUC1withLB/mzn/113_oven_scheduling.minizinc_instance_1212-10.36.28.dzn ../../instancesUC1withLB/mzn/warmstart/113_warm_start_113RandomOvenSchedulingInstance-n500-k5-a2--2312-10.35.11.dzn;1;-1.0;-1;-1;-1;;;;;3011.7987;;;singleobj-mzn-gurobiWS-LB-noUB;113;setupcosts
1769;~/opl-executable/opl.sh ~/oven-scheduling-problem/solution-methods/cp-optimizer-models/withLB/interval-repr-jobs-noUB-setupcosts.mod $file;../../instancesUC1withLB/opl/113_oven_scheduling.cpoptimizer_instance_1212-10.36.27.dat;1;0.000650794;205;-1;1;1149.0;205.0;500.0;163.0;2474.49;3600.15;315000.0;singleobj-opl-reprjob-LB-noUB;113;setupcosts
1770;~/opl-executable/opl.sh ~/oven-scheduling-problem/solution-methods/cp-optimizer-models/withLB/interval-repr-jobs-warmstart-noUB-setupcosts.mod $file;../../instancesUC1withLB/opl/warmstartDataOplDec24/113_warm_start_113RandomOvenSchedulingInstance-n500-k5-a2--2312-10.35.11.dat;1;0.000780952;246;-1;1;1407.0;246.0;500.0;184.0;2493.58;3600.17;315000.0;singleobj-opl-reprjob-LB-WS-noUB;113;setupcosts
1771;~/minizinc-executables/mzn-gurobi.sh ~/oven-scheduling-problem/solution-methods/minizinc-models/withLowerBounds/direct-batch-pos-tardiness-objective.mzn $file --time-limit 3600000 -v;../../instancesUC1withLB/mzn/113_oven_scheduling.minizinc_instance_1212-10.36.28.dzn;1;-1.0;-1;-1;-1;;;;;3006.2706;;;singleobj-mzn-gurobi-LB-noUB;113;tardiness
1772;~/minizinc-executables/mzn-gurobi.sh $file ~/oven-scheduling-problem/solution-methods/minizinc-models/withLowerBounds/direct-batch-pos-warmstart-noUB-tardiness-objective.mzn $1 -d $2 --time-limit 3600000 -v;../../instancesUC1withLB/mzn/113_oven_scheduling.minizinc_instance_1212-10.36.28.dzn ../../instancesUC1withLB/mzn/warmstart/113_warm_start_113RandomOvenSchedulingInstance-n500-k5-a2--2312-10.35.11.dzn;1;0.972260317;306262;1;1;1425.0;281.0;500.0;184.0;904.5624;1533.0704;315000.0;singleobj-mzn-gurobiWS-LB-noUB;113;tardiness
1773;~/opl-executable/opl.sh ~/oven-scheduling-problem/solution-methods/cp-optimizer-models/withLB/interval-repr-jobs-noUB-tardiness.mod $file;../../instancesUC1withLB/opl/113_oven_scheduling.cpoptimizer_instance_1212-10.36.27.dat;1;0.001587302;500;1;1;2805.0;935.0;500.0;500.0;140.28;1273.11;315000.0;singleobj-opl-reprjob-LB-noUB;113;tardiness
1774;~/opl-executable/opl.sh ~/oven-scheduling-problem/solution-methods/cp-optimizer-models/withLB/interval-repr-jobs-warmstart-noUB-tardiness.mod $file;../../instancesUC1withLB/opl/warmstartDataOplDec24/113_warm_start_113RandomOvenSchedulingInstance-n500-k5-a2--2312-10.35.11.dat;1;0.001587302;500;1;1;1407.0;246.0;500.0;184.0;9.21;1143.6;315000.0;singleobj-opl-reprjob-LB-WS-noUB;113;tardiness
1775;~/minizinc-executables/mzn-gurobi.sh ~/oven-scheduling-problem/solution-methods/minizinc-models/withLowerBounds/direct-batch-pos-batchcount-objective.mzn $file --time-limit 3600000 -v;../../instancesUC1withLB/mzn/114_oven_scheduling.minizinc_instance_3012-13.24.59.dzn;1;-1.0;-1;-1;-1;;;;;2997.0944;;;singleobj-mzn-gurobi-LB-noUB;114;batchcount
1776;~/minizinc-executables/mzn-gurobi.sh $file ~/oven-scheduling-problem/solution-methods/minizinc-models/withLowerBounds/direct-batch-pos-warmstart-noUB-batchcount-objective.mzn $1 -d $2 --time-limit 3600000 -v;../../instancesUC1withLB/mzn/114_oven_scheduling.minizinc_instance_3012-13.24.59.dzn ../../instancesUC1withLB/mzn/warmstart/114_warm_start_114RandomOvenSchedulingInstance-n500-k5-a2--2312-10.36.44.dzn;1;0.860519514;57601025;-1;1;24611.0;3705.0;430.0;410.0;3663.912;4277.561;66937500.0;singleobj-mzn-gurobiWS-LB-noUB;114;batchcount
1777;~/opl-executable/opl.sh ~/oven-scheduling-problem/solution-methods/cp-optimizer-models/withLB/interval-repr-jobs-noUB-batchcount.mod $file;../../instancesUC1withLB/opl/114_oven_scheduling.cpoptimizer_instance_3012-13.24.59.dat;1;7.44e-06;498;-1;1;25218.0;4838.0;386.0;498.0;3013.49;3600.17;66937500.0;singleobj-opl-reprjob-LB-noUB;114;batchcount
1778;~/opl-executable/opl.sh ~/oven-scheduling-problem/solution-methods/cp-optimizer-models/withLB/interval-repr-jobs-warmstart-noUB-batchcount.mod $file;../../instancesUC1withLB/opl/warmstartDataOplDec24/114_warm_start_114RandomOvenSchedulingInstance-n500-k5-a2--2312-10.36.44.dat;1;4.65e-06;311;-1;1;17660.0;2947.0;437.0;311.0;3010.95;3600.17;66937500.0;singleobj-opl-reprjob-LB-WS-noUB;114;batchcount
1779;~/minizinc-executables/mzn-gurobi.sh ~/oven-scheduling-problem/solution-methods/minizinc-models/withLowerBounds/direct-batch-pos-ovenruntime-objective.mzn $file --time-limit 3600000 -v;../../instancesUC1withLB/mzn/114_oven_scheduling.minizinc_instance_3012-13.24.59.dzn;1;-1.0;-1;-1;-1;;;;;3011.7139;;;singleobj-mzn-gurobi-LB-noUB;114;ovenruntime
1780;~/minizinc-executables/mzn-gurobi.sh $file ~/oven-scheduling-problem/solution-methods/minizinc-models/withLowerBounds/direct-batch-pos-warmstart-noUB-ovenruntime-objective.mzn $1 -d $2 --time-limit 3600000 -v;../../instancesUC1withLB/mzn/114_oven_scheduling.minizinc_instance_3012-13.24.59.dzn ../../instancesUC1withLB/mzn/warmstart/114_warm_start_114RandomOvenSchedulingInstance-n500-k5-a2--2312-10.36.44.dzn;1;-1.0;-1;-1;-1;;;;;2944.693;;;singleobj-mzn-gurobiWS-LB-noUB;114;ovenruntime
1781;~/opl-executable/opl.sh ~/oven-scheduling-problem/solution-methods/cp-optimizer-models/withLB/interval-repr-jobs-noUB-ovenruntime.mod $file;../../instancesUC1withLB/opl/114_oven_scheduling.cpoptimizer_instance_3012-13.24.59.dat;1;0.000269221;18021;-1;1;18021.0;3712.0;461.0;338.0;3005.42;3600.17;66937500.0;singleobj-opl-reprjob-LB-noUB;114;ovenruntime
1782;~/opl-executable/opl.sh ~/oven-scheduling-problem/solution-methods/cp-optimizer-models/withLB/interval-repr-jobs-warmstart-noUB-ovenruntime.mod $file;../../instancesUC1withLB/opl/warmstartDataOplDec24/114_warm_start_114RandomOvenSchedulingInstance-n500-k5-a2--2312-10.36.44.dat;1;0.000275466;18439;-1;1;18439.0;3236.0;436.0;347.0;3023.91;3601.07;66937500.0;singleobj-opl-reprjob-LB-WS-noUB;114;ovenruntime
1783;~/minizinc-executables/mzn-gurobi.sh ~/oven-scheduling-problem/solution-methods/minizinc-models/withLowerBounds/direct-batch-pos-setupcosts-objective.mzn $file --time-limit 3600000 -v;../../instancesUC1withLB/mzn/114_oven_scheduling.minizinc_instance_3012-13.24.59.dzn;1;-1.0;-1;-1;-1;;;;;2994.0668;;;singleobj-mzn-gurobi-LB-noUB;114;setupcosts
1784;~/minizinc-executables/mzn-gurobi.sh $file ~/oven-scheduling-problem/solution-methods/minizinc-models/withLowerBounds/direct-batch-pos-warmstart-noUB-setupcosts-objective.mzn $1 -d $2 --time-limit 3600000 -v;../../instancesUC1withLB/mzn/114_oven_scheduling.minizinc_instance_3012-13.24.59.dzn ../../instancesUC1withLB/mzn/warmstart/114_warm_start_114RandomOvenSchedulingInstance-n500-k5-a2--2312-10.36.44.dzn;1;-1.0;-1;-1;-1;;;;;3015.1464;;;singleobj-mzn-gurobiWS-LB-noUB;114;setupcosts
1785;~/opl-executable/opl.sh ~/oven-scheduling-problem/solution-methods/cp-optimizer-models/withLB/interval-repr-jobs-noUB-setupcosts.mod $file;../../instancesUC1withLB/opl/114_oven_scheduling.cpoptimizer_instance_3012-13.24.59.dat;1;4.66e-05;3117;-1;1;18034.0;3117.0;349.0;346.0;3003.38;3600.27;66937500.0;singleobj-opl-reprjob-LB-noUB;114;setupcosts
1786;~/opl-executable/opl.sh ~/oven-scheduling-problem/solution-methods/cp-optimizer-models/withLB/interval-repr-jobs-warmstart-noUB-setupcosts.mod $file;../../instancesUC1withLB/opl/warmstartDataOplDec24/114_warm_start_114RandomOvenSchedulingInstance-n500-k5-a2--2312-10.36.44.dat;1;4.11e-05;2748;-1;1;17599.0;2748.0;413.0;312.0;3023.64;3600.17;66937500.0;singleobj-opl-reprjob-LB-WS-noUB;114;setupcosts
1787;~/minizinc-executables/mzn-gurobi.sh ~/oven-scheduling-problem/solution-methods/minizinc-models/withLowerBounds/direct-batch-pos-tardiness-objective.mzn $file --time-limit 3600000 -v;../../instancesUC1withLB/mzn/114_oven_scheduling.minizinc_instance_3012-13.24.59.dzn;1;-1.0;-1;-1;-1;;;;;2998.3238;;;singleobj-mzn-gurobi-LB-noUB;114;tardiness
1788;~/minizinc-executables/mzn-gurobi.sh $file ~/oven-scheduling-problem/solution-methods/minizinc-models/withLowerBounds/direct-batch-pos-warmstart-noUB-tardiness-objective.mzn $1 -d $2 --time-limit 3600000 -v;../../instancesUC1withLB/mzn/114_oven_scheduling.minizinc_instance_3012-13.24.59.dzn ../../instancesUC1withLB/mzn/warmstart/114_warm_start_114RandomOvenSchedulingInstance-n500-k5-a2--2312-10.36.44.dzn;1;0.470618786;31502045;-1;1;23643.0;3797.0;226.0;410.0;3677.3596;4287.4976;66937500.0;singleobj-mzn-gurobiWS-LB-noUB;114;tardiness
1789;~/opl-executable/opl.sh ~/oven-scheduling-problem/solution-methods/cp-optimizer-models/withLB/interval-repr-jobs-noUB-tardiness.mod $file;../../instancesUC1withLB/opl/114_oven_scheduling.cpoptimizer_instance_3012-13.24.59.dat;1;4.47e-06;299;-1;1;25218.0;4873.0;299.0;498.0;3010.06;3600.17;66937500.0;singleobj-opl-reprjob-LB-noUB;114;tardiness
1790;~/opl-executable/opl.sh ~/oven-scheduling-problem/solution-methods/cp-optimizer-models/withLB/interval-repr-jobs-warmstart-noUB-tardiness.mod $file;../../instancesUC1withLB/opl/warmstartDataOplDec24/114_warm_start_114RandomOvenSchedulingInstance-n500-k5-a2--2312-10.36.44.dat;1;3.36e-06;225;-1;1;21897.0;4032.0;225.0;427.0;3030.74;3600.17;66937500.0;singleobj-opl-reprjob-LB-WS-noUB;114;tardiness
1791;~/minizinc-executables/mzn-gurobi.sh ~/oven-scheduling-problem/solution-methods/minizinc-models/withLowerBounds/direct-batch-pos-batchcount-objective.mzn $file --time-limit 3600000 -v;../../instancesUC1withLB/mzn/115_oven_scheduling.minizinc_instance_3012-13.25.01.dzn;1;-1.0;-1;-1;-1;;;;;2996.7777;;;singleobj-mzn-gurobi-LB-noUB;115;batchcount
1792;~/minizinc-executables/mzn-gurobi.sh $file ~/oven-scheduling-problem/solution-methods/minizinc-models/withLowerBounds/direct-batch-pos-warmstart-noUB-batchcount-objective.mzn $1 -d $2 --time-limit 3600000 -v;../../instancesUC1withLB/mzn/115_oven_scheduling.minizinc_instance_3012-13.25.01.dzn ../../instancesUC1withLB/mzn/warmstart/115_warm_start_115RandomOvenSchedulingInstance-n500-k5-a2--2312-10.37.20.dzn;1;-1.0;-1;-1;-1;;;;;2999.7221;;;singleobj-mzn-gurobiWS-LB-noUB;115;batchcount
1793;~/opl-executable/opl.sh ~/oven-scheduling-problem/solution-methods/cp-optimizer-models/withLB/interval-repr-jobs-noUB-batchcount.mod $file;../../instancesUC1withLB/opl/115_oven_scheduling.cpoptimizer_instance_3012-13.25.01.dat;1;0.000936508;295;-1;1;1957.0;0.0;500.0;295.0;2485.27;3603.15;315000.0;singleobj-opl-reprjob-LB-noUB;115;batchcount
1794;~/opl-executable/opl.sh ~/oven-scheduling-problem/solution-methods/cp-optimizer-models/withLB/interval-repr-jobs-warmstart-noUB-batchcount.mod $file;../../instancesUC1withLB/opl/warmstartDataOplDec24/115_warm_start_115RandomOvenSchedulingInstance-n500-k5-a2--2312-10.37.20.dat;1;0.000904762;285;-1;1;1958.0;0.0;500.0;285.0;2472.7;3600.17;315000.0;singleobj-opl-reprjob-LB-WS-noUB;115;batchcount
1795;~/minizinc-executables/mzn-gurobi.sh ~/oven-scheduling-problem/solution-methods/minizinc-models/withLowerBounds/direct-batch-pos-ovenruntime-objective.mzn $file --time-limit 3600000 -v;../../instancesUC1withLB/mzn/115_oven_scheduling.minizinc_instance_3012-13.25.01.dzn;1;-1.0;-1;-1;-1;;;;;3006.1473;;;singleobj-mzn-gurobi-LB-noUB;115;ovenruntime
1796;~/minizinc-executables/mzn-gurobi.sh $file ~/oven-scheduling-problem/solution-methods/minizinc-models/withLowerBounds/direct-batch-pos-warmstart-noUB-ovenruntime-objective.mzn $1 -d $2 --time-limit 3600000 -v;../../instancesUC1withLB/mzn/115_oven_scheduling.minizinc_instance_3012-13.25.01.dzn ../../instancesUC1withLB/mzn/warmstart/115_warm_start_115RandomOvenSchedulingInstance-n500-k5-a2--2312-10.37.20.dzn;1;-1.0;-1;-1;-1;;;;;3007.8049;;;singleobj-mzn-gurobiWS-LB-noUB;115;ovenruntime
1797;~/opl-executable/opl.sh ~/oven-scheduling-problem/solution-methods/cp-optimizer-models/withLB/interval-repr-jobs-noUB-ovenruntime.mod $file;../../instancesUC1withLB/opl/115_oven_scheduling.cpoptimizer_instance_3012-13.25.01.dat;1;0.005742857;1809;-1;1;1809.0;0.0;500.0;287.0;2465.03;3600.17;315000.0;singleobj-opl-reprjob-LB-noUB;115;ovenruntime
1798;~/opl-executable/opl.sh ~/oven-scheduling-problem/solution-methods/cp-optimizer-models/withLB/interval-repr-jobs-warmstart-noUB-ovenruntime.mod $file;../../instancesUC1withLB/opl/warmstartDataOplDec24/115_warm_start_115RandomOvenSchedulingInstance-n500-k5-a2--2312-10.37.20.dat;1;0.005625397;1772;-1;1;1772.0;0.0;500.0;283.0;2473.17;3600.17;315000.0;singleobj-opl-reprjob-LB-WS-noUB;115;ovenruntime
1799;~/minizinc-executables/mzn-gurobi.sh ~/oven-scheduling-problem/solution-methods/minizinc-models/withLowerBounds/direct-batch-pos-setupcosts-objective.mzn $file --time-limit 3600000 -v;../../instancesUC1withLB/mzn/115_oven_scheduling.minizinc_instance_3012-13.25.01.dzn;1;-1.0;-1;-1;-1;;;;;3003.2301;;;singleobj-mzn-gurobi-LB-noUB;115;setupcosts
1800;~/minizinc-executables/mzn-gurobi.sh $file ~/oven-scheduling-problem/solution-methods/minizinc-models/withLowerBounds/direct-batch-pos-warmstart-noUB-setupcosts-objective.mzn $1 -d $2 --time-limit 3600000 -v;../../instancesUC1withLB/mzn/115_oven_scheduling.minizinc_instance_3012-13.25.01.dzn ../../instancesUC1withLB/mzn/warmstart/115_warm_start_115RandomOvenSchedulingInstance-n500-k5-a2--2312-10.37.20.dzn;1;-1.0;-1;-1;-1;;;;;3009.0473;;;singleobj-mzn-gurobiWS-LB-noUB;115;setupcosts
1801;~/opl-executable/opl.sh ~/oven-scheduling-problem/solution-methods/cp-optimizer-models/withLB/interval-repr-jobs-noUB-setupcosts.mod $file;../../instancesUC1withLB/opl/115_oven_scheduling.cpoptimizer_instance_3012-13.25.01.dat;1;0.0;0;1;1;2937.0;0.0;500.0;500.0;27.67;1158.06;315000.0;singleobj-opl-reprjob-LB-noUB;115;setupcosts
1802;~/opl-executable/opl.sh ~/oven-scheduling-problem/solution-methods/cp-optimizer-models/withLB/interval-repr-jobs-warmstart-noUB-setupcosts.mod $file;../../instancesUC1withLB/opl/warmstartDataOplDec24/115_warm_start_115RandomOvenSchedulingInstance-n500-k5-a2--2312-10.37.20.dat;1;0.0;0;1;1;1958.0;0.0;500.0;285.0;9.08;1114.85;315000.0;singleobj-opl-reprjob-LB-WS-noUB;115;setupcosts
1803;~/minizinc-executables/mzn-gurobi.sh ~/oven-scheduling-problem/solution-methods/minizinc-models/withLowerBounds/direct-batch-pos-tardiness-objective.mzn $file --time-limit 3600000 -v;../../instancesUC1withLB/mzn/115_oven_scheduling.minizinc_instance_3012-13.25.01.dzn;1;-1.0;-1;-1;-1;;;;;2996.5495;;;singleobj-mzn-gurobi-LB-noUB;115;tardiness
1804;~/minizinc-executables/mzn-gurobi.sh $file ~/oven-scheduling-problem/solution-methods/minizinc-models/withLowerBounds/direct-batch-pos-warmstart-noUB-tardiness-objective.mzn $1 -d $2 --time-limit 3600000 -v;../../instancesUC1withLB/mzn/115_oven_scheduling.minizinc_instance_3012-13.25.01.dzn ../../instancesUC1withLB/mzn/warmstart/115_warm_start_115RandomOvenSchedulingInstance-n500-k5-a2--2312-10.37.20.dzn;1;-1.0;-1;-1;-1;;;;;2937.0642;;;singleobj-mzn-gurobiWS-LB-noUB;115;tardiness
1805;~/opl-executable/opl.sh ~/oven-scheduling-problem/solution-methods/cp-optimizer-models/withLB/interval-repr-jobs-noUB-tardiness.mod $file;../../instancesUC1withLB/opl/115_oven_scheduling.cpoptimizer_instance_3012-13.25.01.dat;1;0.001587302;500;1;1;2937.0;0.0;500.0;500.0;78.5;1199.49;315000.0;singleobj-opl-reprjob-LB-noUB;115;tardiness
1806;~/opl-executable/opl.sh ~/oven-scheduling-problem/solution-methods/cp-optimizer-models/withLB/interval-repr-jobs-warmstart-noUB-tardiness.mod $file;../../instancesUC1withLB/opl/warmstartDataOplDec24/115_warm_start_115RandomOvenSchedulingInstance-n500-k5-a2--2312-10.37.20.dat;1;0.001587302;500;1;1;1958.0;0.0;500.0;285.0;9.0;1100.95;315000.0;singleobj-opl-reprjob-LB-WS-noUB;115;tardiness
1807;~/minizinc-executables/mzn-gurobi.sh ~/oven-scheduling-problem/solution-methods/minizinc-models/withLowerBounds/direct-batch-pos-batchcount-objective.mzn $file --time-limit 3600000 -v;../../instancesUC1withLB/mzn/116_oven_scheduling.minizinc_instance_1212-10.36.35.dzn;1;-1.0;-1;-1;-1;;;;;2998.2323;;;singleobj-mzn-gurobi-LB-noUB;116;batchcount
1808;~/minizinc-executables/mzn-gurobi.sh $file ~/oven-scheduling-problem/solution-methods/minizinc-models/withLowerBounds/direct-batch-pos-warmstart-noUB-batchcount-objective.mzn $1 -d $2 --time-limit 3600000 -v;../../instancesUC1withLB/mzn/116_oven_scheduling.minizinc_instance_1212-10.36.35.dzn ../../instancesUC1withLB/mzn/warmstart/116_warm_start_116RandomOvenSchedulingInstance-n500-k5-a5--2312-10.43.12.dzn;1;0.940501587;296258;-1;1;608.0;142.0;489.0;71.0;3659.96;4306.713;315000.0;singleobj-mzn-gurobiWS-LB-noUB;116;batchcount
1809;~/opl-executable/opl.sh ~/oven-scheduling-problem/solution-methods/cp-optimizer-models/withLB/interval-repr-jobs-noUB-batchcount.mod $file;../../instancesUC1withLB/opl/116_oven_scheduling.cpoptimizer_instance_1212-10.36.35.dat;1;0.000152381;48;-1;1;411.0;96.0;499.0;48.0;3324.88;3600.13;315000.0;singleobj-opl-reprjob-LB-noUB;116;batchcount
1810;~/opl-executable/opl.sh ~/oven-scheduling-problem/solution-methods/cp-optimizer-models/withLB/interval-repr-jobs-warmstart-noUB-batchcount.mod $file;../../instancesUC1withLB/opl/warmstartDataOplDec24/116_warm_start_116RandomOvenSchedulingInstance-n500-k5-a5--2312-10.43.12.dat;1;0.000149206;47;-1;1;383.0;94.0;499.0;47.0;3326.45;3600.15;315000.0;singleobj-opl-reprjob-LB-WS-noUB;116;batchcount
1811;~/minizinc-executables/mzn-gurobi.sh ~/oven-scheduling-problem/solution-methods/minizinc-models/withLowerBounds/direct-batch-pos-ovenruntime-objective.mzn $file --time-limit 3600000 -v;../../instancesUC1withLB/mzn/116_oven_scheduling.minizinc_instance_1212-10.36.35.dzn;1;-1.0;-1;-1;-1;;;;;2997.1482;;;singleobj-mzn-gurobi-LB-noUB;116;ovenruntime
1812;~/minizinc-executables/mzn-gurobi.sh $file ~/oven-scheduling-problem/solution-methods/minizinc-models/withLowerBounds/direct-batch-pos-warmstart-noUB-ovenruntime-objective.mzn $1 -d $2 --time-limit 3600000 -v;../../instancesUC1withLB/mzn/116_oven_scheduling.minizinc_instance_1212-10.36.35.dzn ../../instancesUC1withLB/mzn/warmstart/116_warm_start_116RandomOvenSchedulingInstance-n500-k5-a5--2312-10.43.12.dzn;1;-1.0;-1;-1;-1;;;;;2998.3309;;;singleobj-mzn-gurobiWS-LB-noUB;116;ovenruntime
1813;~/opl-executable/opl.sh ~/oven-scheduling-problem/solution-methods/cp-optimizer-models/withLB/interval-repr-jobs-noUB-ovenruntime.mod $file;../../instancesUC1withLB/opl/116_oven_scheduling.cpoptimizer_instance_1212-10.36.35.dat;1;0.001542857;486;-1;1;486.0;132.0;497.0;66.0;3325.11;3600.15;315000.0;singleobj-opl-reprjob-LB-noUB;116;ovenruntime
1814;~/opl-executable/opl.sh ~/oven-scheduling-problem/solution-methods/cp-optimizer-models/withLB/interval-repr-jobs-warmstart-noUB-ovenruntime.mod $file;../../instancesUC1withLB/opl/warmstartDataOplDec24/116_warm_start_116RandomOvenSchedulingInstance-n500-k5-a5--2312-10.43.12.dat;1;0.001269841;400;-1;1;400.0;116.0;495.0;58.0;3324.27;3600.15;315000.0;singleobj-opl-reprjob-LB-WS-noUB;116;ovenruntime
1815;~/minizinc-executables/mzn-gurobi.sh ~/oven-scheduling-problem/solution-methods/minizinc-models/withLowerBounds/direct-batch-pos-setupcosts-objective.mzn $file --time-limit 3600000 -v;../../instancesUC1withLB/mzn/116_oven_scheduling.minizinc_instance_1212-10.36.35.dzn;1;-1.0;-1;-1;-1;;;;;3004.8294;;;singleobj-mzn-gurobi-LB-noUB;116;setupcosts
1816;~/minizinc-executables/mzn-gurobi.sh $file ~/oven-scheduling-problem/solution-methods/minizinc-models/withLowerBounds/direct-batch-pos-warmstart-noUB-setupcosts-objective.mzn $1 -d $2 --time-limit 3600000 -v;../../instancesUC1withLB/mzn/116_oven_scheduling.minizinc_instance_1212-10.36.35.dzn ../../instancesUC1withLB/mzn/warmstart/116_warm_start_116RandomOvenSchedulingInstance-n500-k5-a5--2312-10.43.12.dzn;1;-1.0;-1;-1;-1;;;;;2993.5738;;;singleobj-mzn-gurobiWS-LB-noUB;116;setupcosts
1817;~/opl-executable/opl.sh ~/oven-scheduling-problem/solution-methods/cp-optimizer-models/withLB/interval-repr-jobs-noUB-setupcosts.mod $file;../../instancesUC1withLB/opl/116_oven_scheduling.cpoptimizer_instance_1212-10.36.35.dat;1;0.000355556;112;-1;1;445.0;112.0;498.0;56.0;3317.34;3600.14;315000.0;singleobj-opl-reprjob-LB-noUB;116;setupcosts
1818;~/opl-executable/opl.sh ~/oven-scheduling-problem/solution-methods/cp-optimizer-models/withLB/interval-repr-jobs-warmstart-noUB-setupcosts.mod $file;../../instancesUC1withLB/opl/warmstartDataOplDec24/116_warm_start_116RandomOvenSchedulingInstance-n500-k5-a5--2312-10.43.12.dat;1;0.000298413;94;-1;1;385.0;94.0;498.0;47.0;3322.89;3600.15;315000.0;singleobj-opl-reprjob-LB-WS-noUB;116;setupcosts
1819;~/minizinc-executables/mzn-gurobi.sh ~/oven-scheduling-problem/solution-methods/minizinc-models/withLowerBounds/direct-batch-pos-tardiness-objective.mzn $file --time-limit 3600000 -v;../../instancesUC1withLB/mzn/116_oven_scheduling.minizinc_instance_1212-10.36.35.dzn;1;-1.0;-1;-1;-1;;;;;2997.1373;;;singleobj-mzn-gurobi-LB-noUB;116;tardiness
1820;~/minizinc-executables/mzn-gurobi.sh $file ~/oven-scheduling-problem/solution-methods/minizinc-models/withLowerBounds/direct-batch-pos-warmstart-noUB-tardiness-objective.mzn $1 -d $2 --time-limit 3600000 -v;../../instancesUC1withLB/mzn/116_oven_scheduling.minizinc_instance_1212-10.36.35.dzn ../../instancesUC1withLB/mzn/warmstart/116_warm_start_116RandomOvenSchedulingInstance-n500-k5-a5--2312-10.43.12.dzn;1;-1.0;-1;-1;-1;;;;;2998.9972;;;singleobj-mzn-gurobiWS-LB-noUB;116;tardiness
1821;~/opl-executable/opl.sh ~/oven-scheduling-problem/solution-methods/cp-optimizer-models/withLB/interval-repr-jobs-noUB-tardiness.mod $file;../../instancesUC1withLB/opl/116_oven_scheduling.cpoptimizer_instance_1212-10.36.35.dat;1;0.001396825;440;-1;1;1231.0;428.0;440.0;214.0;3314.4;3600.13;315000.0;singleobj-opl-reprjob-LB-noUB;116;tardiness
1822;~/opl-executable/opl.sh ~/oven-scheduling-problem/solution-methods/cp-optimizer-models/withLB/interval-repr-jobs-warmstart-noUB-tardiness.mod $file;../../instancesUC1withLB/opl/warmstartDataOplDec24/116_warm_start_116RandomOvenSchedulingInstance-n500-k5-a5--2312-10.43.12.dat;1;0.001406349;443;-1;1;564.0;148.0;443.0;74.0;3334.08;3600.13;315000.0;singleobj-opl-reprjob-LB-WS-noUB;116;tardiness
1823;~/minizinc-executables/mzn-gurobi.sh ~/oven-scheduling-problem/solution-methods/minizinc-models/withLowerBounds/direct-batch-pos-batchcount-objective.mzn $file --time-limit 3600000 -v;../../instancesUC1withLB/mzn/117_oven_scheduling.minizinc_instance_3012-13.25.05.dzn;1;-1.0;-1;-1;-1;;;;;2963.9172;;;singleobj-mzn-gurobi-LB-noUB;117;batchcount
1824;~/minizinc-executables/mzn-gurobi.sh $file ~/oven-scheduling-problem/solution-methods/minizinc-models/withLowerBounds/direct-batch-pos-warmstart-noUB-batchcount-objective.mzn $1 -d $2 --time-limit 3600000 -v;../../instancesUC1withLB/mzn/117_oven_scheduling.minizinc_instance_3012-13.25.05.dzn ../../instancesUC1withLB/mzn/warmstart/117_warm_start_117RandomOvenSchedulingInstance-n500-k5-a5--2312-10.43.31.dzn;1;-1.0;-1;-1;-1;;;;;2963.8128;;;singleobj-mzn-gurobiWS-LB-noUB;117;batchcount
1825;~/opl-executable/opl.sh ~/oven-scheduling-problem/solution-methods/cp-optimizer-models/withLB/interval-repr-jobs-noUB-batchcount.mod $file;../../instancesUC1withLB/opl/117_oven_scheduling.cpoptimizer_instance_3012-13.25.05.dat;1;0.000987302;311;-1;1;1834.0;622.0;498.0;311.0;3366.21;3600.14;315000.0;singleobj-opl-reprjob-LB-noUB;117;batchcount
1826;~/opl-executable/opl.sh ~/oven-scheduling-problem/solution-methods/cp-optimizer-models/withLB/interval-repr-jobs-warmstart-noUB-batchcount.mod $file;../../instancesUC1withLB/opl/warmstartDataOplDec24/117_warm_start_117RandomOvenSchedulingInstance-n500-k5-a5--2312-10.43.31.dat;1;0.001031746;325;-1;1;1926.0;650.0;498.0;325.0;3375.15;3600.15;315000.0;singleobj-opl-reprjob-LB-WS-noUB;117;batchcount
1827;~/minizinc-executables/mzn-gurobi.sh ~/oven-scheduling-problem/solution-methods/minizinc-models/withLowerBounds/direct-batch-pos-ovenruntime-objective.mzn $file --time-limit 3600000 -v;../../instancesUC1withLB/mzn/117_oven_scheduling.minizinc_instance_3012-13.25.05.dzn;1;-1.0;-1;-1;-1;;;;;2959.2075;;;singleobj-mzn-gurobi-LB-noUB;117;ovenruntime
1828;~/minizinc-executables/mzn-gurobi.sh $file ~/oven-scheduling-problem/solution-methods/minizinc-models/withLowerBounds/direct-batch-pos-warmstart-noUB-ovenruntime-objective.mzn $1 -d $2 --time-limit 3600000 -v;../../instancesUC1withLB/mzn/117_oven_scheduling.minizinc_instance_3012-13.25.05.dzn ../../instancesUC1withLB/mzn/warmstart/117_warm_start_117RandomOvenSchedulingInstance-n500-k5-a5--2312-10.43.31.dzn;1;-1.0;-1;-1;-1;;;;;2971.9001;;;singleobj-mzn-gurobiWS-LB-noUB;117;ovenruntime
1829;~/opl-executable/opl.sh ~/oven-scheduling-problem/solution-methods/cp-optimizer-models/withLB/interval-repr-jobs-noUB-ovenruntime.mod $file;../../instancesUC1withLB/opl/117_oven_scheduling.cpoptimizer_instance_3012-13.25.05.dat;1;0.005657143;1782;-1;1;1782.0;614.0;499.0;307.0;3368.95;3600.15;315000.0;singleobj-opl-reprjob-LB-noUB;117;ovenruntime
1830;~/opl-executable/opl.sh ~/oven-scheduling-problem/solution-methods/cp-optimizer-models/withLB/interval-repr-jobs-warmstart-noUB-ovenruntime.mod $file;../../instancesUC1withLB/opl/warmstartDataOplDec24/117_warm_start_117RandomOvenSchedulingInstance-n500-k5-a5--2312-10.43.31.dat;1;0.006101587;1922;-1;1;1922.0;652.0;498.0;326.0;3365.57;3600.16;315000.0;singleobj-opl-reprjob-LB-WS-noUB;117;ovenruntime
1831;~/minizinc-executables/mzn-gurobi.sh ~/oven-scheduling-problem/solution-methods/minizinc-models/withLowerBounds/direct-batch-pos-setupcosts-objective.mzn $file --time-limit 3600000 -v;../../instancesUC1withLB/mzn/117_oven_scheduling.minizinc_instance_3012-13.25.05.dzn;1;-1.0;-1;-1;-1;;;;;2955.6096;;;singleobj-mzn-gurobi-LB-noUB;117;setupcosts
1832;~/minizinc-executables/mzn-gurobi.sh $file ~/oven-scheduling-problem/solution-methods/minizinc-models/withLowerBounds/direct-batch-pos-warmstart-noUB-setupcosts-objective.mzn $1 -d $2 --time-limit 3600000 -v;../../instancesUC1withLB/mzn/117_oven_scheduling.minizinc_instance_3012-13.25.05.dzn ../../instancesUC1withLB/mzn/warmstart/117_warm_start_117RandomOvenSchedulingInstance-n500-k5-a5--2312-10.43.31.dzn;1;-1.0;-1;-1;-1;;;;;2972.544;;;singleobj-mzn-gurobiWS-LB-noUB;117;setupcosts
1833;~/opl-executable/opl.sh ~/oven-scheduling-problem/solution-methods/cp-optimizer-models/withLB/interval-repr-jobs-noUB-setupcosts.mod $file;../../instancesUC1withLB/opl/117_oven_scheduling.cpoptimizer_instance_3012-13.25.05.dat;1;0.001961905;618;-1;1;1835.0;618.0;499.0;309.0;3369.97;3600.16;315000.0;singleobj-opl-reprjob-LB-noUB;117;setupcosts
1834;~/opl-executable/opl.sh ~/oven-scheduling-problem/solution-methods/cp-optimizer-models/withLB/interval-repr-jobs-warmstart-noUB-setupcosts.mod $file;../../instancesUC1withLB/opl/warmstartDataOplDec24/117_warm_start_117RandomOvenSchedulingInstance-n500-k5-a5--2312-10.43.31.dat;1;0.002063492;650;-1;1;1926.0;650.0;498.0;325.0;3369.41;3600.15;315000.0;singleobj-opl-reprjob-LB-WS-noUB;117;setupcosts
1835;~/minizinc-executables/mzn-gurobi.sh ~/oven-scheduling-problem/solution-methods/minizinc-models/withLowerBounds/direct-batch-pos-tardiness-objective.mzn $file --time-limit 3600000 -v;../../instancesUC1withLB/mzn/117_oven_scheduling.minizinc_instance_3012-13.25.05.dzn;1;-1.0;-1;-1;-1;;;;;2966.7779;;;singleobj-mzn-gurobi-LB-noUB;117;tardiness
1836;~/minizinc-executables/mzn-gurobi.sh $file ~/oven-scheduling-problem/solution-methods/minizinc-models/withLowerBounds/direct-batch-pos-warmstart-noUB-tardiness-objective.mzn $1 -d $2 --time-limit 3600000 -v;../../instancesUC1withLB/mzn/117_oven_scheduling.minizinc_instance_3012-13.25.05.dzn ../../instancesUC1withLB/mzn/warmstart/117_warm_start_117RandomOvenSchedulingInstance-n500-k5-a5--2312-10.43.31.dzn;1;-1.0;-1;-1;-1;;;;;2952.4142;;;singleobj-mzn-gurobiWS-LB-noUB;117;tardiness
1837;~/opl-executable/opl.sh ~/oven-scheduling-problem/solution-methods/cp-optimizer-models/withLB/interval-repr-jobs-noUB-tardiness.mod $file;../../instancesUC1withLB/opl/117_oven_scheduling.cpoptimizer_instance_3012-13.25.05.dat;1;0.001520635;479;-1;1;2546.0;930.0;479.0;465.0;3370.08;3600.16;315000.0;singleobj-opl-reprjob-LB-noUB;117;tardiness
1838;~/opl-executable/opl.sh ~/oven-scheduling-problem/solution-methods/cp-optimizer-models/withLB/interval-repr-jobs-warmstart-noUB-tardiness.mod $file;../../instancesUC1withLB/opl/warmstartDataOplDec24/117_warm_start_117RandomOvenSchedulingInstance-n500-k5-a5--2312-10.43.31.dat;1;0.001526984;481;-1;1;2586.0;954.0;481.0;477.0;3370.73;3600.15;315000.0;singleobj-opl-reprjob-LB-WS-noUB;117;tardiness
1839;~/minizinc-executables/mzn-gurobi.sh ~/oven-scheduling-problem/solution-methods/minizinc-models/withLowerBounds/direct-batch-pos-batchcount-objective.mzn $file --time-limit 3600000 -v;../../instancesUC1withLB/mzn/118_oven_scheduling.minizinc_instance_1212-10.36.40.dzn;1;-1.0;-1;-1;-1;;;;;2992.7313;;;singleobj-mzn-gurobi-LB-noUB;118;batchcount
1840;~/minizinc-executables/mzn-gurobi.sh $file ~/oven-scheduling-problem/solution-methods/minizinc-models/withLowerBounds/direct-batch-pos-warmstart-noUB-batchcount-objective.mzn $1 -d $2 --time-limit 3600000 -v;../../instancesUC1withLB/mzn/118_oven_scheduling.minizinc_instance_1212-10.36.40.dzn ../../instancesUC1withLB/mzn/warmstart/118_warm_start_118RandomOvenSchedulingInstance-n500-k5-a5--2312-10.44.39.dzn;1;-1.0;-1;-1;-1;;;;;2996.9581;;;singleobj-mzn-gurobiWS-LB-noUB;118;batchcount
1841;~/opl-executable/opl.sh ~/oven-scheduling-problem/solution-methods/cp-optimizer-models/withLB/interval-repr-jobs-noUB-batchcount.mod $file;../../instancesUC1withLB/opl/118_oven_scheduling.cpoptimizer_instance_1212-10.36.39.dat;1;0.000469841;148;-1;1;1026.0;0.0;500.0;148.0;2991.2;3600.18;315000.0;singleobj-opl-reprjob-LB-noUB;118;batchcount
1842;~/opl-executable/opl.sh ~/oven-scheduling-problem/solution-methods/cp-optimizer-models/withLB/interval-repr-jobs-warmstart-noUB-batchcount.mod $file;../../instancesUC1withLB/opl/warmstartDataOplDec24/118_warm_start_118RandomOvenSchedulingInstance-n500-k5-a5--2312-10.44.39.dat;1;0.000501587;158;-1;1;1206.0;0.0;500.0;158.0;3006.1;3600.15;315000.0;singleobj-opl-reprjob-LB-WS-noUB;118;batchcount
1843;~/minizinc-executables/mzn-gurobi.sh ~/oven-scheduling-problem/solution-methods/minizinc-models/withLowerBounds/direct-batch-pos-ovenruntime-objective.mzn $file --time-limit 3600000 -v;../../instancesUC1withLB/mzn/118_oven_scheduling.minizinc_instance_1212-10.36.40.dzn;1;-1.0;-1;-1;-1;;;;;2997.8993;;;singleobj-mzn-gurobi-LB-noUB;118;ovenruntime
1844;~/minizinc-executables/mzn-gurobi.sh $file ~/oven-scheduling-problem/solution-methods/minizinc-models/withLowerBounds/direct-batch-pos-warmstart-noUB-ovenruntime-objective.mzn $1 -d $2 --time-limit 3600000 -v;../../instancesUC1withLB/mzn/118_oven_scheduling.minizinc_instance_1212-10.36.40.dzn ../../instancesUC1withLB/mzn/warmstart/118_warm_start_118RandomOvenSchedulingInstance-n500-k5-a5--2312-10.44.39.dzn;1;-1.0;-1;-1;-1;;;;;2996.7122;;;singleobj-mzn-gurobiWS-LB-noUB;118;ovenruntime
1845;~/opl-executable/opl.sh ~/oven-scheduling-problem/solution-methods/cp-optimizer-models/withLB/interval-repr-jobs-noUB-ovenruntime.mod $file;../../instancesUC1withLB/opl/118_oven_scheduling.cpoptimizer_instance_1212-10.36.39.dat;1;0.003850794;1213;-1;1;1213.0;0.0;500.0;204.0;2985.5;3600.14;315000.0;singleobj-opl-reprjob-LB-noUB;118;ovenruntime
1846;~/opl-executable/opl.sh ~/oven-scheduling-problem/solution-methods/cp-optimizer-models/withLB/interval-repr-jobs-warmstart-noUB-ovenruntime.mod $file;../../instancesUC1withLB/opl/warmstartDataOplDec24/118_warm_start_118RandomOvenSchedulingInstance-n500-k5-a5--2312-10.44.39.dat;1;0.00304127;958;-1;1;958.0;0.0;500.0;150.0;3004.2;3600.15;315000.0;singleobj-opl-reprjob-LB-WS-noUB;118;ovenruntime
1847;~/minizinc-executables/mzn-gurobi.sh ~/oven-scheduling-problem/solution-methods/minizinc-models/withLowerBounds/direct-batch-pos-setupcosts-objective.mzn $file --time-limit 3600000 -v;../../instancesUC1withLB/mzn/118_oven_scheduling.minizinc_instance_1212-10.36.40.dzn;1;-1.0;-1;-1;-1;;;;;3001.5947;;;singleobj-mzn-gurobi-LB-noUB;118;setupcosts
1848;~/minizinc-executables/mzn-gurobi.sh $file ~/oven-scheduling-problem/solution-methods/minizinc-models/withLowerBounds/direct-batch-pos-warmstart-noUB-setupcosts-objective.mzn $1 -d $2 --time-limit 3600000 -v;../../instancesUC1withLB/mzn/118_oven_scheduling.minizinc_instance_1212-10.36.40.dzn ../../instancesUC1withLB/mzn/warmstart/118_warm_start_118RandomOvenSchedulingInstance-n500-k5-a5--2312-10.44.39.dzn;1;-1.0;-1;-1;-1;;;;;2993.0908;;;singleobj-mzn-gurobiWS-LB-noUB;118;setupcosts
1849;~/opl-executable/opl.sh ~/oven-scheduling-problem/solution-methods/cp-optimizer-models/withLB/interval-repr-jobs-noUB-setupcosts.mod $file;../../instancesUC1withLB/opl/118_oven_scheduling.cpoptimizer_instance_1212-10.36.39.dat;1;0.0;0;1;1;2690.0;0.0;500.0;499.0;23.22;623.79;315000.0;singleobj-opl-reprjob-LB-noUB;118;setupcosts
1850;~/opl-executable/opl.sh ~/oven-scheduling-problem/solution-methods/cp-optimizer-models/withLB/interval-repr-jobs-warmstart-noUB-setupcosts.mod $file;../../instancesUC1withLB/opl/warmstartDataOplDec24/118_warm_start_118RandomOvenSchedulingInstance-n500-k5-a5--2312-10.44.39.dat;1;0.0;0;1;1;1214.0;0.0;500.0;159.0;7.1;600.92;315000.0;singleobj-opl-reprjob-LB-WS-noUB;118;setupcosts
1851;~/minizinc-executables/mzn-gurobi.sh ~/oven-scheduling-problem/solution-methods/minizinc-models/withLowerBounds/direct-batch-pos-tardiness-objective.mzn $file --time-limit 3600000 -v;../../instancesUC1withLB/mzn/118_oven_scheduling.minizinc_instance_1212-10.36.40.dzn;1;-1.0;-1;-1;-1;;;;;2992.3317;;;singleobj-mzn-gurobi-LB-noUB;118;tardiness
1852;~/minizinc-executables/mzn-gurobi.sh $file ~/oven-scheduling-problem/solution-methods/minizinc-models/withLowerBounds/direct-batch-pos-warmstart-noUB-tardiness-objective.mzn $1 -d $2 --time-limit 3600000 -v;../../instancesUC1withLB/mzn/118_oven_scheduling.minizinc_instance_1212-10.36.40.dzn ../../instancesUC1withLB/mzn/warmstart/118_warm_start_118RandomOvenSchedulingInstance-n500-k5-a5--2312-10.44.39.dzn;1;-1.0;-1;-1;-1;;;;;2954.8395;;;singleobj-mzn-gurobiWS-LB-noUB;118;tardiness
1853;~/opl-executable/opl.sh ~/oven-scheduling-problem/solution-methods/cp-optimizer-models/withLB/interval-repr-jobs-noUB-tardiness.mod $file;../../instancesUC1withLB/opl/118_oven_scheduling.cpoptimizer_instance_1212-10.36.39.dat;1;0.001587302;500;1;1;2001.0;0.0;500.0;366.0;30.67;634.08;315000.0;singleobj-opl-reprjob-LB-noUB;118;tardiness
1854;~/opl-executable/opl.sh ~/oven-scheduling-problem/solution-methods/cp-optimizer-models/withLB/interval-repr-jobs-warmstart-noUB-tardiness.mod $file;../../instancesUC1withLB/opl/warmstartDataOplDec24/118_warm_start_118RandomOvenSchedulingInstance-n500-k5-a5--2312-10.44.39.dat;1;0.001587302;500;1;1;1214.0;0.0;500.0;159.0;1.92;592.92;315000.0;singleobj-opl-reprjob-LB-WS-noUB;118;tardiness
1855;~/minizinc-executables/mzn-gurobi.sh ~/oven-scheduling-problem/solution-methods/minizinc-models/withLowerBounds/direct-batch-pos-batchcount-objective.mzn $file --time-limit 3600000 -v;../../instancesUC1withLB/mzn/119_oven_scheduling.minizinc_instance_3012-13.25.09.dzn;1;-1.0;-1;-1;-1;;;;;2944.1471;;;singleobj-mzn-gurobi-LB-noUB;119;batchcount
1856;~/minizinc-executables/mzn-gurobi.sh $file ~/oven-scheduling-problem/solution-methods/minizinc-models/withLowerBounds/direct-batch-pos-warmstart-noUB-batchcount-objective.mzn $1 -d $2 --time-limit 3600000 -v;../../instancesUC1withLB/mzn/119_oven_scheduling.minizinc_instance_3012-13.25.09.dzn ../../instancesUC1withLB/mzn/warmstart/119_warm_start_119RandomOvenSchedulingInstance-n500-k5-a5--2312-10.45.22.dzn;1;-1.0;-1;-1;-1;;;;;2962.9631;;;singleobj-mzn-gurobiWS-LB-noUB;119;batchcount
1857;~/opl-executable/opl.sh ~/oven-scheduling-problem/solution-methods/cp-optimizer-models/withLB/interval-repr-jobs-noUB-batchcount.mod $file;../../instancesUC1withLB/opl/119_oven_scheduling.cpoptimizer_instance_3012-13.25.09.dat;1;0.001009524;318;-1;1;1908.0;561.0;499.0;318.0;3389.79;3600.15;315000.0;singleobj-opl-reprjob-LB-noUB;119;batchcount
1858;~/opl-executable/opl.sh ~/oven-scheduling-problem/solution-methods/cp-optimizer-models/withLB/interval-repr-jobs-warmstart-noUB-batchcount.mod $file;../../instancesUC1withLB/opl/warmstartDataOplDec24/119_warm_start_119RandomOvenSchedulingInstance-n500-k5-a5--2312-10.45.22.dat;1;0.001034921;326;-1;1;1948.0;891.0;499.0;326.0;3395.72;3600.17;315000.0;singleobj-opl-reprjob-LB-WS-noUB;119;batchcount
1859;~/minizinc-executables/mzn-gurobi.sh ~/oven-scheduling-problem/solution-methods/minizinc-models/withLowerBounds/direct-batch-pos-ovenruntime-objective.mzn $file --time-limit 3600000 -v;../../instancesUC1withLB/mzn/119_oven_scheduling.minizinc_instance_3012-13.25.09.dzn;1;-1.0;-1;-1;-1;;;;;2950.9587;;;singleobj-mzn-gurobi-LB-noUB;119;ovenruntime
1860;~/minizinc-executables/mzn-gurobi.sh $file ~/oven-scheduling-problem/solution-methods/minizinc-models/withLowerBounds/direct-batch-pos-warmstart-noUB-ovenruntime-objective.mzn $1 -d $2 --time-limit 3600000 -v;../../instancesUC1withLB/mzn/119_oven_scheduling.minizinc_instance_3012-13.25.09.dzn ../../instancesUC1withLB/mzn/warmstart/119_warm_start_119RandomOvenSchedulingInstance-n500-k5-a5--2312-10.45.22.dzn;1;-1.0;-1;-1;-1;;;;;2967.0182;;;singleobj-mzn-gurobiWS-LB-noUB;119;ovenruntime
1861;~/opl-executable/opl.sh ~/oven-scheduling-problem/solution-methods/cp-optimizer-models/withLB/interval-repr-jobs-noUB-ovenruntime.mod $file;../../instancesUC1withLB/opl/119_oven_scheduling.cpoptimizer_instance_3012-13.25.09.dat;1;0.005904762;1860;-1;1;1860.0;782.0;498.0;320.0;3397.15;3600.15;315000.0;singleobj-opl-reprjob-LB-noUB;119;ovenruntime
1862;~/opl-executable/opl.sh ~/oven-scheduling-problem/solution-methods/cp-optimizer-models/withLB/interval-repr-jobs-warmstart-noUB-ovenruntime.mod $file;../../instancesUC1withLB/opl/warmstartDataOplDec24/119_warm_start_119RandomOvenSchedulingInstance-n500-k5-a5--2312-10.45.22.dat;1;0.006184127;1948;-1;1;1948.0;891.0;499.0;326.0;3395.56;3600.15;315000.0;singleobj-opl-reprjob-LB-WS-noUB;119;ovenruntime
1863;~/minizinc-executables/mzn-gurobi.sh ~/oven-scheduling-problem/solution-methods/minizinc-models/withLowerBounds/direct-batch-pos-setupcosts-objective.mzn $file --time-limit 3600000 -v;../../instancesUC1withLB/mzn/119_oven_scheduling.minizinc_instance_3012-13.25.09.dzn;1;-1.0;-1;-1;-1;;;;;2950.1525;;;singleobj-mzn-gurobi-LB-noUB;119;setupcosts
1864;~/minizinc-executables/mzn-gurobi.sh $file ~/oven-scheduling-problem/solution-methods/minizinc-models/withLowerBounds/direct-batch-pos-warmstart-noUB-setupcosts-objective.mzn $1 -d $2 --time-limit 3600000 -v;../../instancesUC1withLB/mzn/119_oven_scheduling.minizinc_instance_3012-13.25.09.dzn ../../instancesUC1withLB/mzn/warmstart/119_warm_start_119RandomOvenSchedulingInstance-n500-k5-a5--2312-10.45.22.dzn;1;-1.0;-1;-1;-1;;;;;2950.3761;;;singleobj-mzn-gurobiWS-LB-noUB;119;setupcosts
1865;~/opl-executable/opl.sh ~/oven-scheduling-problem/solution-methods/cp-optimizer-models/withLB/interval-repr-jobs-noUB-setupcosts.mod $file;../../instancesUC1withLB/opl/119_oven_scheduling.cpoptimizer_instance_3012-13.25.09.dat;1;0.00148254;467;-1;1;2104.0;467.0;499.0;354.0;3394.0;3600.16;315000.0;singleobj-opl-reprjob-LB-noUB;119;setupcosts
1866;~/opl-executable/opl.sh ~/oven-scheduling-problem/solution-methods/cp-optimizer-models/withLB/interval-repr-jobs-warmstart-noUB-setupcosts.mod $file;../../instancesUC1withLB/opl/warmstartDataOplDec24/119_warm_start_119RandomOvenSchedulingInstance-n500-k5-a5--2312-10.45.22.dat;1;0.002828571;891;-1;1;1948.0;891.0;499.0;326.0;3392.26;3600.15;315000.0;singleobj-opl-reprjob-LB-WS-noUB;119;setupcosts
1867;~/minizinc-executables/mzn-gurobi.sh ~/oven-scheduling-problem/solution-methods/minizinc-models/withLowerBounds/direct-batch-pos-tardiness-objective.mzn $file --time-limit 3600000 -v;../../instancesUC1withLB/mzn/119_oven_scheduling.minizinc_instance_3012-13.25.09.dzn;1;-1.0;-1;-1;-1;;;;;2968.3027;;;singleobj-mzn-gurobi-LB-noUB;119;tardiness
1868;~/minizinc-executables/mzn-gurobi.sh $file ~/oven-scheduling-problem/solution-methods/minizinc-models/withLowerBounds/direct-batch-pos-warmstart-noUB-tardiness-objective.mzn $1 -d $2 --time-limit 3600000 -v;../../instancesUC1withLB/mzn/119_oven_scheduling.minizinc_instance_3012-13.25.09.dzn ../../instancesUC1withLB/mzn/warmstart/119_warm_start_119RandomOvenSchedulingInstance-n500-k5-a5--2312-10.45.22.dzn;1;-1.0;-1;-1;-1;;;;;2945.3802;;;singleobj-mzn-gurobiWS-LB-noUB;119;tardiness
1869;~/opl-executable/opl.sh ~/oven-scheduling-problem/solution-methods/cp-optimizer-models/withLB/interval-repr-jobs-noUB-tardiness.mod $file;../../instancesUC1withLB/opl/119_oven_scheduling.cpoptimizer_instance_3012-13.25.09.dat;1;0.001396825;440;-1;1;2754.0;1223.0;440.0;498.0;3395.74;3600.15;315000.0;singleobj-opl-reprjob-LB-noUB;119;tardiness
1870;~/opl-executable/opl.sh ~/oven-scheduling-problem/solution-methods/cp-optimizer-models/withLB/interval-repr-jobs-warmstart-noUB-tardiness.mod $file;../../instancesUC1withLB/opl/warmstartDataOplDec24/119_warm_start_119RandomOvenSchedulingInstance-n500-k5-a5--2312-10.45.22.dat;1;0.0014;441;-1;1;2760.0;1284.0;441.0;500.0;3394.58;3600.15;315000.0;singleobj-opl-reprjob-LB-WS-noUB;119;tardiness
1871;~/minizinc-executables/mzn-gurobi.sh ~/oven-scheduling-problem/solution-methods/minizinc-models/withLowerBounds/direct-batch-pos-batchcount-objective.mzn $file --time-limit 3600000 -v;../../instancesUC1withLB/mzn/120_oven_scheduling.minizinc_instance_1212-10.36.45.dzn;1;-1.0;-1;-1;-1;;;;;2937.9365;;;singleobj-mzn-gurobi-LB-noUB;120;batchcount
1872;~/minizinc-executables/mzn-gurobi.sh $file ~/oven-scheduling-problem/solution-methods/minizinc-models/withLowerBounds/direct-batch-pos-warmstart-noUB-batchcount-objective.mzn $1 -d $2 --time-limit 3600000 -v;../../instancesUC1withLB/mzn/120_oven_scheduling.minizinc_instance_1212-10.36.45.dzn ../../instancesUC1withLB/mzn/warmstart/120_warm_start_120RandomOvenSchedulingInstance-n500-k5-a5--2312-11.10.45.dzn;1;-1.0;-1;-1;-1;;;;;2941.551;;;singleobj-mzn-gurobiWS-LB-noUB;120;batchcount
1873;~/opl-executable/opl.sh ~/oven-scheduling-problem/solution-methods/cp-optimizer-models/withLB/interval-repr-jobs-noUB-batchcount.mod $file;../../instancesUC1withLB/opl/120_oven_scheduling.cpoptimizer_instance_1212-10.36.44.dat;1;-1.0;-1;-1;-1;;;;;3088.17;3600.13;-1.0;singleobj-opl-reprjob-LB-noUB;120;batchcount
1874;~/opl-executable/opl.sh ~/oven-scheduling-problem/solution-methods/cp-optimizer-models/withLB/interval-repr-jobs-warmstart-noUB-batchcount.mod $file;../../instancesUC1withLB/opl/warmstartDataOplDec24/120_warm_start_120RandomOvenSchedulingInstance-n500-k5-a5--2312-11.10.45.dat;1;2.3e-06;154;-1;1;9823.0;1940.0;500.0;154.0;3098.29;3600.15;66937500.0;singleobj-opl-reprjob-LB-WS-noUB;120;batchcount
1875;~/minizinc-executables/mzn-gurobi.sh ~/oven-scheduling-problem/solution-methods/minizinc-models/withLowerBounds/direct-batch-pos-ovenruntime-objective.mzn $file --time-limit 3600000 -v;../../instancesUC1withLB/mzn/120_oven_scheduling.minizinc_instance_1212-10.36.45.dzn;1;-1.0;-1;-1;-1;;;;;2940.2658;;;singleobj-mzn-gurobi-LB-noUB;120;ovenruntime
1876;~/minizinc-executables/mzn-gurobi.sh $file ~/oven-scheduling-problem/solution-methods/minizinc-models/withLowerBounds/direct-batch-pos-warmstart-noUB-ovenruntime-objective.mzn $1 -d $2 --time-limit 3600000 -v;../../instancesUC1withLB/mzn/120_oven_scheduling.minizinc_instance_1212-10.36.45.dzn ../../instancesUC1withLB/mzn/warmstart/120_warm_start_120RandomOvenSchedulingInstance-n500-k5-a5--2312-11.10.45.dzn;1;-1.0;-1;-1;-1;;;;;2948.2236;;;singleobj-mzn-gurobiWS-LB-noUB;120;ovenruntime
1877;~/opl-executable/opl.sh ~/oven-scheduling-problem/solution-methods/cp-optimizer-models/withLB/interval-repr-jobs-noUB-ovenruntime.mod $file;../../instancesUC1withLB/opl/120_oven_scheduling.cpoptimizer_instance_1212-10.36.44.dat;1;-1.0;-1;-1;-1;;;;;3080.53;3600.13;-1.0;singleobj-opl-reprjob-LB-noUB;120;ovenruntime
1878;~/opl-executable/opl.sh ~/oven-scheduling-problem/solution-methods/cp-optimizer-models/withLB/interval-repr-jobs-warmstart-noUB-ovenruntime.mod $file;../../instancesUC1withLB/opl/warmstartDataOplDec24/120_warm_start_120RandomOvenSchedulingInstance-n500-k5-a5--2312-11.10.45.dat;1;9.58e-05;6414;-1;1;6414.0;1253.0;500.0;99.0;3094.24;3600.13;66937500.0;singleobj-opl-reprjob-LB-WS-noUB;120;ovenruntime
1879;~/minizinc-executables/mzn-gurobi.sh ~/oven-scheduling-problem/solution-methods/minizinc-models/withLowerBounds/direct-batch-pos-setupcosts-objective.mzn $file --time-limit 3600000 -v;../../instancesUC1withLB/mzn/120_oven_scheduling.minizinc_instance_1212-10.36.45.dzn;1;-1.0;-1;-1;-1;;;;;2943.5943;;;singleobj-mzn-gurobi-LB-noUB;120;setupcosts
1880;~/minizinc-executables/mzn-gurobi.sh $file ~/oven-scheduling-problem/solution-methods/minizinc-models/withLowerBounds/direct-batch-pos-warmstart-noUB-setupcosts-objective.mzn $1 -d $2 --time-limit 3600000 -v;../../instancesUC1withLB/mzn/120_oven_scheduling.minizinc_instance_1212-10.36.45.dzn ../../instancesUC1withLB/mzn/warmstart/120_warm_start_120RandomOvenSchedulingInstance-n500-k5-a5--2312-11.10.45.dzn;1;-1.0;-1;-1;-1;;;;;2902.0465;;;singleobj-mzn-gurobiWS-LB-noUB;120;setupcosts
1881;~/opl-executable/opl.sh ~/oven-scheduling-problem/solution-methods/cp-optimizer-models/withLB/interval-repr-jobs-noUB-setupcosts.mod $file;../../instancesUC1withLB/opl/120_oven_scheduling.cpoptimizer_instance_1212-10.36.44.dat;1;-1.0;-1;-1;-1;;;;;3097.9;3600.13;-1.0;singleobj-opl-reprjob-LB-noUB;120;setupcosts
1882;~/opl-executable/opl.sh ~/oven-scheduling-problem/solution-methods/cp-optimizer-models/withLB/interval-repr-jobs-warmstart-noUB-setupcosts.mod $file;../../instancesUC1withLB/opl/warmstartDataOplDec24/120_warm_start_120RandomOvenSchedulingInstance-n500-k5-a5--2312-11.10.45.dat;1;2.9e-05;1940;-1;1;9823.0;1940.0;500.0;154.0;3092.94;3600.13;66937500.0;singleobj-opl-reprjob-LB-WS-noUB;120;setupcosts
1883;~/minizinc-executables/mzn-gurobi.sh ~/oven-scheduling-problem/solution-methods/minizinc-models/withLowerBounds/direct-batch-pos-tardiness-objective.mzn $file --time-limit 3600000 -v;../../instancesUC1withLB/mzn/120_oven_scheduling.minizinc_instance_1212-10.36.45.dzn;1;-1.0;-1;-1;-1;;;;;2938.886;;;singleobj-mzn-gurobi-LB-noUB;120;tardiness
1884;~/minizinc-executables/mzn-gurobi.sh $file ~/oven-scheduling-problem/solution-methods/minizinc-models/withLowerBounds/direct-batch-pos-warmstart-noUB-tardiness-objective.mzn $1 -d $2 --time-limit 3600000 -v;../../instancesUC1withLB/mzn/120_oven_scheduling.minizinc_instance_1212-10.36.45.dzn ../../instancesUC1withLB/mzn/warmstart/120_warm_start_120RandomOvenSchedulingInstance-n500-k5-a5--2312-11.10.45.dzn;1;-1.0;-1;-1;-1;;;;;2920.6817;;;singleobj-mzn-gurobiWS-LB-noUB;120;tardiness
1885;~/opl-executable/opl.sh ~/oven-scheduling-problem/solution-methods/cp-optimizer-models/withLB/interval-repr-jobs-noUB-tardiness.mod $file;../../instancesUC1withLB/opl/120_oven_scheduling.cpoptimizer_instance_1212-10.36.44.dat;1;-1.0;-1;-1;-1;;;;;3104.15;3600.13;-1.0;singleobj-opl-reprjob-LB-noUB;120;tardiness
1886;~/opl-executable/opl.sh ~/oven-scheduling-problem/solution-methods/cp-optimizer-models/withLB/interval-repr-jobs-warmstart-noUB-tardiness.mod $file;../../instancesUC1withLB/opl/warmstartDataOplDec24/120_warm_start_120RandomOvenSchedulingInstance-n500-k5-a5--2312-11.10.45.dat;1;7.47e-06;500;1;1;9823.0;1940.0;500.0;154.0;2.53;501.12;66937500.0;singleobj-opl-reprjob-LB-WS-noUB;120;tardiness
1887;~/minizinc-executables/mzn-gurobi.sh $file ~/oven-scheduling-problem/solution-methods/minizinc-models/withLowerBounds/direct-batch-pos-ovenruntime-objective.mzn $1  --time-limit 3600000 -v;../../instancesUC1withLB/mzn/3_oven_scheduling.minizinc_instance_1001-12.36.00.dzn;1;0.5996825396825397;3778;1;1;43.0;2.0;6.0;7.0;1.7362;2.360086;6300.0;singleobj-mzn-gurobi-LB-noUB;3;ovenruntime
1888;~/minizinc-executables/mzn-gurobi.sh $file ~/oven-scheduling-problem/solution-methods/minizinc-models/withLowerBounds/direct-batch-pos-ovenruntime-objective.mzn $1  --time-limit 3600000 -v;../../instancesUC1withLB/mzn/39_oven_scheduling.minizinc_instance_1001-12.37.36.dzn;1;0.91067215007215;15777395;1;1;1079.0;289.0;23.0;18.0;448.5659;451.05878;17325000.0;singleobj-mzn-gurobi-LB-noUB;39;ovenruntime
1889;~/minizinc-executables/mzn-gurobi.sh $file ~/oven-scheduling-problem/solution-methods/minizinc-models/withLowerBounds/direct-batch-pos-ovenruntime-objective.mzn $1  --time-limit 3600000 -v;../../instancesUC1withLB/mzn/53_oven_scheduling.minizinc_instance_1001-12.38.25.dzn;1;0.948952380952381;29892;-1;1;105.0;36.0;49.0;18.0;3609.1858;3615.44966;31500.0;singleobj-mzn-gurobi-LB-noUB;53;ovenruntime
1890;~/minizinc-executables/mzn-gurobi.sh $file ~/oven-scheduling-problem/solution-methods/minizinc-models/withLowerBounds/direct-batch-pos-ovenruntime-objective.mzn $1  --time-limit 3600000 -v;../../instancesUC1withLB/mzn/5_oven_scheduling.minizinc_instance_1001-12.36.04.dzn;1;0.5901509109390882;2264232;1;1;245.0;58.0;6.0;4.0;0.9966;1.625533;3836700.0;singleobj-mzn-gurobi-LB-noUB;5;ovenruntime
1891;~/minizinc-executables/mzn-gurobi.sh $file ~/oven-scheduling-problem/solution-methods/minizinc-models/withLowerBounds/direct-batch-pos-ovenruntime-objective.mzn $1  --time-limit 3600000 -v;../../instancesUC1withLB/mzn/12_oven_scheduling.minizinc_instance_1001-12.36.19.dzn;1;0.9721904761904762;15312;1;1;21.0;12.0;10.0;4.0;0.8292;1.6582560000000002;15750.0;singleobj-mzn-gurobi-LB-noUB;12;ovenruntime
1892;~/minizinc-executables/mzn-gurobi.sh $file ~/oven-scheduling-problem/solution-methods/minizinc-models/withLowerBounds/direct-batch-pos-ovenruntime-objective.mzn $1  --time-limit 3600000 -v;../../instancesUC1withLB/mzn/13_oven_scheduling.minizinc_instance_1001-12.36.21.dzn;1;0.9705536723163842;24050320;1;1;249.0;55.0;10.0;4.0;5.8654;6.700907;24780000.0;singleobj-mzn-gurobi-LB-noUB;13;ovenruntime
1893;~/minizinc-executables/mzn-gurobi.sh $file ~/oven-scheduling-problem/solution-methods/minizinc-models/withLowerBounds/direct-batch-pos-ovenruntime-objective.mzn $1  --time-limit 3600000 -v;../../instancesUC1withLB/mzn/17_oven_scheduling.minizinc_instance_1001-12.36.29.dzn;1;0.5967558235415378;26632735;1;1;463.0;61.0;6.0;6.0;1.4129;2.342918;44629200.0;singleobj-mzn-gurobi-LB-noUB;17;ovenruntime
1894;~/minizinc-executables/mzn-gurobi.sh $file ~/oven-scheduling-problem/solution-methods/minizinc-models/withLowerBounds/direct-batch-pos-ovenruntime-objective.mzn $1  --time-limit 3600000 -v;../../instancesUC1withLB/mzn/19_oven_scheduling.minizinc_instance_1001-12.36.34.dzn;1;0.6081142857142857;63852;1;1;416.0;131.0;6.0;8.0;3.0182;3.948501;105000.0;singleobj-mzn-gurobi-LB-noUB;19;ovenruntime
1895;~/minizinc-executables/mzn-gurobi.sh $file ~/oven-scheduling-problem/solution-methods/minizinc-models/withLowerBounds/direct-batch-pos-ovenruntime-objective.mzn $1  --time-limit 3600000 -v;../../instancesUC1withLB/mzn/20_oven_scheduling.minizinc_instance_1001-12.36.36.dzn;1;0.780192673342629;2769723;1;1;207.0;53.0;8.0;5.0;6.5093;7.45294;3550050.0;singleobj-mzn-gurobi-LB-noUB;20;ovenruntime
1896;~/minizinc-executables/mzn-gurobi.sh $file ~/oven-scheduling-problem/solution-methods/minizinc-models/withLowerBounds/direct-batch-pos-ovenruntime-objective.mzn $1  --time-limit 3600000 -v;../../instancesUC1withLB/mzn/31_oven_scheduling.minizinc_instance_1001-12.37.07.dzn;1;0.8970920634920635;35323;1;1;59.0;23.0;23.0;11.0;1456.4269;1458.51328;39375.0;singleobj-mzn-gurobi-LB-noUB;31;ovenruntime
1897;~/minizinc-executables/mzn-gurobi.sh $file ~/oven-scheduling-problem/solution-methods/minizinc-models/withLowerBounds/direct-batch-pos-ovenruntime-objective.mzn $1  --time-limit 3600000 -v;../../instancesUC1withLB/mzn/35_oven_scheduling.minizinc_instance_1001-12.37.25.dzn;1;0.7723084662436404;38841227;-1;1;305.0;41.0;20.0;5.0;3608.9971;3611.20107;50292375.0;singleobj-mzn-gurobi-LB-noUB;35;ovenruntime
1898;~/minizinc-executables/mzn-gurobi.sh $file ~/oven-scheduling-problem/solution-methods/minizinc-models/withLowerBounds/direct-batch-pos-setupcosts-objective.mzn $1  --time-limit 3600000 -v;../../instancesUC1withLB/mzn/3_oven_scheduling.minizinc_instance_1001-12.36.00.dzn;1;0.6042857142857143;3807;1;1;51.0;1.0;6.0;8.0;0.6061;1.23676;6300.0;singleobj-mzn-gurobi-LB-noUB;3;setupcosts
1899;~/minizinc-executables/mzn-gurobi.sh $file ~/oven-scheduling-problem/solution-methods/minizinc-models/withLowerBounds/direct-batch-pos-setupcosts-objective.mzn $1  --time-limit 3600000 -v;../../instancesUC1withLB/mzn/39_oven_scheduling.minizinc_instance_1001-12.37.36.dzn;1;0.9554378066378066;16552960;1;1;1357.0;224.0;24.0;18.0;212.891;215.31587;17325000.0;singleobj-mzn-gurobi-LB-noUB;39;setupcosts
1900;~/minizinc-executables/mzn-gurobi.sh $file ~/oven-scheduling-problem/solution-methods/minizinc-models/withLowerBounds/direct-batch-pos-setupcosts-objective.mzn $1  --time-limit 3600000 -v;../../instancesUC1withLB/mzn/53_oven_scheduling.minizinc_instance_1001-12.38.25.dzn;1;0.978095238095238;30810;-1;1;188.0;29.0;50.0;28.0;3608.9256;3615.42001;31500.0;singleobj-mzn-gurobi-LB-noUB;53;setupcosts
1901;~/minizinc-executables/mzn-gurobi.sh $file ~/oven-scheduling-problem/solution-methods/minizinc-models/withLowerBounds/direct-batch-pos-setupcosts-objective.mzn $1  --time-limit 3600000 -v;../../instancesUC1withLB/mzn/5_oven_scheduling.minizinc_instance_1001-12.36.04.dzn;1;0.9710125889436234;3725484;1;1;245.0;56.0;10.0;4.0;0.7889;1.425423;3836700.0;singleobj-mzn-gurobi-LB-noUB;5;setupcosts
1902;~/minizinc-executables/mzn-gurobi.sh $file ~/oven-scheduling-problem/solution-methods/minizinc-models/withLowerBounds/direct-batch-pos-setupcosts-objective.mzn $1  --time-limit 3600000 -v;../../instancesUC1withLB/mzn/12_oven_scheduling.minizinc_instance_1001-12.36.19.dzn;1;0.8927619047619048;14061;1;1;43.0;9.0;9.0;6.0;0.7173;1.54902;15750.0;singleobj-mzn-gurobi-LB-noUB;12;setupcosts
1903;~/minizinc-executables/mzn-gurobi.sh $file ~/oven-scheduling-problem/solution-methods/minizinc-models/withLowerBounds/direct-batch-pos-setupcosts-objective.mzn $1  --time-limit 3600000 -v;../../instancesUC1withLB/mzn/13_oven_scheduling.minizinc_instance_1001-12.36.21.dzn;1;0.9759470540758676;24183968;1;1;352.0;22.0;10.0;4.0;0.994;1.833778;24780000.0;singleobj-mzn-gurobi-LB-noUB;13;setupcosts
1904;~/minizinc-executables/mzn-gurobi.sh $file ~/oven-scheduling-problem/solution-methods/minizinc-models/withLowerBounds/direct-batch-pos-setupcosts-objective.mzn $1  --time-limit 3600000 -v;../../instancesUC1withLB/mzn/17_oven_scheduling.minizinc_instance_1001-12.36.29.dzn;1;0.6956034838177695;31044227;1;1;552.0;41.0;7.0;7.0;23.0548;24.013316;44629200.0;singleobj-mzn-gurobi-LB-noUB;17;setupcosts
1905;~/minizinc-executables/mzn-gurobi.sh $file ~/oven-scheduling-problem/solution-methods/minizinc-models/withLowerBounds/direct-batch-pos-setupcosts-objective.mzn $1  --time-limit 3600000 -v;../../instancesUC1withLB/mzn/19_oven_scheduling.minizinc_instance_1001-12.36.34.dzn;1;0.7959238095238095;83572;1;1;416.0;61.0;8.0;8.0;116.023;116.956161;105000.0;singleobj-mzn-gurobi-LB-noUB;19;setupcosts
1906;~/minizinc-executables/mzn-gurobi.sh $file ~/oven-scheduling-problem/solution-methods/minizinc-models/withLowerBounds/direct-batch-pos-setupcosts-objective.mzn $1  --time-limit 3600000 -v;../../instancesUC1withLB/mzn/20_oven_scheduling.minizinc_instance_1001-12.36.36.dzn;1;0.7902699961972367;2805498;1;1;351.0;26.0;8.0;5.0;12.7483;13.670351;3550050.0;singleobj-mzn-gurobi-LB-noUB;20;setupcosts
1907;~/minizinc-executables/mzn-gurobi.sh $file ~/oven-scheduling-problem/solution-methods/minizinc-models/withLowerBounds/direct-batch-pos-setupcosts-objective.mzn $1  --time-limit 3600000 -v;../../instancesUC1withLB/mzn/31_oven_scheduling.minizinc_instance_1001-12.37.07.dzn;1;0.7859301587301587;30946;1;1;73.0;14.0;20.0;14.0;5.8418;7.898099999999999;39375.0;singleobj-mzn-gurobi-LB-noUB;31;setupcosts
1908;~/minizinc-executables/mzn-gurobi.sh $file ~/oven-scheduling-problem/solution-methods/minizinc-models/withLowerBounds/direct-batch-pos-setupcosts-objective.mzn $1  --time-limit 3600000 -v;../../instancesUC1withLB/mzn/35_oven_scheduling.minizinc_instance_1001-12.37.25.dzn;1;0.8524694449208254;42872713;1;1;437.0;35.0;22.0;5.0;38.2116;40.39486;50292375.0;singleobj-mzn-gurobi-LB-noUB;35;setupcosts
1909;~/minizinc-executables/mzn-gurobi.sh $file ~/oven-scheduling-problem/solution-methods/minizinc-models/withLowerBounds/direct-batch-pos-batchcount-objective.mzn $1  --time-limit 3600000 -v;../../instancesUC1withLB/mzn/3_oven_scheduling.minizinc_instance_1001-12.36.00.dzn;1;0.6026984126984127;3797;1;1;47.0;3.0;6.0;7.0;0.6445;1.247465;6300.0;singleobj-mzn-gurobi-LB-noUB;3;batchcount
1910;~/minizinc-executables/mzn-gurobi.sh $file ~/oven-scheduling-problem/solution-methods/minizinc-models/withLowerBounds/direct-batch-pos-batchcount-objective.mzn $1  --time-limit 3600000 -v;../../instancesUC1withLB/mzn/39_oven_scheduling.minizinc_instance_1001-12.37.36.dzn;1;0.9125832611832612;15810505;1;1;1156.0;275.0;23.0;18.0;199.6042;202.07857;17325000.0;singleobj-mzn-gurobi-LB-noUB;39;batchcount
1911;~/minizinc-executables/mzn-gurobi.sh $file ~/oven-scheduling-problem/solution-methods/minizinc-models/withLowerBounds/direct-batch-pos-batchcount-objective.mzn $1  --time-limit 3600000 -v;../../instancesUC1withLB/mzn/53_oven_scheduling.minizinc_instance_1001-12.38.25.dzn;1;0.9706666666666668;30576;1;1;123.0;42.0;50.0;16.0;20.9327;27.16297;31500.0;singleobj-mzn-gurobi-LB-noUB;53;batchcount
1912;~/minizinc-executables/mzn-gurobi.sh $file ~/oven-scheduling-problem/solution-methods/minizinc-models/withLowerBounds/direct-batch-pos-batchcount-objective.mzn $1  --time-limit 3600000 -v;../../instancesUC1withLB/mzn/5_oven_scheduling.minizinc_instance_1001-12.36.04.dzn;1;0.7807584643052623;2995536;1;1;247.0;58.0;8.0;4.0;0.5738;1.186649;3836700.0;singleobj-mzn-gurobi-LB-noUB;5;batchcount
1913;~/minizinc-executables/mzn-gurobi.sh $file ~/oven-scheduling-problem/solution-methods/minizinc-models/withLowerBounds/direct-batch-pos-batchcount-objective.mzn $1  --time-limit 3600000 -v;../../instancesUC1withLB/mzn/12_oven_scheduling.minizinc_instance_1001-12.36.19.dzn;1;0.976;15372;1;1;26.0;12.0;10.0;4.0;0.6974;1.515152;15750.0;singleobj-mzn-gurobi-LB-noUB;12;batchcount
1914;~/minizinc-executables/mzn-gurobi.sh $file ~/oven-scheduling-problem/solution-methods/minizinc-models/withLowerBounds/direct-batch-pos-batchcount-objective.mzn $1  --time-limit 3600000 -v;../../instancesUC1withLB/mzn/13_oven_scheduling.minizinc_instance_1001-12.36.21.dzn;1;0.974631154156578;24151360;1;1;321.0;40.0;10.0;4.0;0.7815;1.5967479999999998;24780000.0;singleobj-mzn-gurobi-LB-noUB;13;batchcount
1915;~/minizinc-executables/mzn-gurobi.sh $file ~/oven-scheduling-problem/solution-methods/minizinc-models/withLowerBounds/direct-batch-pos-batchcount-objective.mzn $1  --time-limit 3600000 -v;../../instancesUC1withLB/mzn/17_oven_scheduling.minizinc_instance_1001-12.36.29.dzn;1;0.5973907441764584;26661071;1;1;463.0;77.0;6.0;6.0;1.327;2.201703;44629200.0;singleobj-mzn-gurobi-LB-noUB;17;batchcount
1916;~/minizinc-executables/mzn-gurobi.sh $file ~/oven-scheduling-problem/solution-methods/minizinc-models/withLowerBounds/direct-batch-pos-batchcount-objective.mzn $1  --time-limit 3600000 -v;../../instancesUC1withLB/mzn/19_oven_scheduling.minizinc_instance_1001-12.36.34.dzn;1;0.9005714285714286;94560;1;1;499.0;142.0;9.0;8.0;1.0581;1.98572;105000.0;singleobj-mzn-gurobi-LB-noUB;19;batchcount
1917;~/minizinc-executables/mzn-gurobi.sh $file ~/oven-scheduling-problem/solution-methods/minizinc-models/withLowerBounds/direct-batch-pos-batchcount-objective.mzn $1  --time-limit 3600000 -v;../../instancesUC1withLB/mzn/20_oven_scheduling.minizinc_instance_1001-12.36.36.dzn;1;0.9720471542654328;3450816;1;1;221.0;60.0;10.0;5.0;1.5198;2.440792;3550050.0;singleobj-mzn-gurobi-LB-noUB;20;batchcount
1918;~/minizinc-executables/mzn-gurobi.sh $file ~/oven-scheduling-problem/solution-methods/minizinc-models/withLowerBounds/direct-batch-pos-batchcount-objective.mzn $1  --time-limit 3600000 -v;../../instancesUC1withLB/mzn/31_oven_scheduling.minizinc_instance_1001-12.37.07.dzn;1;0.8977015873015873;35347;1;1;61.0;23.0;23.0;11.0;3.2367;5.300129999999999;39375.0;singleobj-mzn-gurobi-LB-noUB;31;batchcount
1919;~/minizinc-executables/mzn-gurobi.sh $file ~/oven-scheduling-problem/solution-methods/minizinc-models/withLowerBounds/direct-batch-pos-batchcount-objective.mzn $1  --time-limit 3600000 -v;../../instancesUC1withLB/mzn/35_oven_scheduling.minizinc_instance_1001-12.37.25.dzn;1;0.8154416052135139;41010495;1;1;467.0;41.0;21.0;5.0;7.0025;9.12073;50292375.0;singleobj-mzn-gurobi-LB-noUB;35;batchcount
